ISO-10303-21;
HEADER;
/* Generated by software containing ST-Developer
 * from STEP Tools, Inc. (www.steptools.com) 
 */
/* OPTION: using custom renumber hook */

FILE_DESCRIPTION(
/* description */ ('STEP AP242 Edition 2',
'CAx-IF Rec.Pracs.---Representation and Presentation of Product Manufa
cturing Information (PMI)---4.0---2014-10-13',
'CAx-IF Rec.Pracs.---3D Tessellated Geometry---0.4---2014-09-14','2;1',
'CAx-IF Rec.Pracs.---User Defined Attributes---1.5---2016-08-15'),
/* implementation_level */ '2;1');

FILE_NAME(
/* name */ 'Telescope Mount - Telescope_V1_Mount',
/* time_stamp */ '2026-09-29T05:39:52Z',
/* author */ (''),
/* organization */ (''),
/* preprocessor_version */ 'ST-DEVELOPER v20',
/* originating_system */ 'ONSHAPE BY PTC INC, 1.221',
/* authorisation */ '  ');

FILE_SCHEMA (('AP242_MANAGED_MODEL_BASED_3D_ENGINEERING_MIM_LF { 1 0 10303 442 3 1 4 }'));
ENDSEC;

DATA;
#10=SHAPE_REPRESENTATION_RELATIONSHIP('','',#7889,#11);
#11=ADVANCED_BREP_SHAPE_REPRESENTATION('',(#7887),#14249);
#12=B_SPLINE_SURFACE_WITH_KNOTS('',3,1,((#11840,#11841),(#11842,#11843),
(#11844,#11845),(#11846,#11847)),.SURF_OF_LINEAR_EXTRUSION.,.F.,.F.,.F.,
(4,4),(2,2),(0.,1.),(0.,1.),.PIECEWISE_BEZIER_KNOTS.);
#13=B_SPLINE_SURFACE_WITH_KNOTS('',3,1,((#11857,#11858),(#11859,#11860),
(#11861,#11862),(#11863,#11864)),.SURF_OF_LINEAR_EXTRUSION.,.F.,.F.,.F.,
(4,4),(2,2),(0.,1.),(0.,1.),.PIECEWISE_BEZIER_KNOTS.);
#14=B_SPLINE_SURFACE_WITH_KNOTS('',3,1,((#11886,#11887),(#11888,#11889),
(#11890,#11891),(#11892,#11893)),.SURF_OF_LINEAR_EXTRUSION.,.F.,.F.,.F.,
(4,4),(2,2),(0.,1.),(0.,1.),.PIECEWISE_BEZIER_KNOTS.);
#15=B_SPLINE_SURFACE_WITH_KNOTS('',3,1,((#11903,#11904),(#11905,#11906),
(#11907,#11908),(#11909,#11910)),.SURF_OF_LINEAR_EXTRUSION.,.F.,.F.,.F.,
(4,4),(2,2),(0.,1.),(0.,1.),.PIECEWISE_BEZIER_KNOTS.);
#16=B_SPLINE_SURFACE_WITH_KNOTS('',3,1,((#11920,#11921),(#11922,#11923),
(#11924,#11925),(#11926,#11927)),.SURF_OF_LINEAR_EXTRUSION.,.F.,.F.,.F.,
(4,4),(2,2),(0.,1.),(0.,1.),.PIECEWISE_BEZIER_KNOTS.);
#17=B_SPLINE_SURFACE_WITH_KNOTS('',3,1,((#11935,#11936),(#11937,#11938),
(#11939,#11940),(#11941,#11942)),.SURF_OF_LINEAR_EXTRUSION.,.F.,.F.,.F.,
(4,4),(2,2),(0.,1.),(0.,1.),.PIECEWISE_BEZIER_KNOTS.);
#18=B_SPLINE_SURFACE_WITH_KNOTS('',3,1,((#11948,#11949),(#11950,#11951),
(#11952,#11953),(#11954,#11955)),.SURF_OF_LINEAR_EXTRUSION.,.F.,.F.,.F.,
(4,4),(2,2),(0.,1.),(0.,1.),.PIECEWISE_BEZIER_KNOTS.);
#19=B_SPLINE_SURFACE_WITH_KNOTS('',3,1,((#11973,#11974),(#11975,#11976),
(#11977,#11978),(#11979,#11980)),.SURF_OF_LINEAR_EXTRUSION.,.F.,.F.,.F.,
(4,4),(2,2),(0.,1.),(0.,1.),.PIECEWISE_BEZIER_KNOTS.);
#20=B_SPLINE_SURFACE_WITH_KNOTS('',3,1,((#11986,#11987),(#11988,#11989),
(#11990,#11991),(#11992,#11993)),.SURF_OF_LINEAR_EXTRUSION.,.F.,.F.,.F.,
(4,4),(2,2),(0.,1.),(0.,1.),.PIECEWISE_BEZIER_KNOTS.);
#21=B_SPLINE_SURFACE_WITH_KNOTS('',3,1,((#12007,#12008),(#12009,#12010),
(#12011,#12012),(#12013,#12014)),.SURF_OF_LINEAR_EXTRUSION.,.F.,.F.,.F.,
(4,4),(2,2),(0.,1.),(0.,1.),.PIECEWISE_BEZIER_KNOTS.);
#22=B_SPLINE_SURFACE_WITH_KNOTS('',3,1,((#12020,#12021),(#12022,#12023),
(#12024,#12025),(#12026,#12027)),.SURF_OF_LINEAR_EXTRUSION.,.F.,.F.,.F.,
(4,4),(2,2),(0.,1.),(0.,1.),.PIECEWISE_BEZIER_KNOTS.);
#23=B_SPLINE_SURFACE_WITH_KNOTS('',3,1,((#12045,#12046),(#12047,#12048),
(#12049,#12050),(#12051,#12052)),.SURF_OF_LINEAR_EXTRUSION.,.F.,.F.,.F.,
(4,4),(2,2),(0.,1.),(0.,1.),.PIECEWISE_BEZIER_KNOTS.);
#24=B_SPLINE_SURFACE_WITH_KNOTS('',3,1,((#12062,#12063),(#12064,#12065),
(#12066,#12067),(#12068,#12069)),.SURF_OF_LINEAR_EXTRUSION.,.F.,.F.,.F.,
(4,4),(2,2),(0.,1.),(0.,1.),.PIECEWISE_BEZIER_KNOTS.);
#25=B_SPLINE_SURFACE_WITH_KNOTS('',3,1,((#12075,#12076),(#12077,#12078),
(#12079,#12080),(#12081,#12082)),.SURF_OF_LINEAR_EXTRUSION.,.F.,.F.,.F.,
(4,4),(2,2),(0.,1.),(0.,1.),.PIECEWISE_BEZIER_KNOTS.);
#26=B_SPLINE_SURFACE_WITH_KNOTS('',3,1,((#12088,#12089),(#12090,#12091),
(#12092,#12093),(#12094,#12095)),.SURF_OF_LINEAR_EXTRUSION.,.F.,.F.,.F.,
(4,4),(2,2),(0.,1.),(0.,1.),.PIECEWISE_BEZIER_KNOTS.);
#27=B_SPLINE_SURFACE_WITH_KNOTS('',3,1,((#12101,#12102),(#12103,#12104),
(#12105,#12106),(#12107,#12108)),.SURF_OF_LINEAR_EXTRUSION.,.F.,.F.,.F.,
(4,4),(2,2),(0.,1.),(0.,1.),.PIECEWISE_BEZIER_KNOTS.);
#28=B_SPLINE_SURFACE_WITH_KNOTS('',3,1,((#12118,#12119),(#12120,#12121),
(#12122,#12123),(#12124,#12125)),.SURF_OF_LINEAR_EXTRUSION.,.F.,.F.,.F.,
(4,4),(2,2),(0.,1.),(0.,1.),.PIECEWISE_BEZIER_KNOTS.);
#29=B_SPLINE_SURFACE_WITH_KNOTS('',3,1,((#12137,#12138),(#12139,#12140),
(#12141,#12142),(#12143,#12144)),.SURF_OF_LINEAR_EXTRUSION.,.F.,.F.,.F.,
(4,4),(2,2),(0.,1.),(0.,1.),.PIECEWISE_BEZIER_KNOTS.);
#30=B_SPLINE_SURFACE_WITH_KNOTS('',3,1,((#12172,#12173),(#12174,#12175),
(#12176,#12177),(#12178,#12179)),.SURF_OF_LINEAR_EXTRUSION.,.F.,.F.,.F.,
(4,4),(2,2),(0.,1.),(0.,1.),.PIECEWISE_BEZIER_KNOTS.);
#31=B_SPLINE_SURFACE_WITH_KNOTS('',3,1,((#12185,#12186),(#12187,#12188),
(#12189,#12190),(#12191,#12192)),.SURF_OF_LINEAR_EXTRUSION.,.F.,.F.,.F.,
(4,4),(2,2),(0.,1.),(0.,1.),.PIECEWISE_BEZIER_KNOTS.);
#32=B_SPLINE_SURFACE_WITH_KNOTS('',3,1,((#12242,#12243),(#12244,#12245),
(#12246,#12247),(#12248,#12249)),.SURF_OF_LINEAR_EXTRUSION.,.F.,.F.,.F.,
(4,4),(2,2),(0.,1.),(0.,1.),.PIECEWISE_BEZIER_KNOTS.);
#33=B_SPLINE_SURFACE_WITH_KNOTS('',3,1,((#12255,#12256),(#12257,#12258),
(#12259,#12260),(#12261,#12262)),.SURF_OF_LINEAR_EXTRUSION.,.F.,.F.,.F.,
(4,4),(2,2),(0.,1.),(0.,1.),.PIECEWISE_BEZIER_KNOTS.);
#34=B_SPLINE_SURFACE_WITH_KNOTS('',3,1,((#12281,#12282),(#12283,#12284),
(#12285,#12286),(#12287,#12288)),.SURF_OF_LINEAR_EXTRUSION.,.F.,.F.,.F.,
(4,4),(2,2),(0.,1.),(0.,1.),.PIECEWISE_BEZIER_KNOTS.);
#35=B_SPLINE_SURFACE_WITH_KNOTS('',3,1,((#12318,#12319),(#12320,#12321),
(#12322,#12323),(#12324,#12325)),.SURF_OF_LINEAR_EXTRUSION.,.F.,.F.,.F.,
(4,4),(2,2),(0.,1.),(0.,1.),.PIECEWISE_BEZIER_KNOTS.);
#36=B_SPLINE_SURFACE_WITH_KNOTS('',3,1,((#12331,#12332),(#12333,#12334),
(#12335,#12336),(#12337,#12338)),.SURF_OF_LINEAR_EXTRUSION.,.F.,.F.,.F.,
(4,4),(2,2),(0.,1.),(0.,1.),.PIECEWISE_BEZIER_KNOTS.);
#37=B_SPLINE_SURFACE_WITH_KNOTS('',3,1,((#12351,#12352),(#12353,#12354),
(#12355,#12356),(#12357,#12358)),.SURF_OF_LINEAR_EXTRUSION.,.F.,.F.,.F.,
(4,4),(2,2),(0.,1.),(0.,1.),.PIECEWISE_BEZIER_KNOTS.);
#38=B_SPLINE_SURFACE_WITH_KNOTS('',3,1,((#12366,#12367),(#12368,#12369),
(#12370,#12371),(#12372,#12373)),.SURF_OF_LINEAR_EXTRUSION.,.F.,.F.,.F.,
(4,4),(2,2),(0.,1.),(0.,1.),.PIECEWISE_BEZIER_KNOTS.);
#39=B_SPLINE_SURFACE_WITH_KNOTS('',3,1,((#12383,#12384),(#12385,#12386),
(#12387,#12388),(#12389,#12390)),.SURF_OF_LINEAR_EXTRUSION.,.F.,.F.,.F.,
(4,4),(2,2),(0.,1.),(0.,1.),.PIECEWISE_BEZIER_KNOTS.);
#40=B_SPLINE_SURFACE_WITH_KNOTS('',3,1,((#12396,#12397),(#12398,#12399),
(#12400,#12401),(#12402,#12403)),.SURF_OF_LINEAR_EXTRUSION.,.F.,.F.,.F.,
(4,4),(2,2),(0.,1.),(0.,1.),.PIECEWISE_BEZIER_KNOTS.);
#41=B_SPLINE_SURFACE_WITH_KNOTS('',3,1,((#12417,#12418),(#12419,#12420),
(#12421,#12422),(#12423,#12424)),.SURF_OF_LINEAR_EXTRUSION.,.F.,.F.,.F.,
(4,4),(2,2),(0.,1.),(0.,1.),.PIECEWISE_BEZIER_KNOTS.);
#42=B_SPLINE_SURFACE_WITH_KNOTS('',3,1,((#12430,#12431),(#12432,#12433),
(#12434,#12435),(#12436,#12437)),.SURF_OF_LINEAR_EXTRUSION.,.F.,.F.,.F.,
(4,4),(2,2),(0.,1.),(0.,1.),.PIECEWISE_BEZIER_KNOTS.);
#43=B_SPLINE_SURFACE_WITH_KNOTS('',3,1,((#12443,#12444),(#12445,#12446),
(#12447,#12448),(#12449,#12450)),.SURF_OF_LINEAR_EXTRUSION.,.F.,.F.,.F.,
(4,4),(2,2),(0.,1.),(0.,1.),.PIECEWISE_BEZIER_KNOTS.);
#44=B_SPLINE_SURFACE_WITH_KNOTS('',3,1,((#12456,#12457),(#12458,#12459),
(#12460,#12461),(#12462,#12463)),.SURF_OF_LINEAR_EXTRUSION.,.F.,.F.,.F.,
(4,4),(2,2),(0.,1.),(0.,1.),.PIECEWISE_BEZIER_KNOTS.);
#45=B_SPLINE_SURFACE_WITH_KNOTS('',3,1,((#12469,#12470),(#12471,#12472),
(#12473,#12474),(#12475,#12476)),.SURF_OF_LINEAR_EXTRUSION.,.F.,.F.,.F.,
(4,4),(2,2),(0.,1.),(0.,1.),.PIECEWISE_BEZIER_KNOTS.);
#46=B_SPLINE_SURFACE_WITH_KNOTS('',3,1,((#12482,#12483),(#12484,#12485),
(#12486,#12487),(#12488,#12489)),.SURF_OF_LINEAR_EXTRUSION.,.F.,.F.,.F.,
(4,4),(2,2),(0.,1.),(0.,1.),.PIECEWISE_BEZIER_KNOTS.);
#47=B_SPLINE_SURFACE_WITH_KNOTS('',3,1,((#12511,#12512),(#12513,#12514),
(#12515,#12516),(#12517,#12518)),.SURF_OF_LINEAR_EXTRUSION.,.F.,.F.,.F.,
(4,4),(2,2),(0.,1.),(0.,1.),.PIECEWISE_BEZIER_KNOTS.);
#48=B_SPLINE_SURFACE_WITH_KNOTS('',3,1,((#12524,#12525),(#12526,#12527),
(#12528,#12529),(#12530,#12531)),.SURF_OF_LINEAR_EXTRUSION.,.F.,.F.,.F.,
(4,4),(2,2),(0.,1.),(0.,1.),.PIECEWISE_BEZIER_KNOTS.);
#49=B_SPLINE_SURFACE_WITH_KNOTS('',3,1,((#12537,#12538),(#12539,#12540),
(#12541,#12542),(#12543,#12544)),.SURF_OF_LINEAR_EXTRUSION.,.F.,.F.,.F.,
(4,4),(2,2),(0.,1.),(0.,1.),.PIECEWISE_BEZIER_KNOTS.);
#50=B_SPLINE_SURFACE_WITH_KNOTS('',3,1,((#12550,#12551),(#12552,#12553),
(#12554,#12555),(#12556,#12557)),.SURF_OF_LINEAR_EXTRUSION.,.F.,.F.,.F.,
(4,4),(2,2),(0.,1.),(0.,1.),.PIECEWISE_BEZIER_KNOTS.);
#51=B_SPLINE_SURFACE_WITH_KNOTS('',3,1,((#12563,#12564),(#12565,#12566),
(#12567,#12568),(#12569,#12570)),.SURF_OF_LINEAR_EXTRUSION.,.F.,.F.,.F.,
(4,4),(2,2),(0.,1.),(0.,1.),.PIECEWISE_BEZIER_KNOTS.);
#52=B_SPLINE_SURFACE_WITH_KNOTS('',3,1,((#12584,#12585),(#12586,#12587),
(#12588,#12589),(#12590,#12591)),.SURF_OF_LINEAR_EXTRUSION.,.F.,.F.,.F.,
(4,4),(2,2),(0.,1.),(0.,1.),.PIECEWISE_BEZIER_KNOTS.);
#53=B_SPLINE_SURFACE_WITH_KNOTS('',3,1,((#12597,#12598),(#12599,#12600),
(#12601,#12602),(#12603,#12604)),.SURF_OF_LINEAR_EXTRUSION.,.F.,.F.,.F.,
(4,4),(2,2),(0.,1.),(0.,1.),.PIECEWISE_BEZIER_KNOTS.);
#54=B_SPLINE_SURFACE_WITH_KNOTS('',3,1,((#12614,#12615),(#12616,#12617),
(#12618,#12619),(#12620,#12621)),.SURF_OF_LINEAR_EXTRUSION.,.F.,.F.,.F.,
(4,4),(2,2),(0.,1.),(0.,1.),.PIECEWISE_BEZIER_KNOTS.);
#55=B_SPLINE_SURFACE_WITH_KNOTS('',3,1,((#12631,#12632),(#12633,#12634),
(#12635,#12636),(#12637,#12638)),.SURF_OF_LINEAR_EXTRUSION.,.F.,.F.,.F.,
(4,4),(2,2),(0.,1.),(0.,1.),.PIECEWISE_BEZIER_KNOTS.);
#56=B_SPLINE_SURFACE_WITH_KNOTS('',3,1,((#12644,#12645),(#12646,#12647),
(#12648,#12649),(#12650,#12651)),.SURF_OF_LINEAR_EXTRUSION.,.F.,.F.,.F.,
(4,4),(2,2),(0.,1.),(0.,1.),.PIECEWISE_BEZIER_KNOTS.);
#57=B_SPLINE_SURFACE_WITH_KNOTS('',3,1,((#12661,#12662),(#12663,#12664),
(#12665,#12666),(#12667,#12668)),.SURF_OF_LINEAR_EXTRUSION.,.F.,.F.,.F.,
(4,4),(2,2),(0.,1.),(0.,1.),.PIECEWISE_BEZIER_KNOTS.);
#58=B_SPLINE_SURFACE_WITH_KNOTS('',3,1,((#12674,#12675),(#12676,#12677),
(#12678,#12679),(#12680,#12681)),.SURF_OF_LINEAR_EXTRUSION.,.F.,.F.,.F.,
(4,4),(2,2),(0.,1.),(0.,1.),.PIECEWISE_BEZIER_KNOTS.);
#59=B_SPLINE_SURFACE_WITH_KNOTS('',3,1,((#12704,#12705),(#12706,#12707),
(#12708,#12709),(#12710,#12711)),.SURF_OF_LINEAR_EXTRUSION.,.F.,.F.,.F.,
(4,4),(2,2),(0.,1.),(0.,1.),.PIECEWISE_BEZIER_KNOTS.);
#60=B_SPLINE_SURFACE_WITH_KNOTS('',3,1,((#12717,#12718),(#12719,#12720),
(#12721,#12722),(#12723,#12724)),.SURF_OF_LINEAR_EXTRUSION.,.F.,.F.,.F.,
(4,4),(2,2),(0.,1.),(0.,1.),.PIECEWISE_BEZIER_KNOTS.);
#61=B_SPLINE_SURFACE_WITH_KNOTS('',3,1,((#12730,#12731),(#12732,#12733),
(#12734,#12735),(#12736,#12737)),.SURF_OF_LINEAR_EXTRUSION.,.F.,.F.,.F.,
(4,4),(2,2),(0.,1.),(0.,1.),.PIECEWISE_BEZIER_KNOTS.);
#62=B_SPLINE_SURFACE_WITH_KNOTS('',3,1,((#12755,#12756),(#12757,#12758),
(#12759,#12760),(#12761,#12762)),.SURF_OF_LINEAR_EXTRUSION.,.F.,.F.,.F.,
(4,4),(2,2),(0.,1.),(0.,1.),.PIECEWISE_BEZIER_KNOTS.);
#63=B_SPLINE_SURFACE_WITH_KNOTS('',3,1,((#12768,#12769),(#12770,#12771),
(#12772,#12773),(#12774,#12775)),.SURF_OF_LINEAR_EXTRUSION.,.F.,.F.,.F.,
(4,4),(2,2),(0.,1.),(0.,1.),.PIECEWISE_BEZIER_KNOTS.);
#64=B_SPLINE_SURFACE_WITH_KNOTS('',3,1,((#12781,#12782),(#12783,#12784),
(#12785,#12786),(#12787,#12788)),.SURF_OF_LINEAR_EXTRUSION.,.F.,.F.,.F.,
(4,4),(2,2),(0.,1.),(0.,1.),.PIECEWISE_BEZIER_KNOTS.);
#65=B_SPLINE_SURFACE_WITH_KNOTS('',3,1,((#12798,#12799),(#12800,#12801),
(#12802,#12803),(#12804,#12805)),.SURF_OF_LINEAR_EXTRUSION.,.F.,.F.,.F.,
(4,4),(2,2),(0.,1.),(0.,1.),.PIECEWISE_BEZIER_KNOTS.);
#66=B_SPLINE_SURFACE_WITH_KNOTS('',3,1,((#12833,#12834),(#12835,#12836),
(#12837,#12838),(#12839,#12840)),.SURF_OF_LINEAR_EXTRUSION.,.F.,.F.,.F.,
(4,4),(2,2),(0.,1.),(0.,1.),.PIECEWISE_BEZIER_KNOTS.);
#67=B_SPLINE_SURFACE_WITH_KNOTS('',3,1,((#12850,#12851),(#12852,#12853),
(#12854,#12855),(#12856,#12857)),.SURF_OF_LINEAR_EXTRUSION.,.F.,.F.,.F.,
(4,4),(2,2),(0.,1.),(0.,1.),.PIECEWISE_BEZIER_KNOTS.);
#68=B_SPLINE_SURFACE_WITH_KNOTS('',3,1,((#12879,#12880),(#12881,#12882),
(#12883,#12884),(#12885,#12886)),.SURF_OF_LINEAR_EXTRUSION.,.F.,.F.,.F.,
(4,4),(2,2),(0.,1.),(0.,1.),.PIECEWISE_BEZIER_KNOTS.);
#69=B_SPLINE_SURFACE_WITH_KNOTS('',3,1,((#12896,#12897),(#12898,#12899),
(#12900,#12901),(#12902,#12903)),.SURF_OF_LINEAR_EXTRUSION.,.F.,.F.,.F.,
(4,4),(2,2),(0.,1.),(0.,1.),.PIECEWISE_BEZIER_KNOTS.);
#70=B_SPLINE_SURFACE_WITH_KNOTS('',3,1,((#12913,#12914),(#12915,#12916),
(#12917,#12918),(#12919,#12920)),.SURF_OF_LINEAR_EXTRUSION.,.F.,.F.,.F.,
(4,4),(2,2),(0.,1.),(0.,1.),.PIECEWISE_BEZIER_KNOTS.);
#71=B_SPLINE_SURFACE_WITH_KNOTS('',3,1,((#12928,#12929),(#12930,#12931),
(#12932,#12933),(#12934,#12935)),.SURF_OF_LINEAR_EXTRUSION.,.F.,.F.,.F.,
(4,4),(2,2),(0.,1.),(0.,1.),.PIECEWISE_BEZIER_KNOTS.);
#72=B_SPLINE_SURFACE_WITH_KNOTS('',3,1,((#12941,#12942),(#12943,#12944),
(#12945,#12946),(#12947,#12948)),.SURF_OF_LINEAR_EXTRUSION.,.F.,.F.,.F.,
(4,4),(2,2),(0.,1.),(0.,1.),.PIECEWISE_BEZIER_KNOTS.);
#73=B_SPLINE_SURFACE_WITH_KNOTS('',3,1,((#12966,#12967),(#12968,#12969),
(#12970,#12971),(#12972,#12973)),.SURF_OF_LINEAR_EXTRUSION.,.F.,.F.,.F.,
(4,4),(2,2),(0.,1.),(0.,1.),.PIECEWISE_BEZIER_KNOTS.);
#74=B_SPLINE_SURFACE_WITH_KNOTS('',3,1,((#12979,#12980),(#12981,#12982),
(#12983,#12984),(#12985,#12986)),.SURF_OF_LINEAR_EXTRUSION.,.F.,.F.,.F.,
(4,4),(2,2),(0.,1.),(0.,1.),.PIECEWISE_BEZIER_KNOTS.);
#75=B_SPLINE_SURFACE_WITH_KNOTS('',3,1,((#13000,#13001),(#13002,#13003),
(#13004,#13005),(#13006,#13007)),.SURF_OF_LINEAR_EXTRUSION.,.F.,.F.,.F.,
(4,4),(2,2),(0.,1.),(0.,1.),.PIECEWISE_BEZIER_KNOTS.);
#76=B_SPLINE_SURFACE_WITH_KNOTS('',3,1,((#13013,#13014),(#13015,#13016),
(#13017,#13018),(#13019,#13020)),.SURF_OF_LINEAR_EXTRUSION.,.F.,.F.,.F.,
(4,4),(2,2),(0.,1.),(0.,1.),.PIECEWISE_BEZIER_KNOTS.);
#77=B_SPLINE_SURFACE_WITH_KNOTS('',3,1,((#13038,#13039),(#13040,#13041),
(#13042,#13043),(#13044,#13045)),.SURF_OF_LINEAR_EXTRUSION.,.F.,.F.,.F.,
(4,4),(2,2),(0.,1.),(0.,1.),.PIECEWISE_BEZIER_KNOTS.);
#78=B_SPLINE_SURFACE_WITH_KNOTS('',3,1,((#13055,#13056),(#13057,#13058),
(#13059,#13060),(#13061,#13062)),.SURF_OF_LINEAR_EXTRUSION.,.F.,.F.,.F.,
(4,4),(2,2),(0.,1.),(0.,1.),.PIECEWISE_BEZIER_KNOTS.);
#79=B_SPLINE_SURFACE_WITH_KNOTS('',3,1,((#13068,#13069),(#13070,#13071),
(#13072,#13073),(#13074,#13075)),.SURF_OF_LINEAR_EXTRUSION.,.F.,.F.,.F.,
(4,4),(2,2),(0.,1.),(0.,1.),.PIECEWISE_BEZIER_KNOTS.);
#80=B_SPLINE_SURFACE_WITH_KNOTS('',3,1,((#13081,#13082),(#13083,#13084),
(#13085,#13086),(#13087,#13088)),.SURF_OF_LINEAR_EXTRUSION.,.F.,.F.,.F.,
(4,4),(2,2),(0.,1.),(0.,1.),.PIECEWISE_BEZIER_KNOTS.);
#81=B_SPLINE_SURFACE_WITH_KNOTS('',3,1,((#13094,#13095),(#13096,#13097),
(#13098,#13099),(#13100,#13101)),.SURF_OF_LINEAR_EXTRUSION.,.F.,.F.,.F.,
(4,4),(2,2),(0.,1.),(0.,1.),.PIECEWISE_BEZIER_KNOTS.);
#82=B_SPLINE_SURFACE_WITH_KNOTS('',3,1,((#13111,#13112),(#13113,#13114),
(#13115,#13116),(#13117,#13118)),.SURF_OF_LINEAR_EXTRUSION.,.F.,.F.,.F.,
(4,4),(2,2),(0.,1.),(0.,1.),.PIECEWISE_BEZIER_KNOTS.);
#83=B_SPLINE_SURFACE_WITH_KNOTS('',3,1,((#13130,#13131),(#13132,#13133),
(#13134,#13135),(#13136,#13137)),.SURF_OF_LINEAR_EXTRUSION.,.F.,.F.,.F.,
(4,4),(2,2),(0.,1.),(0.,1.),.PIECEWISE_BEZIER_KNOTS.);
#84=B_SPLINE_SURFACE_WITH_KNOTS('',3,1,((#13150,#13151),(#13152,#13153),
(#13154,#13155),(#13156,#13157)),.SURF_OF_LINEAR_EXTRUSION.,.F.,.F.,.F.,
(4,4),(2,2),(0.,1.),(0.,1.),.PIECEWISE_BEZIER_KNOTS.);
#85=B_SPLINE_SURFACE_WITH_KNOTS('',3,1,((#13167,#13168),(#13169,#13170),
(#13171,#13172),(#13173,#13174)),.SURF_OF_LINEAR_EXTRUSION.,.F.,.F.,.F.,
(4,4),(2,2),(0.,1.),(0.,1.),.PIECEWISE_BEZIER_KNOTS.);
#86=B_SPLINE_SURFACE_WITH_KNOTS('',3,1,((#13184,#13185),(#13186,#13187),
(#13188,#13189),(#13190,#13191)),.SURF_OF_LINEAR_EXTRUSION.,.F.,.F.,.F.,
(4,4),(2,2),(0.,1.),(0.,1.),.PIECEWISE_BEZIER_KNOTS.);
#87=B_SPLINE_SURFACE_WITH_KNOTS('',3,1,((#13207,#13208),(#13209,#13210),
(#13211,#13212),(#13213,#13214)),.SURF_OF_LINEAR_EXTRUSION.,.F.,.F.,.F.,
(4,4),(2,2),(0.,1.),(0.,1.),.PIECEWISE_BEZIER_KNOTS.);
#88=B_SPLINE_SURFACE_WITH_KNOTS('',3,1,((#13224,#13225),(#13226,#13227),
(#13228,#13229),(#13230,#13231)),.SURF_OF_LINEAR_EXTRUSION.,.F.,.F.,.F.,
(4,4),(2,2),(0.,1.),(0.,1.),.PIECEWISE_BEZIER_KNOTS.);
#89=B_SPLINE_SURFACE_WITH_KNOTS('',3,1,((#13241,#13242),(#13243,#13244),
(#13245,#13246),(#13247,#13248)),.SURF_OF_LINEAR_EXTRUSION.,.F.,.F.,.F.,
(4,4),(2,2),(0.,1.),(0.,1.),.PIECEWISE_BEZIER_KNOTS.);
#90=B_SPLINE_SURFACE_WITH_KNOTS('',3,1,((#13258,#13259),(#13260,#13261),
(#13262,#13263),(#13264,#13265)),.SURF_OF_LINEAR_EXTRUSION.,.F.,.F.,.F.,
(4,4),(2,2),(0.,1.),(0.,1.),.PIECEWISE_BEZIER_KNOTS.);
#91=B_SPLINE_SURFACE_WITH_KNOTS('',3,1,((#13275,#13276),(#13277,#13278),
(#13279,#13280),(#13281,#13282)),.SURF_OF_LINEAR_EXTRUSION.,.F.,.F.,.F.,
(4,4),(2,2),(0.,1.),(0.,1.),.PIECEWISE_BEZIER_KNOTS.);
#92=B_SPLINE_SURFACE_WITH_KNOTS('',3,1,((#13310,#13311),(#13312,#13313),
(#13314,#13315),(#13316,#13317)),.SURF_OF_LINEAR_EXTRUSION.,.F.,.F.,.F.,
(4,4),(2,2),(0.,1.),(0.,1.),.PIECEWISE_BEZIER_KNOTS.);
#93=B_SPLINE_SURFACE_WITH_KNOTS('',3,1,((#13325,#13326),(#13327,#13328),
(#13329,#13330),(#13331,#13332)),.SURF_OF_LINEAR_EXTRUSION.,.F.,.F.,.F.,
(4,4),(2,2),(0.,1.),(0.,1.),.PIECEWISE_BEZIER_KNOTS.);
#94=B_SPLINE_SURFACE_WITH_KNOTS('',3,1,((#13342,#13343),(#13344,#13345),
(#13346,#13347),(#13348,#13349)),.SURF_OF_LINEAR_EXTRUSION.,.F.,.F.,.F.,
(4,4),(2,2),(0.,1.),(0.,1.),.PIECEWISE_BEZIER_KNOTS.);
#95=B_SPLINE_SURFACE_WITH_KNOTS('',3,1,((#13359,#13360),(#13361,#13362),
(#13363,#13364),(#13365,#13366)),.SURF_OF_LINEAR_EXTRUSION.,.F.,.F.,.F.,
(4,4),(2,2),(0.,1.),(0.,1.),.PIECEWISE_BEZIER_KNOTS.);
#96=B_SPLINE_SURFACE_WITH_KNOTS('',3,1,((#13376,#13377),(#13378,#13379),
(#13380,#13381),(#13382,#13383)),.SURF_OF_LINEAR_EXTRUSION.,.F.,.F.,.F.,
(4,4),(2,2),(0.,1.),(0.,1.),.PIECEWISE_BEZIER_KNOTS.);
#97=B_SPLINE_SURFACE_WITH_KNOTS('',3,1,((#13389,#13390),(#13391,#13392),
(#13393,#13394),(#13395,#13396)),.SURF_OF_LINEAR_EXTRUSION.,.F.,.F.,.F.,
(4,4),(2,2),(0.,1.),(0.,1.),.PIECEWISE_BEZIER_KNOTS.);
#98=B_SPLINE_SURFACE_WITH_KNOTS('',3,1,((#13402,#13403),(#13404,#13405),
(#13406,#13407),(#13408,#13409)),.SURF_OF_LINEAR_EXTRUSION.,.F.,.F.,.F.,
(4,4),(2,2),(0.,1.),(0.,1.),.PIECEWISE_BEZIER_KNOTS.);
#99=B_SPLINE_SURFACE_WITH_KNOTS('',3,1,((#13415,#13416),(#13417,#13418),
(#13419,#13420),(#13421,#13422)),.SURF_OF_LINEAR_EXTRUSION.,.F.,.F.,.F.,
(4,4),(2,2),(0.,1.),(0.,1.),.PIECEWISE_BEZIER_KNOTS.);
#100=B_SPLINE_SURFACE_WITH_KNOTS('',3,1,((#13432,#13433),(#13434,#13435),
(#13436,#13437),(#13438,#13439)),.SURF_OF_LINEAR_EXTRUSION.,.F.,.F.,.F.,
(4,4),(2,2),(0.,1.),(0.,1.),.PIECEWISE_BEZIER_KNOTS.);
#101=B_SPLINE_SURFACE_WITH_KNOTS('',3,1,((#13445,#13446),(#13447,#13448),
(#13449,#13450),(#13451,#13452)),.SURF_OF_LINEAR_EXTRUSION.,.F.,.F.,.F.,
(4,4),(2,2),(0.,1.),(0.,1.),.PIECEWISE_BEZIER_KNOTS.);
#102=B_SPLINE_SURFACE_WITH_KNOTS('',3,1,((#13456,#13457),(#13458,#13459),
(#13460,#13461),(#13462,#13463)),.SURF_OF_LINEAR_EXTRUSION.,.F.,.F.,.F.,
(4,4),(2,2),(0.,1.),(0.,1.),.PIECEWISE_BEZIER_KNOTS.);
#103=B_SPLINE_SURFACE_WITH_KNOTS('',3,1,((#13471,#13472),(#13473,#13474),
(#13475,#13476),(#13477,#13478)),.SURF_OF_LINEAR_EXTRUSION.,.F.,.F.,.F.,
(4,4),(2,2),(0.,1.),(0.,1.),.PIECEWISE_BEZIER_KNOTS.);
#104=B_SPLINE_SURFACE_WITH_KNOTS('',3,1,((#13491,#13492),(#13493,#13494),
(#13495,#13496),(#13497,#13498)),.SURF_OF_LINEAR_EXTRUSION.,.F.,.F.,.F.,
(4,4),(2,2),(0.,1.),(0.,1.),.PIECEWISE_BEZIER_KNOTS.);
#105=B_SPLINE_SURFACE_WITH_KNOTS('',3,1,((#13508,#13509),(#13510,#13511),
(#13512,#13513),(#13514,#13515)),.SURF_OF_LINEAR_EXTRUSION.,.F.,.F.,.F.,
(4,4),(2,2),(0.,1.),(0.,1.),.PIECEWISE_BEZIER_KNOTS.);
#106=B_SPLINE_SURFACE_WITH_KNOTS('',3,1,((#13525,#13526),(#13527,#13528),
(#13529,#13530),(#13531,#13532)),.SURF_OF_LINEAR_EXTRUSION.,.F.,.F.,.F.,
(4,4),(2,2),(0.,1.),(0.,1.),.PIECEWISE_BEZIER_KNOTS.);
#107=B_SPLINE_SURFACE_WITH_KNOTS('',3,1,((#13548,#13549),(#13550,#13551),
(#13552,#13553),(#13554,#13555)),.SURF_OF_LINEAR_EXTRUSION.,.F.,.F.,.F.,
(4,4),(2,2),(0.,1.),(0.,1.),.PIECEWISE_BEZIER_KNOTS.);
#108=B_SPLINE_SURFACE_WITH_KNOTS('',3,1,((#13565,#13566),(#13567,#13568),
(#13569,#13570),(#13571,#13572)),.SURF_OF_LINEAR_EXTRUSION.,.F.,.F.,.F.,
(4,4),(2,2),(0.,1.),(0.,1.),.PIECEWISE_BEZIER_KNOTS.);
#109=B_SPLINE_SURFACE_WITH_KNOTS('',3,1,((#13582,#13583),(#13584,#13585),
(#13586,#13587),(#13588,#13589)),.SURF_OF_LINEAR_EXTRUSION.,.F.,.F.,.F.,
(4,4),(2,2),(0.,1.),(0.,1.),.PIECEWISE_BEZIER_KNOTS.);
#110=B_SPLINE_SURFACE_WITH_KNOTS('',3,1,((#13599,#13600),(#13601,#13602),
(#13603,#13604),(#13605,#13606)),.SURF_OF_LINEAR_EXTRUSION.,.F.,.F.,.F.,
(4,4),(2,2),(0.,1.),(0.,1.),.PIECEWISE_BEZIER_KNOTS.);
#111=B_SPLINE_SURFACE_WITH_KNOTS('',3,1,((#13616,#13617),(#13618,#13619),
(#13620,#13621),(#13622,#13623)),.SURF_OF_LINEAR_EXTRUSION.,.F.,.F.,.F.,
(4,4),(2,2),(0.,1.),(0.,1.),.PIECEWISE_BEZIER_KNOTS.);
#112=B_SPLINE_SURFACE_WITH_KNOTS('',3,1,((#13651,#13652),(#13653,#13654),
(#13655,#13656),(#13657,#13658)),.SURF_OF_LINEAR_EXTRUSION.,.F.,.F.,.F.,
(4,4),(2,2),(0.,1.),(0.,1.),.PIECEWISE_BEZIER_KNOTS.);
#113=B_SPLINE_SURFACE_WITH_KNOTS('',3,1,((#13666,#13667),(#13668,#13669),
(#13670,#13671),(#13672,#13673)),.SURF_OF_LINEAR_EXTRUSION.,.F.,.F.,.F.,
(4,4),(2,2),(0.,1.),(0.,1.),.PIECEWISE_BEZIER_KNOTS.);
#114=B_SPLINE_SURFACE_WITH_KNOTS('',3,1,((#13683,#13684),(#13685,#13686),
(#13687,#13688),(#13689,#13690)),.SURF_OF_LINEAR_EXTRUSION.,.F.,.F.,.F.,
(4,4),(2,2),(0.,1.),(0.,1.),.PIECEWISE_BEZIER_KNOTS.);
#115=B_SPLINE_SURFACE_WITH_KNOTS('',3,1,((#13700,#13701),(#13702,#13703),
(#13704,#13705),(#13706,#13707)),.SURF_OF_LINEAR_EXTRUSION.,.F.,.F.,.F.,
(4,4),(2,2),(0.,1.),(0.,1.),.PIECEWISE_BEZIER_KNOTS.);
#116=B_SPLINE_SURFACE_WITH_KNOTS('',3,1,((#13717,#13718),(#13719,#13720),
(#13721,#13722),(#13723,#13724)),.SURF_OF_LINEAR_EXTRUSION.,.F.,.F.,.F.,
(4,4),(2,2),(0.,1.),(0.,1.),.PIECEWISE_BEZIER_KNOTS.);
#117=B_SPLINE_SURFACE_WITH_KNOTS('',3,1,((#13730,#13731),(#13732,#13733),
(#13734,#13735),(#13736,#13737)),.SURF_OF_LINEAR_EXTRUSION.,.F.,.F.,.F.,
(4,4),(2,2),(0.,1.),(0.,1.),.PIECEWISE_BEZIER_KNOTS.);
#118=B_SPLINE_SURFACE_WITH_KNOTS('',3,1,((#13743,#13744),(#13745,#13746),
(#13747,#13748),(#13749,#13750)),.SURF_OF_LINEAR_EXTRUSION.,.F.,.F.,.F.,
(4,4),(2,2),(0.,1.),(0.,1.),.PIECEWISE_BEZIER_KNOTS.);
#119=B_SPLINE_SURFACE_WITH_KNOTS('',3,1,((#13756,#13757),(#13758,#13759),
(#13760,#13761),(#13762,#13763)),.SURF_OF_LINEAR_EXTRUSION.,.F.,.F.,.F.,
(4,4),(2,2),(0.,1.),(0.,1.),.PIECEWISE_BEZIER_KNOTS.);
#120=B_SPLINE_SURFACE_WITH_KNOTS('',3,1,((#13773,#13774),(#13775,#13776),
(#13777,#13778),(#13779,#13780)),.SURF_OF_LINEAR_EXTRUSION.,.F.,.F.,.F.,
(4,4),(2,2),(0.,1.),(0.,1.),.PIECEWISE_BEZIER_KNOTS.);
#121=B_SPLINE_SURFACE_WITH_KNOTS('',3,1,((#13786,#13787),(#13788,#13789),
(#13790,#13791),(#13792,#13793)),.SURF_OF_LINEAR_EXTRUSION.,.F.,.F.,.F.,
(4,4),(2,2),(0.,1.),(0.,1.),.PIECEWISE_BEZIER_KNOTS.);
#122=B_SPLINE_SURFACE_WITH_KNOTS('',3,1,((#13797,#13798),(#13799,#13800),
(#13801,#13802),(#13803,#13804)),.SURF_OF_LINEAR_EXTRUSION.,.F.,.F.,.F.,
(4,4),(2,2),(0.,1.),(0.,1.),.PIECEWISE_BEZIER_KNOTS.);
#123=B_SPLINE_SURFACE_WITH_KNOTS('',3,1,((#13812,#13813),(#13814,#13815),
(#13816,#13817),(#13818,#13819)),.SURF_OF_LINEAR_EXTRUSION.,.F.,.F.,.F.,
(4,4),(2,2),(0.,1.),(0.,1.),.PIECEWISE_BEZIER_KNOTS.);
#124=B_SPLINE_SURFACE_WITH_KNOTS('',3,1,((#13835,#13836),(#13837,#13838),
(#13839,#13840),(#13841,#13842)),.SURF_OF_LINEAR_EXTRUSION.,.F.,.F.,.F.,
(4,4),(2,2),(0.,1.),(0.,1.),.PIECEWISE_BEZIER_KNOTS.);
#125=B_SPLINE_SURFACE_WITH_KNOTS('',3,1,((#13848,#13849),(#13850,#13851),
(#13852,#13853),(#13854,#13855)),.SURF_OF_LINEAR_EXTRUSION.,.F.,.F.,.F.,
(4,4),(2,2),(0.,1.),(0.,1.),.PIECEWISE_BEZIER_KNOTS.);
#126=B_SPLINE_SURFACE_WITH_KNOTS('',3,1,((#13873,#13874),(#13875,#13876),
(#13877,#13878),(#13879,#13880)),.SURF_OF_LINEAR_EXTRUSION.,.F.,.F.,.F.,
(4,4),(2,2),(0.,1.),(0.,1.),.PIECEWISE_BEZIER_KNOTS.);
#127=B_SPLINE_SURFACE_WITH_KNOTS('',3,1,((#13886,#13887),(#13888,#13889),
(#13890,#13891),(#13892,#13893)),.SURF_OF_LINEAR_EXTRUSION.,.F.,.F.,.F.,
(4,4),(2,2),(0.,1.),(0.,1.),.PIECEWISE_BEZIER_KNOTS.);
#128=B_SPLINE_SURFACE_WITH_KNOTS('',3,1,((#13899,#13900),(#13901,#13902),
(#13903,#13904),(#13905,#13906)),.SURF_OF_LINEAR_EXTRUSION.,.F.,.F.,.F.,
(4,4),(2,2),(0.,1.),(0.,1.),.PIECEWISE_BEZIER_KNOTS.);
#129=B_SPLINE_SURFACE_WITH_KNOTS('',3,1,((#13912,#13913),(#13914,#13915),
(#13916,#13917),(#13918,#13919)),.SURF_OF_LINEAR_EXTRUSION.,.F.,.F.,.F.,
(4,4),(2,2),(0.,1.),(0.,1.),.PIECEWISE_BEZIER_KNOTS.);
#130=B_SPLINE_SURFACE_WITH_KNOTS('',3,1,((#13925,#13926),(#13927,#13928),
(#13929,#13930),(#13931,#13932)),.SURF_OF_LINEAR_EXTRUSION.,.F.,.F.,.F.,
(4,4),(2,2),(0.,1.),(0.,1.),.PIECEWISE_BEZIER_KNOTS.);
#131=B_SPLINE_SURFACE_WITH_KNOTS('',3,1,((#13950,#13951),(#13952,#13953),
(#13954,#13955),(#13956,#13957)),.SURF_OF_LINEAR_EXTRUSION.,.F.,.F.,.F.,
(4,4),(2,2),(0.,1.),(0.,1.),.PIECEWISE_BEZIER_KNOTS.);
#132=B_SPLINE_SURFACE_WITH_KNOTS('',3,1,((#13963,#13964),(#13965,#13966),
(#13967,#13968),(#13969,#13970)),.SURF_OF_LINEAR_EXTRUSION.,.F.,.F.,.F.,
(4,4),(2,2),(0.,1.),(0.,1.),.PIECEWISE_BEZIER_KNOTS.);
#133=B_SPLINE_SURFACE_WITH_KNOTS('',3,1,((#13980,#13981),(#13982,#13983),
(#13984,#13985),(#13986,#13987)),.SURF_OF_LINEAR_EXTRUSION.,.F.,.F.,.F.,
(4,4),(2,2),(0.,1.),(0.,1.),.PIECEWISE_BEZIER_KNOTS.);
#134=B_SPLINE_SURFACE_WITH_KNOTS('',3,1,((#13993,#13994),(#13995,#13996),
(#13997,#13998),(#13999,#14000)),.SURF_OF_LINEAR_EXTRUSION.,.F.,.F.,.F.,
(4,4),(2,2),(0.,1.),(0.,1.),.PIECEWISE_BEZIER_KNOTS.);
#135=B_SPLINE_SURFACE_WITH_KNOTS('',3,1,((#14006,#14007),(#14008,#14009),
(#14010,#14011),(#14012,#14013)),.SURF_OF_LINEAR_EXTRUSION.,.F.,.F.,.F.,
(4,4),(2,2),(0.,1.),(0.,1.),.PIECEWISE_BEZIER_KNOTS.);
#136=B_SPLINE_SURFACE_WITH_KNOTS('',3,1,((#14019,#14020),(#14021,#14022),
(#14023,#14024),(#14025,#14026)),.SURF_OF_LINEAR_EXTRUSION.,.F.,.F.,.F.,
(4,4),(2,2),(0.,1.),(0.,1.),.PIECEWISE_BEZIER_KNOTS.);
#137=B_SPLINE_SURFACE_WITH_KNOTS('',3,1,((#14036,#14037),(#14038,#14039),
(#14040,#14041),(#14042,#14043)),.SURF_OF_LINEAR_EXTRUSION.,.F.,.F.,.F.,
(4,4),(2,2),(0.,1.),(0.,1.),.PIECEWISE_BEZIER_KNOTS.);
#138=B_SPLINE_SURFACE_WITH_KNOTS('',3,1,((#14049,#14050),(#14051,#14052),
(#14053,#14054),(#14055,#14056)),.SURF_OF_LINEAR_EXTRUSION.,.F.,.F.,.F.,
(4,4),(2,2),(0.,1.),(0.,1.),.PIECEWISE_BEZIER_KNOTS.);
#139=B_SPLINE_SURFACE_WITH_KNOTS('',3,1,((#14062,#14063),(#14064,#14065),
(#14066,#14067),(#14068,#14069)),.SURF_OF_LINEAR_EXTRUSION.,.F.,.F.,.F.,
(4,4),(2,2),(0.,1.),(0.,1.),.PIECEWISE_BEZIER_KNOTS.);
#140=B_SPLINE_SURFACE_WITH_KNOTS('',3,1,((#14075,#14076),(#14077,#14078),
(#14079,#14080),(#14081,#14082)),.SURF_OF_LINEAR_EXTRUSION.,.F.,.F.,.F.,
(4,4),(2,2),(0.,1.),(0.,1.),.PIECEWISE_BEZIER_KNOTS.);
#141=B_SPLINE_SURFACE_WITH_KNOTS('',3,1,((#14088,#14089),(#14090,#14091),
(#14092,#14093),(#14094,#14095)),.SURF_OF_LINEAR_EXTRUSION.,.F.,.F.,.F.,
(4,4),(2,2),(0.,1.),(0.,1.),.PIECEWISE_BEZIER_KNOTS.);
#142=B_SPLINE_SURFACE_WITH_KNOTS('',3,1,((#14101,#14102),(#14103,#14104),
(#14105,#14106),(#14107,#14108)),.SURF_OF_LINEAR_EXTRUSION.,.F.,.F.,.F.,
(4,4),(2,2),(0.,1.),(0.,1.),.PIECEWISE_BEZIER_KNOTS.);
#143=B_SPLINE_SURFACE_WITH_KNOTS('',3,1,((#14118,#14119),(#14120,#14121),
(#14122,#14123),(#14124,#14125)),.SURF_OF_LINEAR_EXTRUSION.,.F.,.F.,.F.,
(4,4),(2,2),(0.,1.),(0.,1.),.PIECEWISE_BEZIER_KNOTS.);
#144=SPHERICAL_SURFACE('',#8164,0.001);
#145=SPHERICAL_SURFACE('',#8172,0.001);
#146=SPHERICAL_SURFACE('',#8185,0.001);
#147=SPHERICAL_SURFACE('',#8211,0.001);
#148=SPHERICAL_SURFACE('',#8219,0.001);
#149=ELLIPSE('',#8039,0.00282842712474619,0.002);
#150=ELLIPSE('',#8103,0.00340036762718386,0.002);
#151=ELLIPSE('',#8105,0.00340036762718387,0.002);
#152=ELLIPSE('',#8106,0.00340036762718386,0.002);
#153=ELLIPSE('',#8108,0.00340036762718386,0.002);
#154=ELLIPSE('',#8143,0.00141421356237309,0.001);
#155=ELLIPSE('',#8145,0.00141421356237309,0.001);
#156=ELLIPSE('',#8148,0.00141421356237309,0.001);
#157=ELLIPSE('',#8151,0.00141421356237309,0.001);
#158=ELLIPSE('',#8167,0.00141421356237309,0.001);
#159=ELLIPSE('',#8169,0.0014142135623731,0.001);
#160=ELLIPSE('',#8188,0.00141421356237309,0.001);
#161=ELLIPSE('',#8195,0.00106066017177982,0.00075);
#162=ELLIPSE('',#8197,0.00106066017177982,0.00075);
#163=ELLIPSE('',#8214,0.00141421356237309,0.001);
#164=ELLIPSE('',#8216,0.0014142135623731,0.001);
#165=(
BOUNDED_SURFACE()
B_SPLINE_SURFACE(3,2,((#11196,#11197,#11198),(#11199,#11200,#11201),(#11202,
#11203,#11204),(#11205,#11206,#11207),(#11208,#11209,#11210),(#11211,#11212,
#11213),(#11214,#11215,#11216),(#11217,#11218,#11219)),.UNSPECIFIED.,.F.,
 .F.,.F.)
B_SPLINE_SURFACE_WITH_KNOTS((4,1,1,1,1,4),(3,3),(-3.81639164714898E-17,
0.00993417886651588,0.0198683577330318,0.0298025365995477,0.0347696260328057,
0.0397367154660636),(0.,1.),.UNSPECIFIED.)
GEOMETRIC_REPRESENTATION_ITEM()
RATIONAL_B_SPLINE_SURFACE(((1.,0.707106781186548,1.),(1.,0.759229790162969,
1.),(1.,0.846252463804435,1.),(1.,0.936887189741127,1.),(1.,0.979790967726069,
1.),(1.,0.997098092630169,1.),(1.,1.,1.),(1.,1.,1.)))
REPRESENTATION_ITEM('')
SURFACE()
);
#166=(
BOUNDED_SURFACE()
B_SPLINE_SURFACE(3,2,((#11220,#11221,#11222),(#11223,#11224,#11225),(#11226,
#11227,#11228),(#11229,#11230,#11231),(#11232,#11233,#11234),(#11235,#11236,
#11237),(#11238,#11239,#11240),(#11241,#11242,#11243)),.UNSPECIFIED.,.F.,
 .F.,.F.)
B_SPLINE_SURFACE_WITH_KNOTS((4,1,1,1,1,4),(3,3),(1.21430643318376E-17,0.00993417886651592,
0.0198683577330318,0.0298025365995477,0.0347696260328057,0.0397367154660637),
(0.,1.),.UNSPECIFIED.)
GEOMETRIC_REPRESENTATION_ITEM()
RATIONAL_B_SPLINE_SURFACE(((1.,0.707106781186548,1.),(1.,0.759229790154762,
1.),(1.,0.84625246380825,1.),(1.,0.936887189740079,1.),(1.,0.979790967726199,
1.),(1.,0.997098092630141,1.),(1.,1.,1.),(1.,1.,1.)))
REPRESENTATION_ITEM('')
SURFACE()
);
#167=(
BOUNDED_SURFACE()
B_SPLINE_SURFACE(3,2,((#11323,#11324,#11325),(#11326,#11327,#11328),(#11329,
#11330,#11331),(#11332,#11333,#11334),(#11335,#11336,#11337),(#11338,#11339,
#11340),(#11341,#11342,#11343),(#11344,#11345,#11346),(#11347,#11348,#11349)),
 .UNSPECIFIED.,.F.,.F.,.F.)
B_SPLINE_SURFACE_WITH_KNOTS((4,1,1,1,1,1,4),(3,3),(-3.81639164714898E-17,
0.00496708943325792,0.00993417886651588,0.0198683577330318,0.0298025365995477,
0.0347696260328057,0.0397367154660636),(0.,1.),.UNSPECIFIED.)
GEOMETRIC_REPRESENTATION_ITEM()
RATIONAL_B_SPLINE_SURFACE(((1.,0.707106781186548,1.),(1.,0.733168285674759,
1.),(1.,0.780870863797784,1.),(1.,0.86142447457205,1.),(1.,0.936864155615387,
1.),(1.,0.979793846991787,1.),(1.,0.997097516777026,1.),(1.,1.,1.),(1.,
1.,1.)))
REPRESENTATION_ITEM('')
SURFACE()
);
#168=(
BOUNDED_SURFACE()
B_SPLINE_SURFACE(3,2,((#11356,#11357,#11358),(#11359,#11360,#11361),(#11362,
#11363,#11364),(#11365,#11366,#11367),(#11368,#11369,#11370),(#11371,#11372,
#11373),(#11374,#11375,#11376),(#11377,#11378,#11379),(#11380,#11381,#11382)),
 .UNSPECIFIED.,.F.,.F.,.F.)
B_SPLINE_SURFACE_WITH_KNOTS((4,1,1,1,1,1,4),(3,3),(1.21430643318376E-17,
0.00496708943325797,0.00993417886651592,0.0198683577330318,0.0298025365995477,
0.0347696260328057,0.0397367154660637),(0.,1.),.UNSPECIFIED.)
GEOMETRIC_REPRESENTATION_ITEM()
RATIONAL_B_SPLINE_SURFACE(((1.,0.707106781186548,1.),(1.,0.733168285670561,
1.),(1.,0.780870863799681,1.),(1.,0.861424474570952,1.),(1.,0.936864155615767,
1.),(1.,0.979793846991738,1.),(1.,0.997097516777033,1.),(1.,1.,1.),(1.,
1.,1.)))
REPRESENTATION_ITEM('')
SURFACE()
);
#169=(
BOUNDED_SURFACE()
B_SPLINE_SURFACE(3,2,((#11758,#11759,#11760),(#11761,#11762,#11763),(#11764,
#11765,#11766),(#11767,#11768,#11769),(#11770,#11771,#11772),(#11773,#11774,
#11775),(#11776,#11777,#11778)),.UNSPECIFIED.,.F.,.F.,.F.)
B_SPLINE_SURFACE_WITH_KNOTS((4,1,1,1,4),(3,3),(6.28318530717959,6.67588438887831,
7.06858347057703,7.46128255227576,7.85398163397448),(0.,1.),
 .UNSPECIFIED.)
GEOMETRIC_REPRESENTATION_ITEM()
RATIONAL_B_SPLINE_SURFACE(((1.,0.707106781186548,1.),(1.,0.707106781194161,
1.),(1.,0.74657186082666,1.),(1.,0.869029034407074,1.),(1.,0.97346442425167,
1.),(1.,0.99999999999935,1.),(1.,1.,1.)))
REPRESENTATION_ITEM('')
SURFACE()
);
#170=(
BOUNDED_SURFACE()
B_SPLINE_SURFACE(3,2,((#11781,#11782,#11783),(#11784,#11785,#11786),(#11787,
#11788,#11789),(#11790,#11791,#11792),(#11793,#11794,#11795),(#11796,#11797,
#11798),(#11799,#11800,#11801)),.UNSPECIFIED.,.F.,.F.,.F.)
B_SPLINE_SURFACE_WITH_KNOTS((4,1,1,1,4),(3,3),(6.28318530717959,6.67588438887831,
7.06858347057703,7.46128255227576,7.85398163397448),(0.,1.),
 .UNSPECIFIED.)
GEOMETRIC_REPRESENTATION_ITEM()
RATIONAL_B_SPLINE_SURFACE(((1.,0.707106781186548,1.),(1.,0.707106781194161,
1.),(1.,0.746571860826658,1.),(1.,0.869029034407076,1.),(1.,0.973464424251668,
1.),(1.,0.99999999999935,1.),(1.,1.,1.)))
REPRESENTATION_ITEM('')
SURFACE()
);
#171=TOROIDAL_SURFACE('',#8008,0.0715000000000024,0.005);
#172=TOROIDAL_SURFACE('',#8016,0.0615000000000024,0.005);
#173=TOROIDAL_SURFACE('',#8020,0.005,0.005);
#174=TOROIDAL_SURFACE('',#8021,0.055,0.005);
#175=TOROIDAL_SURFACE('',#8035,0.0715000000000024,0.008);
#176=TOROIDAL_SURFACE('',#8045,0.0615000000000024,0.002);
#177=TOROIDAL_SURFACE('',#8046,0.005,0.002);
#178=TOROIDAL_SURFACE('',#8049,0.055,0.002);
#179=TOROIDAL_SURFACE('',#8141,0.005,0.001);
#180=TOROIDAL_SURFACE('',#8149,0.005,0.001);
#181=TOROIDAL_SURFACE('',#8153,0.005,0.001);
#182=TOROIDAL_SURFACE('',#8156,0.002,0.001);
#183=TOROIDAL_SURFACE('',#8160,0.002,0.001);
#184=TOROIDAL_SURFACE('',#8176,0.002,0.001);
#185=TOROIDAL_SURFACE('',#8180,0.004,0.001);
#186=TOROIDAL_SURFACE('',#8203,0.002,0.001);
#187=TOROIDAL_SURFACE('',#8207,0.002,0.001);
#188=TOROIDAL_SURFACE('',#8223,0.002,0.001);
#189=TOROIDAL_SURFACE('',#8430,0.008,0.003);
#190=TOROIDAL_SURFACE('',#8431,0.008,0.003);
#191=TOROIDAL_SURFACE('',#8439,0.012,0.002);
#192=TOROIDAL_SURFACE('',#8446,0.062,0.002);
#193=TOROIDAL_SURFACE('',#8448,0.0685000000000024,0.002);
#194=B_SPLINE_CURVE_WITH_KNOTS('',2,(#10327,#10328,#10329),
 .UNSPECIFIED.,.F.,.F.,(3,3),(0.,1.),.PIECEWISE_BEZIER_KNOTS.);
#195=B_SPLINE_CURVE_WITH_KNOTS('',2,(#10332,#10333,#10334),
 .UNSPECIFIED.,.F.,.F.,(3,3),(0.,1.),.PIECEWISE_BEZIER_KNOTS.);
#196=B_SPLINE_CURVE_WITH_KNOTS('',2,(#10336,#10337,#10338),
 .UNSPECIFIED.,.F.,.F.,(3,3),(0.,1.),.PIECEWISE_BEZIER_KNOTS.);
#197=B_SPLINE_CURVE_WITH_KNOTS('',2,(#10340,#10341,#10342),
 .UNSPECIFIED.,.F.,.F.,(3,3),(0.,1.),.PIECEWISE_BEZIER_KNOTS.);
#198=B_SPLINE_CURVE_WITH_KNOTS('',2,(#10346,#10347,#10348),
 .UNSPECIFIED.,.F.,.F.,(3,3),(0.,1.),.PIECEWISE_BEZIER_KNOTS.);
#199=B_SPLINE_CURVE_WITH_KNOTS('',2,(#10350,#10351,#10352),
 .UNSPECIFIED.,.F.,.F.,(3,3),(0.,1.),.PIECEWISE_BEZIER_KNOTS.);
#200=B_SPLINE_CURVE_WITH_KNOTS('',2,(#10354,#10355,#10356),
 .UNSPECIFIED.,.F.,.F.,(3,3),(0.,1.),.PIECEWISE_BEZIER_KNOTS.);
#201=B_SPLINE_CURVE_WITH_KNOTS('',2,(#10358,#10359,#10360),
 .UNSPECIFIED.,.F.,.F.,(3,3),(0.,1.),.PIECEWISE_BEZIER_KNOTS.);
#202=B_SPLINE_CURVE_WITH_KNOTS('',2,(#10364,#10365,#10366),
 .UNSPECIFIED.,.F.,.F.,(3,3),(0.,1.),.PIECEWISE_BEZIER_KNOTS.);
#203=B_SPLINE_CURVE_WITH_KNOTS('',2,(#10370,#10371,#10372),
 .UNSPECIFIED.,.F.,.F.,(3,3),(0.,1.),.PIECEWISE_BEZIER_KNOTS.);
#204=B_SPLINE_CURVE_WITH_KNOTS('',2,(#10384,#10385,#10386),
 .UNSPECIFIED.,.F.,.F.,(3,3),(0.,1.),.PIECEWISE_BEZIER_KNOTS.);
#205=B_SPLINE_CURVE_WITH_KNOTS('',2,(#10390,#10391,#10392),
 .UNSPECIFIED.,.F.,.F.,(3,3),(0.,1.),.PIECEWISE_BEZIER_KNOTS.);
#206=B_SPLINE_CURVE_WITH_KNOTS('',2,(#10394,#10395,#10396),
 .UNSPECIFIED.,.F.,.F.,(3,3),(0.,1.),.PIECEWISE_BEZIER_KNOTS.);
#207=B_SPLINE_CURVE_WITH_KNOTS('',2,(#10398,#10399,#10400),
 .UNSPECIFIED.,.F.,.F.,(3,3),(0.,1.),.PIECEWISE_BEZIER_KNOTS.);
#208=B_SPLINE_CURVE_WITH_KNOTS('',2,(#10408,#10409,#10410),
 .UNSPECIFIED.,.F.,.F.,(3,3),(0.,1.),.PIECEWISE_BEZIER_KNOTS.);
#209=B_SPLINE_CURVE_WITH_KNOTS('',2,(#10412,#10413,#10414),
 .UNSPECIFIED.,.F.,.F.,(3,3),(0.,1.),.PIECEWISE_BEZIER_KNOTS.);
#210=B_SPLINE_CURVE_WITH_KNOTS('',2,(#10416,#10417,#10418),
 .UNSPECIFIED.,.F.,.F.,(3,3),(0.,1.),.PIECEWISE_BEZIER_KNOTS.);
#211=B_SPLINE_CURVE_WITH_KNOTS('',2,(#10423,#10424,#10425),
 .UNSPECIFIED.,.F.,.F.,(3,3),(0.,1.),.PIECEWISE_BEZIER_KNOTS.);
#212=B_SPLINE_CURVE_WITH_KNOTS('',2,(#10428,#10429,#10430),
 .UNSPECIFIED.,.F.,.F.,(3,3),(0.,1.),.PIECEWISE_BEZIER_KNOTS.);
#213=B_SPLINE_CURVE_WITH_KNOTS('',2,(#10432,#10433,#10434),
 .UNSPECIFIED.,.F.,.F.,(3,3),(0.,1.),.PIECEWISE_BEZIER_KNOTS.);
#214=B_SPLINE_CURVE_WITH_KNOTS('',2,(#10436,#10437,#10438),
 .UNSPECIFIED.,.F.,.F.,(3,3),(0.,1.),.PIECEWISE_BEZIER_KNOTS.);
#215=B_SPLINE_CURVE_WITH_KNOTS('',2,(#10442,#10443,#10444),
 .UNSPECIFIED.,.F.,.F.,(3,3),(0.,1.),.PIECEWISE_BEZIER_KNOTS.);
#216=B_SPLINE_CURVE_WITH_KNOTS('',2,(#10446,#10447,#10448),
 .UNSPECIFIED.,.F.,.F.,(3,3),(0.,1.),.PIECEWISE_BEZIER_KNOTS.);
#217=B_SPLINE_CURVE_WITH_KNOTS('',2,(#10452,#10453,#10454),
 .UNSPECIFIED.,.F.,.F.,(3,3),(0.,1.),.PIECEWISE_BEZIER_KNOTS.);
#218=B_SPLINE_CURVE_WITH_KNOTS('',2,(#10458,#10459,#10460),
 .UNSPECIFIED.,.F.,.F.,(3,3),(0.,1.),.PIECEWISE_BEZIER_KNOTS.);
#219=B_SPLINE_CURVE_WITH_KNOTS('',2,(#10462,#10463,#10464),
 .UNSPECIFIED.,.F.,.F.,(3,3),(0.,1.),.PIECEWISE_BEZIER_KNOTS.);
#220=B_SPLINE_CURVE_WITH_KNOTS('',2,(#10470,#10471,#10472),
 .UNSPECIFIED.,.F.,.F.,(3,3),(0.,1.),.PIECEWISE_BEZIER_KNOTS.);
#221=B_SPLINE_CURVE_WITH_KNOTS('',2,(#10474,#10475,#10476),
 .UNSPECIFIED.,.F.,.F.,(3,3),(0.,1.),.PIECEWISE_BEZIER_KNOTS.);
#222=B_SPLINE_CURVE_WITH_KNOTS('',2,(#10478,#10479,#10480),
 .UNSPECIFIED.,.F.,.F.,(3,3),(0.,1.),.PIECEWISE_BEZIER_KNOTS.);
#223=B_SPLINE_CURVE_WITH_KNOTS('',2,(#10482,#10483,#10484),
 .UNSPECIFIED.,.F.,.F.,(3,3),(0.,1.),.PIECEWISE_BEZIER_KNOTS.);
#224=B_SPLINE_CURVE_WITH_KNOTS('',2,(#10486,#10487,#10488),
 .UNSPECIFIED.,.F.,.F.,(3,3),(0.,1.),.PIECEWISE_BEZIER_KNOTS.);
#225=B_SPLINE_CURVE_WITH_KNOTS('',2,(#10498,#10499,#10500),
 .UNSPECIFIED.,.F.,.F.,(3,3),(0.,1.),.PIECEWISE_BEZIER_KNOTS.);
#226=B_SPLINE_CURVE_WITH_KNOTS('',2,(#10502,#10503,#10504),
 .UNSPECIFIED.,.F.,.F.,(3,3),(0.,1.),.PIECEWISE_BEZIER_KNOTS.);
#227=B_SPLINE_CURVE_WITH_KNOTS('',2,(#10506,#10507,#10508),
 .UNSPECIFIED.,.F.,.F.,(3,3),(0.,1.),.PIECEWISE_BEZIER_KNOTS.);
#228=B_SPLINE_CURVE_WITH_KNOTS('',2,(#10510,#10511,#10512),
 .UNSPECIFIED.,.F.,.F.,(3,3),(0.,1.),.PIECEWISE_BEZIER_KNOTS.);
#229=B_SPLINE_CURVE_WITH_KNOTS('',2,(#10514,#10515,#10516),
 .UNSPECIFIED.,.F.,.F.,(3,3),(0.,1.),.PIECEWISE_BEZIER_KNOTS.);
#230=B_SPLINE_CURVE_WITH_KNOTS('',2,(#10518,#10519,#10520),
 .UNSPECIFIED.,.F.,.F.,(3,3),(0.,1.),.PIECEWISE_BEZIER_KNOTS.);
#231=B_SPLINE_CURVE_WITH_KNOTS('',2,(#10526,#10527,#10528),
 .UNSPECIFIED.,.F.,.F.,(3,3),(0.,1.),.PIECEWISE_BEZIER_KNOTS.);
#232=B_SPLINE_CURVE_WITH_KNOTS('',2,(#10530,#10531,#10532),
 .UNSPECIFIED.,.F.,.F.,(3,3),(0.,1.),.PIECEWISE_BEZIER_KNOTS.);
#233=B_SPLINE_CURVE_WITH_KNOTS('',2,(#10544,#10545,#10546),
 .UNSPECIFIED.,.F.,.F.,(3,3),(0.,1.),.PIECEWISE_BEZIER_KNOTS.);
#234=B_SPLINE_CURVE_WITH_KNOTS('',2,(#10548,#10549,#10550),
 .UNSPECIFIED.,.F.,.F.,(3,3),(0.,1.),.PIECEWISE_BEZIER_KNOTS.);
#235=B_SPLINE_CURVE_WITH_KNOTS('',2,(#10564,#10565,#10566),
 .UNSPECIFIED.,.F.,.F.,(3,3),(0.,1.),.PIECEWISE_BEZIER_KNOTS.);
#236=B_SPLINE_CURVE_WITH_KNOTS('',2,(#10572,#10573,#10574),
 .UNSPECIFIED.,.F.,.F.,(3,3),(0.,1.),.PIECEWISE_BEZIER_KNOTS.);
#237=B_SPLINE_CURVE_WITH_KNOTS('',2,(#10576,#10577,#10578),
 .UNSPECIFIED.,.F.,.F.,(3,3),(0.,1.),.PIECEWISE_BEZIER_KNOTS.);
#238=B_SPLINE_CURVE_WITH_KNOTS('',2,(#10580,#10581,#10582),
 .UNSPECIFIED.,.F.,.F.,(3,3),(0.,1.),.PIECEWISE_BEZIER_KNOTS.);
#239=B_SPLINE_CURVE_WITH_KNOTS('',2,(#10606,#10607,#10608),
 .UNSPECIFIED.,.F.,.F.,(3,3),(0.,1.),.PIECEWISE_BEZIER_KNOTS.);
#240=B_SPLINE_CURVE_WITH_KNOTS('',2,(#10610,#10611,#10612),
 .UNSPECIFIED.,.F.,.F.,(3,3),(0.,1.),.PIECEWISE_BEZIER_KNOTS.);
#241=B_SPLINE_CURVE_WITH_KNOTS('',2,(#10621,#10622,#10623),
 .UNSPECIFIED.,.F.,.F.,(3,3),(0.,1.),.PIECEWISE_BEZIER_KNOTS.);
#242=B_SPLINE_CURVE_WITH_KNOTS('',2,(#10626,#10627,#10628),
 .UNSPECIFIED.,.F.,.F.,(3,3),(0.,1.),.PIECEWISE_BEZIER_KNOTS.);
#243=B_SPLINE_CURVE_WITH_KNOTS('',2,(#10632,#10633,#10634),
 .UNSPECIFIED.,.F.,.F.,(3,3),(0.,1.),.PIECEWISE_BEZIER_KNOTS.);
#244=B_SPLINE_CURVE_WITH_KNOTS('',2,(#10638,#10639,#10640),
 .UNSPECIFIED.,.F.,.F.,(3,3),(0.,1.),.PIECEWISE_BEZIER_KNOTS.);
#245=B_SPLINE_CURVE_WITH_KNOTS('',2,(#10642,#10643,#10644),
 .UNSPECIFIED.,.F.,.F.,(3,3),(0.,1.),.PIECEWISE_BEZIER_KNOTS.);
#246=B_SPLINE_CURVE_WITH_KNOTS('',2,(#10646,#10647,#10648),
 .UNSPECIFIED.,.F.,.F.,(3,3),(0.,1.),.PIECEWISE_BEZIER_KNOTS.);
#247=B_SPLINE_CURVE_WITH_KNOTS('',2,(#10650,#10651,#10652),
 .UNSPECIFIED.,.F.,.F.,(3,3),(0.,1.),.PIECEWISE_BEZIER_KNOTS.);
#248=B_SPLINE_CURVE_WITH_KNOTS('',2,(#10656,#10657,#10658),
 .UNSPECIFIED.,.F.,.F.,(3,3),(0.,1.),.PIECEWISE_BEZIER_KNOTS.);
#249=B_SPLINE_CURVE_WITH_KNOTS('',2,(#10666,#10667,#10668),
 .UNSPECIFIED.,.F.,.F.,(3,3),(0.,1.),.PIECEWISE_BEZIER_KNOTS.);
#250=B_SPLINE_CURVE_WITH_KNOTS('',2,(#10670,#10671,#10672),
 .UNSPECIFIED.,.F.,.F.,(3,3),(0.,1.),.PIECEWISE_BEZIER_KNOTS.);
#251=B_SPLINE_CURVE_WITH_KNOTS('',2,(#10678,#10679,#10680),
 .UNSPECIFIED.,.F.,.F.,(3,3),(0.,1.),.PIECEWISE_BEZIER_KNOTS.);
#252=B_SPLINE_CURVE_WITH_KNOTS('',2,(#10682,#10683,#10684),
 .UNSPECIFIED.,.F.,.F.,(3,3),(0.,1.),.PIECEWISE_BEZIER_KNOTS.);
#253=B_SPLINE_CURVE_WITH_KNOTS('',2,(#10692,#10693,#10694),
 .UNSPECIFIED.,.F.,.F.,(3,3),(0.,1.),.PIECEWISE_BEZIER_KNOTS.);
#254=B_SPLINE_CURVE_WITH_KNOTS('',2,(#10697,#10698,#10699),
 .UNSPECIFIED.,.F.,.F.,(3,3),(0.,1.),.PIECEWISE_BEZIER_KNOTS.);
#255=B_SPLINE_CURVE_WITH_KNOTS('',2,(#10702,#10703,#10704),
 .UNSPECIFIED.,.F.,.F.,(3,3),(0.,1.),.PIECEWISE_BEZIER_KNOTS.);
#256=B_SPLINE_CURVE_WITH_KNOTS('',2,(#10708,#10709,#10710),
 .UNSPECIFIED.,.F.,.F.,(3,3),(0.,1.),.PIECEWISE_BEZIER_KNOTS.);
#257=B_SPLINE_CURVE_WITH_KNOTS('',2,(#10714,#10715,#10716),
 .UNSPECIFIED.,.F.,.F.,(3,3),(0.,1.),.PIECEWISE_BEZIER_KNOTS.);
#258=B_SPLINE_CURVE_WITH_KNOTS('',2,(#10718,#10719,#10720),
 .UNSPECIFIED.,.F.,.F.,(3,3),(0.,1.),.PIECEWISE_BEZIER_KNOTS.);
#259=B_SPLINE_CURVE_WITH_KNOTS('',2,(#10722,#10723,#10724),
 .UNSPECIFIED.,.F.,.F.,(3,3),(0.,1.),.PIECEWISE_BEZIER_KNOTS.);
#260=B_SPLINE_CURVE_WITH_KNOTS('',2,(#10726,#10727,#10728),
 .UNSPECIFIED.,.F.,.F.,(3,3),(0.,1.),.PIECEWISE_BEZIER_KNOTS.);
#261=B_SPLINE_CURVE_WITH_KNOTS('',2,(#10732,#10733,#10734),
 .UNSPECIFIED.,.F.,.F.,(3,3),(0.,1.),.PIECEWISE_BEZIER_KNOTS.);
#262=B_SPLINE_CURVE_WITH_KNOTS('',2,(#10742,#10743,#10744),
 .UNSPECIFIED.,.F.,.F.,(3,3),(0.,1.),.PIECEWISE_BEZIER_KNOTS.);
#263=B_SPLINE_CURVE_WITH_KNOTS('',2,(#10746,#10747,#10748),
 .UNSPECIFIED.,.F.,.F.,(3,3),(0.,1.),.PIECEWISE_BEZIER_KNOTS.);
#264=B_SPLINE_CURVE_WITH_KNOTS('',2,(#10754,#10755,#10756),
 .UNSPECIFIED.,.F.,.F.,(3,3),(0.,1.),.PIECEWISE_BEZIER_KNOTS.);
#265=B_SPLINE_CURVE_WITH_KNOTS('',2,(#10758,#10759,#10760),
 .UNSPECIFIED.,.F.,.F.,(3,3),(0.,1.),.PIECEWISE_BEZIER_KNOTS.);
#266=B_SPLINE_CURVE_WITH_KNOTS('',2,(#10768,#10769,#10770),
 .UNSPECIFIED.,.F.,.F.,(3,3),(0.,1.),.PIECEWISE_BEZIER_KNOTS.);
#267=B_SPLINE_CURVE_WITH_KNOTS('',2,(#10771,#10772,#10773),
 .UNSPECIFIED.,.F.,.F.,(3,3),(0.,1.),.PIECEWISE_BEZIER_KNOTS.);
#268=B_SPLINE_CURVE_WITH_KNOTS('',2,(#10776,#10777,#10778),
 .UNSPECIFIED.,.F.,.F.,(3,3),(0.,1.),.PIECEWISE_BEZIER_KNOTS.);
#269=B_SPLINE_CURVE_WITH_KNOTS('',2,(#10780,#10781,#10782),
 .UNSPECIFIED.,.F.,.F.,(3,3),(0.,1.),.PIECEWISE_BEZIER_KNOTS.);
#270=B_SPLINE_CURVE_WITH_KNOTS('',2,(#10784,#10785,#10786),
 .UNSPECIFIED.,.F.,.F.,(3,3),(0.,1.),.PIECEWISE_BEZIER_KNOTS.);
#271=B_SPLINE_CURVE_WITH_KNOTS('',2,(#10790,#10791,#10792),
 .UNSPECIFIED.,.F.,.F.,(3,3),(0.,1.),.PIECEWISE_BEZIER_KNOTS.);
#272=B_SPLINE_CURVE_WITH_KNOTS('',2,(#10794,#10795,#10796),
 .UNSPECIFIED.,.F.,.F.,(3,3),(0.,1.),.PIECEWISE_BEZIER_KNOTS.);
#273=B_SPLINE_CURVE_WITH_KNOTS('',2,(#10798,#10799,#10800),
 .UNSPECIFIED.,.F.,.F.,(3,3),(0.,1.),.PIECEWISE_BEZIER_KNOTS.);
#274=B_SPLINE_CURVE_WITH_KNOTS('',2,(#10802,#10803,#10804),
 .UNSPECIFIED.,.F.,.F.,(3,3),(0.,1.),.PIECEWISE_BEZIER_KNOTS.);
#275=B_SPLINE_CURVE_WITH_KNOTS('',2,(#10808,#10809,#10810),
 .UNSPECIFIED.,.F.,.F.,(3,3),(0.,1.),.PIECEWISE_BEZIER_KNOTS.);
#276=B_SPLINE_CURVE_WITH_KNOTS('',2,(#10814,#10815,#10816),
 .UNSPECIFIED.,.F.,.F.,(3,3),(0.,1.),.PIECEWISE_BEZIER_KNOTS.);
#277=B_SPLINE_CURVE_WITH_KNOTS('',2,(#10822,#10823,#10824),
 .UNSPECIFIED.,.F.,.F.,(3,3),(0.,1.),.PIECEWISE_BEZIER_KNOTS.);
#278=B_SPLINE_CURVE_WITH_KNOTS('',2,(#10826,#10827,#10828),
 .UNSPECIFIED.,.F.,.F.,(3,3),(0.,1.),.PIECEWISE_BEZIER_KNOTS.);
#279=B_SPLINE_CURVE_WITH_KNOTS('',2,(#10832,#10833,#10834),
 .UNSPECIFIED.,.F.,.F.,(3,3),(0.,1.),.PIECEWISE_BEZIER_KNOTS.);
#280=B_SPLINE_CURVE_WITH_KNOTS('',2,(#10836,#10837,#10838),
 .UNSPECIFIED.,.F.,.F.,(3,3),(0.,1.),.PIECEWISE_BEZIER_KNOTS.);
#281=B_SPLINE_CURVE_WITH_KNOTS('',2,(#10840,#10841,#10842),
 .UNSPECIFIED.,.F.,.F.,(3,3),(0.,1.),.PIECEWISE_BEZIER_KNOTS.);
#282=B_SPLINE_CURVE_WITH_KNOTS('',2,(#10844,#10845,#10846),
 .UNSPECIFIED.,.F.,.F.,(3,3),(0.,1.),.PIECEWISE_BEZIER_KNOTS.);
#283=B_SPLINE_CURVE_WITH_KNOTS('',2,(#10848,#10849,#10850),
 .UNSPECIFIED.,.F.,.F.,(3,3),(0.,1.),.PIECEWISE_BEZIER_KNOTS.);
#284=B_SPLINE_CURVE_WITH_KNOTS('',2,(#10852,#10853,#10854),
 .UNSPECIFIED.,.F.,.F.,(3,3),(0.,1.),.PIECEWISE_BEZIER_KNOTS.);
#285=B_SPLINE_CURVE_WITH_KNOTS('',2,(#10858,#10859,#10860),
 .UNSPECIFIED.,.F.,.F.,(3,3),(0.,1.),.PIECEWISE_BEZIER_KNOTS.);
#286=B_SPLINE_CURVE_WITH_KNOTS('',2,(#10862,#10863,#10864),
 .UNSPECIFIED.,.F.,.F.,(3,3),(0.,1.),.PIECEWISE_BEZIER_KNOTS.);
#287=B_SPLINE_CURVE_WITH_KNOTS('',2,(#10866,#10867,#10868),
 .UNSPECIFIED.,.F.,.F.,(3,3),(0.,1.),.PIECEWISE_BEZIER_KNOTS.);
#288=B_SPLINE_CURVE_WITH_KNOTS('',2,(#10870,#10871,#10872),
 .UNSPECIFIED.,.F.,.F.,(3,3),(0.,1.),.PIECEWISE_BEZIER_KNOTS.);
#289=B_SPLINE_CURVE_WITH_KNOTS('',2,(#10876,#10877,#10878),
 .UNSPECIFIED.,.F.,.F.,(3,3),(0.,1.),.PIECEWISE_BEZIER_KNOTS.);
#290=B_SPLINE_CURVE_WITH_KNOTS('',2,(#10880,#10881,#10882),
 .UNSPECIFIED.,.F.,.F.,(3,3),(0.,1.),.PIECEWISE_BEZIER_KNOTS.);
#291=B_SPLINE_CURVE_WITH_KNOTS('',2,(#10890,#10891,#10892),
 .UNSPECIFIED.,.F.,.F.,(3,3),(0.,1.),.PIECEWISE_BEZIER_KNOTS.);
#292=B_SPLINE_CURVE_WITH_KNOTS('',2,(#10894,#10895,#10896),
 .UNSPECIFIED.,.F.,.F.,(3,3),(0.,1.),.PIECEWISE_BEZIER_KNOTS.);
#293=B_SPLINE_CURVE_WITH_KNOTS('',2,(#10898,#10899,#10900),
 .UNSPECIFIED.,.F.,.F.,(3,3),(0.,1.),.PIECEWISE_BEZIER_KNOTS.);
#294=B_SPLINE_CURVE_WITH_KNOTS('',2,(#10902,#10903,#10904),
 .UNSPECIFIED.,.F.,.F.,(3,3),(0.,1.),.PIECEWISE_BEZIER_KNOTS.);
#295=B_SPLINE_CURVE_WITH_KNOTS('',2,(#10906,#10907,#10908),
 .UNSPECIFIED.,.F.,.F.,(3,3),(0.,1.),.PIECEWISE_BEZIER_KNOTS.);
#296=B_SPLINE_CURVE_WITH_KNOTS('',2,(#10916,#10917,#10918),
 .UNSPECIFIED.,.F.,.F.,(3,3),(0.,1.),.PIECEWISE_BEZIER_KNOTS.);
#297=B_SPLINE_CURVE_WITH_KNOTS('',2,(#10920,#10921,#10922),
 .UNSPECIFIED.,.F.,.F.,(3,3),(0.,1.),.PIECEWISE_BEZIER_KNOTS.);
#298=B_SPLINE_CURVE_WITH_KNOTS('',3,(#10981,#10982,#10983,#10984,#10985,
#10986,#10987,#10988),.UNSPECIFIED.,.F.,.F.,(4,1,1,1,1,4),(0.,0.00926501616124447,
0.0185300323224889,0.0277950484837334,0.0324275565643556,0.0370600646449779),
 .UNSPECIFIED.);
#299=B_SPLINE_CURVE_WITH_KNOTS('',3,(#10992,#10993,#10994,#10995,#10996,
#10997,#10998,#10999),.UNSPECIFIED.,.F.,.F.,(4,1,1,1,1,4),(0.,0.00926501616124447,
0.0185300323224889,0.0277950484837334,0.0324275565643557,0.0370600646449779),
 .UNSPECIFIED.);
#300=B_SPLINE_CURVE_WITH_KNOTS('',3,(#11009,#11010,#11011,#11012,#11013,
#11014,#11015),.UNSPECIFIED.,.F.,.F.,(4,1,1,1,4),(0.,0.00932004346767265,
0.0186400869353453,0.027960130403018,0.0372801738706906),.UNSPECIFIED.);
#301=B_SPLINE_CURVE_WITH_KNOTS('',3,(#11016,#11017,#11018,#11019),
 .UNSPECIFIED.,.F.,.F.,(4,4),(0.,0.00104340527616168),.UNSPECIFIED.);
#302=B_SPLINE_CURVE_WITH_KNOTS('',3,(#11047,#11048,#11049,#11050,#11051),
 .UNSPECIFIED.,.F.,.F.,(4,1,4),(0.,0.00102374211662995,0.0020474842332599),
 .UNSPECIFIED.);
#303=B_SPLINE_CURVE_WITH_KNOTS('',3,(#11244,#11245,#11246,#11247,#11248,
#11249,#11250),.UNSPECIFIED.,.F.,.F.,(4,1,1,1,4),(0.,0.00932004346767265,
0.0186400869353453,0.0279601304030179,0.0372801738706906),.UNSPECIFIED.);
#304=B_SPLINE_CURVE_WITH_KNOTS('',3,(#11294,#11295,#11296,#11297,#11298,
#11299,#11300,#11301),.UNSPECIFIED.,.F.,.F.,(4,1,1,1,1,4),(0.,0.0088782458984909,
0.0177564917969818,0.0266347376954727,0.0310738606447182,0.0355129835939636),
 .UNSPECIFIED.);
#305=B_SPLINE_CURVE_WITH_KNOTS('',3,(#11305,#11306,#11307,#11308,#11309,
#11310,#11311,#11312),.UNSPECIFIED.,.F.,.F.,(4,1,1,1,1,4),(0.,0.00887824589849091,
0.0177564917969818,0.0266347376954727,0.0310738606447182,0.0355129835939637),
 .UNSPECIFIED.);
#306=B_SPLINE_CURVE_WITH_KNOTS('',3,(#11350,#11351,#11352,#11353,#11354,
#11355),.UNSPECIFIED.,.F.,.F.,(4,1,1,4),(0.,0.009149924326324,0.018299848652648,
0.036599697305296),.UNSPECIFIED.);
#307=B_SPLINE_CURVE_WITH_KNOTS('',3,(#11383,#11384,#11385,#11386,#11387,
#11388),.UNSPECIFIED.,.F.,.F.,(4,1,1,4),(0.,0.009149924326324,0.018299848652648,
0.036599697305296),.UNSPECIFIED.);
#308=B_SPLINE_CURVE_WITH_KNOTS('',3,(#11398,#11399,#11400,#11401,#11402,
#11403,#11404),.UNSPECIFIED.,.F.,.F.,(4,1,1,1,4),(0.,0.0012774570573787,
0.00255491411475741,0.00383237117213611,0.00510982822951481),
 .UNSPECIFIED.);
#309=B_SPLINE_CURVE_WITH_KNOTS('',3,(#11563,#11564,#11565,#11566,#11567),
 .UNSPECIFIED.,.F.,.F.,(4,1,4),(0.,0.000783633331880338,0.00156726666376068),
 .UNSPECIFIED.);
#310=B_SPLINE_CURVE_WITH_KNOTS('',3,(#11662,#11663,#11664,#11665,#11666,
#11667,#11668,#11669),.UNSPECIFIED.,.F.,.F.,(4,1,1,1,1,4),(0.,0.000321090872704195,
0.000642181745408391,0.00128436349081678,0.00192654523622517,0.00256872698163356),
 .UNSPECIFIED.);
#311=B_SPLINE_CURVE_WITH_KNOTS('',3,(#11670,#11671,#11672,#11673,#11674,
#11675,#11676,#11677),.UNSPECIFIED.,.F.,.F.,(4,1,1,1,1,4),(0.,0.000321090872704181,
0.000642181745408361,0.00128436349081672,0.00192654523622508,0.00256872698163345),
 .UNSPECIFIED.);
#312=B_SPLINE_CURVE_WITH_KNOTS('',3,(#11683,#11684,#11685,#11686,#11687,
#11688),.UNSPECIFIED.,.F.,.F.,(4,1,1,4),(0.,0.000547193188084682,0.00109438637616936,
0.00218877275233873),.UNSPECIFIED.);
#313=B_SPLINE_CURVE_WITH_KNOTS('',3,(#11692,#11693,#11694,#11695,#11696,
#11697),.UNSPECIFIED.,.F.,.F.,(4,1,1,4),(0.,0.000547193188084725,0.00109438637616945,
0.0021887727523389),.UNSPECIFIED.);
#314=B_SPLINE_CURVE_WITH_KNOTS('',2,(#11848,#11849,#11850),
 .UNSPECIFIED.,.F.,.F.,(3,3),(0.,1.),.PIECEWISE_BEZIER_KNOTS.);
#315=B_SPLINE_CURVE_WITH_KNOTS('',2,(#11854,#11855,#11856),
 .UNSPECIFIED.,.F.,.F.,(3,3),(0.,1.),.PIECEWISE_BEZIER_KNOTS.);
#316=B_SPLINE_CURVE_WITH_KNOTS('',2,(#11865,#11866,#11867),
 .UNSPECIFIED.,.F.,.F.,(3,3),(0.,1.),.PIECEWISE_BEZIER_KNOTS.);
#317=B_SPLINE_CURVE_WITH_KNOTS('',2,(#11871,#11872,#11873),
 .UNSPECIFIED.,.F.,.F.,(3,3),(0.,1.),.PIECEWISE_BEZIER_KNOTS.);
#318=B_SPLINE_CURVE_WITH_KNOTS('',2,(#11894,#11895,#11896),
 .UNSPECIFIED.,.F.,.F.,(3,3),(0.,1.),.PIECEWISE_BEZIER_KNOTS.);
#319=B_SPLINE_CURVE_WITH_KNOTS('',2,(#11900,#11901,#11902),
 .UNSPECIFIED.,.F.,.F.,(3,3),(0.,1.),.PIECEWISE_BEZIER_KNOTS.);
#320=B_SPLINE_CURVE_WITH_KNOTS('',2,(#11911,#11912,#11913),
 .UNSPECIFIED.,.F.,.F.,(3,3),(0.,1.),.PIECEWISE_BEZIER_KNOTS.);
#321=B_SPLINE_CURVE_WITH_KNOTS('',2,(#11917,#11918,#11919),
 .UNSPECIFIED.,.F.,.F.,(3,3),(0.,1.),.PIECEWISE_BEZIER_KNOTS.);
#322=B_SPLINE_CURVE_WITH_KNOTS('',2,(#11930,#11931,#11932),
 .UNSPECIFIED.,.F.,.F.,(3,3),(0.,1.),.PIECEWISE_BEZIER_KNOTS.);
#323=B_SPLINE_CURVE_WITH_KNOTS('',2,(#11945,#11946,#11947),
 .UNSPECIFIED.,.F.,.F.,(3,3),(0.,1.),.PIECEWISE_BEZIER_KNOTS.);
#324=B_SPLINE_CURVE_WITH_KNOTS('',2,(#11958,#11959,#11960),
 .UNSPECIFIED.,.F.,.F.,(3,3),(0.,1.),.PIECEWISE_BEZIER_KNOTS.);
#325=B_SPLINE_CURVE_WITH_KNOTS('',2,(#11983,#11984,#11985),
 .UNSPECIFIED.,.F.,.F.,(3,3),(0.,1.),.PIECEWISE_BEZIER_KNOTS.);
#326=B_SPLINE_CURVE_WITH_KNOTS('',2,(#11996,#11997,#11998),
 .UNSPECIFIED.,.F.,.F.,(3,3),(0.,1.),.PIECEWISE_BEZIER_KNOTS.);
#327=B_SPLINE_CURVE_WITH_KNOTS('',2,(#12017,#12018,#12019),
 .UNSPECIFIED.,.F.,.F.,(3,3),(0.,1.),.PIECEWISE_BEZIER_KNOTS.);
#328=B_SPLINE_CURVE_WITH_KNOTS('',2,(#12030,#12031,#12032),
 .UNSPECIFIED.,.F.,.F.,(3,3),(0.,1.),.PIECEWISE_BEZIER_KNOTS.);
#329=B_SPLINE_CURVE_WITH_KNOTS('',2,(#12055,#12056,#12057),
 .UNSPECIFIED.,.F.,.F.,(3,3),(0.,1.),.PIECEWISE_BEZIER_KNOTS.);
#330=B_SPLINE_CURVE_WITH_KNOTS('',2,(#12072,#12073,#12074),
 .UNSPECIFIED.,.F.,.F.,(3,3),(0.,1.),.PIECEWISE_BEZIER_KNOTS.);
#331=B_SPLINE_CURVE_WITH_KNOTS('',2,(#12085,#12086,#12087),
 .UNSPECIFIED.,.F.,.F.,(3,3),(0.,1.),.PIECEWISE_BEZIER_KNOTS.);
#332=B_SPLINE_CURVE_WITH_KNOTS('',2,(#12098,#12099,#12100),
 .UNSPECIFIED.,.F.,.F.,(3,3),(0.,1.),.PIECEWISE_BEZIER_KNOTS.);
#333=B_SPLINE_CURVE_WITH_KNOTS('',2,(#12111,#12112,#12113),
 .UNSPECIFIED.,.F.,.F.,(3,3),(0.,1.),.PIECEWISE_BEZIER_KNOTS.);
#334=B_SPLINE_CURVE_WITH_KNOTS('',2,(#12128,#12129,#12130),
 .UNSPECIFIED.,.F.,.F.,(3,3),(0.,1.),.PIECEWISE_BEZIER_KNOTS.);
#335=B_SPLINE_CURVE_WITH_KNOTS('',2,(#12147,#12148,#12149),
 .UNSPECIFIED.,.F.,.F.,(3,3),(0.,1.),.PIECEWISE_BEZIER_KNOTS.);
#336=B_SPLINE_CURVE_WITH_KNOTS('',2,(#12182,#12183,#12184),
 .UNSPECIFIED.,.F.,.F.,(3,3),(0.,1.),.PIECEWISE_BEZIER_KNOTS.);
#337=B_SPLINE_CURVE_WITH_KNOTS('',2,(#12195,#12196,#12197),
 .UNSPECIFIED.,.F.,.F.,(3,3),(0.,1.),.PIECEWISE_BEZIER_KNOTS.);
#338=B_SPLINE_CURVE_WITH_KNOTS('',2,(#12252,#12253,#12254),
 .UNSPECIFIED.,.F.,.F.,(3,3),(0.,1.),.PIECEWISE_BEZIER_KNOTS.);
#339=B_SPLINE_CURVE_WITH_KNOTS('',2,(#12263,#12264,#12265),
 .UNSPECIFIED.,.F.,.F.,(3,3),(0.,1.),.PIECEWISE_BEZIER_KNOTS.);
#340=B_SPLINE_CURVE_WITH_KNOTS('',2,(#12291,#12292,#12293),
 .UNSPECIFIED.,.F.,.F.,(3,3),(0.,1.),.PIECEWISE_BEZIER_KNOTS.);
#341=B_SPLINE_CURVE_WITH_KNOTS('',2,(#12328,#12329,#12330),
 .UNSPECIFIED.,.F.,.F.,(3,3),(0.,1.),.PIECEWISE_BEZIER_KNOTS.);
#342=B_SPLINE_CURVE_WITH_KNOTS('',2,(#12341,#12342,#12343),
 .UNSPECIFIED.,.F.,.F.,(3,3),(0.,1.),.PIECEWISE_BEZIER_KNOTS.);
#343=B_SPLINE_CURVE_WITH_KNOTS('',2,(#12361,#12362,#12363),
 .UNSPECIFIED.,.F.,.F.,(3,3),(0.,1.),.PIECEWISE_BEZIER_KNOTS.);
#344=B_SPLINE_CURVE_WITH_KNOTS('',2,(#12376,#12377,#12378),
 .UNSPECIFIED.,.F.,.F.,(3,3),(0.,1.),.PIECEWISE_BEZIER_KNOTS.);
#345=B_SPLINE_CURVE_WITH_KNOTS('',2,(#12393,#12394,#12395),
 .UNSPECIFIED.,.F.,.F.,(3,3),(0.,1.),.PIECEWISE_BEZIER_KNOTS.);
#346=B_SPLINE_CURVE_WITH_KNOTS('',2,(#12406,#12407,#12408),
 .UNSPECIFIED.,.F.,.F.,(3,3),(0.,1.),.PIECEWISE_BEZIER_KNOTS.);
#347=B_SPLINE_CURVE_WITH_KNOTS('',2,(#12427,#12428,#12429),
 .UNSPECIFIED.,.F.,.F.,(3,3),(0.,1.),.PIECEWISE_BEZIER_KNOTS.);
#348=B_SPLINE_CURVE_WITH_KNOTS('',2,(#12440,#12441,#12442),
 .UNSPECIFIED.,.F.,.F.,(3,3),(0.,1.),.PIECEWISE_BEZIER_KNOTS.);
#349=B_SPLINE_CURVE_WITH_KNOTS('',2,(#12453,#12454,#12455),
 .UNSPECIFIED.,.F.,.F.,(3,3),(0.,1.),.PIECEWISE_BEZIER_KNOTS.);
#350=B_SPLINE_CURVE_WITH_KNOTS('',2,(#12466,#12467,#12468),
 .UNSPECIFIED.,.F.,.F.,(3,3),(0.,1.),.PIECEWISE_BEZIER_KNOTS.);
#351=B_SPLINE_CURVE_WITH_KNOTS('',2,(#12479,#12480,#12481),
 .UNSPECIFIED.,.F.,.F.,(3,3),(0.,1.),.PIECEWISE_BEZIER_KNOTS.);
#352=B_SPLINE_CURVE_WITH_KNOTS('',2,(#12492,#12493,#12494),
 .UNSPECIFIED.,.F.,.F.,(3,3),(0.,1.),.PIECEWISE_BEZIER_KNOTS.);
#353=B_SPLINE_CURVE_WITH_KNOTS('',2,(#12521,#12522,#12523),
 .UNSPECIFIED.,.F.,.F.,(3,3),(0.,1.),.PIECEWISE_BEZIER_KNOTS.);
#354=B_SPLINE_CURVE_WITH_KNOTS('',2,(#12534,#12535,#12536),
 .UNSPECIFIED.,.F.,.F.,(3,3),(0.,1.),.PIECEWISE_BEZIER_KNOTS.);
#355=B_SPLINE_CURVE_WITH_KNOTS('',2,(#12547,#12548,#12549),
 .UNSPECIFIED.,.F.,.F.,(3,3),(0.,1.),.PIECEWISE_BEZIER_KNOTS.);
#356=B_SPLINE_CURVE_WITH_KNOTS('',2,(#12560,#12561,#12562),
 .UNSPECIFIED.,.F.,.F.,(3,3),(0.,1.),.PIECEWISE_BEZIER_KNOTS.);
#357=B_SPLINE_CURVE_WITH_KNOTS('',2,(#12573,#12574,#12575),
 .UNSPECIFIED.,.F.,.F.,(3,3),(0.,1.),.PIECEWISE_BEZIER_KNOTS.);
#358=B_SPLINE_CURVE_WITH_KNOTS('',2,(#12594,#12595,#12596),
 .UNSPECIFIED.,.F.,.F.,(3,3),(0.,1.),.PIECEWISE_BEZIER_KNOTS.);
#359=B_SPLINE_CURVE_WITH_KNOTS('',2,(#12607,#12608,#12609),
 .UNSPECIFIED.,.F.,.F.,(3,3),(0.,1.),.PIECEWISE_BEZIER_KNOTS.);
#360=B_SPLINE_CURVE_WITH_KNOTS('',2,(#12624,#12625,#12626),
 .UNSPECIFIED.,.F.,.F.,(3,3),(0.,1.),.PIECEWISE_BEZIER_KNOTS.);
#361=B_SPLINE_CURVE_WITH_KNOTS('',2,(#12641,#12642,#12643),
 .UNSPECIFIED.,.F.,.F.,(3,3),(0.,1.),.PIECEWISE_BEZIER_KNOTS.);
#362=B_SPLINE_CURVE_WITH_KNOTS('',2,(#12654,#12655,#12656),
 .UNSPECIFIED.,.F.,.F.,(3,3),(0.,1.),.PIECEWISE_BEZIER_KNOTS.);
#363=B_SPLINE_CURVE_WITH_KNOTS('',2,(#12671,#12672,#12673),
 .UNSPECIFIED.,.F.,.F.,(3,3),(0.,1.),.PIECEWISE_BEZIER_KNOTS.);
#364=B_SPLINE_CURVE_WITH_KNOTS('',2,(#12682,#12683,#12684),
 .UNSPECIFIED.,.F.,.F.,(3,3),(0.,1.),.PIECEWISE_BEZIER_KNOTS.);
#365=B_SPLINE_CURVE_WITH_KNOTS('',2,(#12714,#12715,#12716),
 .UNSPECIFIED.,.F.,.F.,(3,3),(0.,1.),.PIECEWISE_BEZIER_KNOTS.);
#366=B_SPLINE_CURVE_WITH_KNOTS('',2,(#12727,#12728,#12729),
 .UNSPECIFIED.,.F.,.F.,(3,3),(0.,1.),.PIECEWISE_BEZIER_KNOTS.);
#367=B_SPLINE_CURVE_WITH_KNOTS('',2,(#12740,#12741,#12742),
 .UNSPECIFIED.,.F.,.F.,(3,3),(0.,1.),.PIECEWISE_BEZIER_KNOTS.);
#368=B_SPLINE_CURVE_WITH_KNOTS('',2,(#12765,#12766,#12767),
 .UNSPECIFIED.,.F.,.F.,(3,3),(0.,1.),.PIECEWISE_BEZIER_KNOTS.);
#369=B_SPLINE_CURVE_WITH_KNOTS('',2,(#12778,#12779,#12780),
 .UNSPECIFIED.,.F.,.F.,(3,3),(0.,1.),.PIECEWISE_BEZIER_KNOTS.);
#370=B_SPLINE_CURVE_WITH_KNOTS('',2,(#12791,#12792,#12793),
 .UNSPECIFIED.,.F.,.F.,(3,3),(0.,1.),.PIECEWISE_BEZIER_KNOTS.);
#371=B_SPLINE_CURVE_WITH_KNOTS('',2,(#12808,#12809,#12810),
 .UNSPECIFIED.,.F.,.F.,(3,3),(0.,1.),.PIECEWISE_BEZIER_KNOTS.);
#372=B_SPLINE_CURVE_WITH_KNOTS('',2,(#12841,#12842,#12843),
 .UNSPECIFIED.,.F.,.F.,(3,3),(0.,1.),.PIECEWISE_BEZIER_KNOTS.);
#373=B_SPLINE_CURVE_WITH_KNOTS('',2,(#12847,#12848,#12849),
 .UNSPECIFIED.,.F.,.F.,(3,3),(0.,1.),.PIECEWISE_BEZIER_KNOTS.);
#374=B_SPLINE_CURVE_WITH_KNOTS('',2,(#12858,#12859,#12860),
 .UNSPECIFIED.,.F.,.F.,(3,3),(0.,1.),.PIECEWISE_BEZIER_KNOTS.);
#375=B_SPLINE_CURVE_WITH_KNOTS('',2,(#12864,#12865,#12866),
 .UNSPECIFIED.,.F.,.F.,(3,3),(0.,1.),.PIECEWISE_BEZIER_KNOTS.);
#376=B_SPLINE_CURVE_WITH_KNOTS('',2,(#12887,#12888,#12889),
 .UNSPECIFIED.,.F.,.F.,(3,3),(0.,1.),.PIECEWISE_BEZIER_KNOTS.);
#377=B_SPLINE_CURVE_WITH_KNOTS('',2,(#12893,#12894,#12895),
 .UNSPECIFIED.,.F.,.F.,(3,3),(0.,1.),.PIECEWISE_BEZIER_KNOTS.);
#378=B_SPLINE_CURVE_WITH_KNOTS('',2,(#12904,#12905,#12906),
 .UNSPECIFIED.,.F.,.F.,(3,3),(0.,1.),.PIECEWISE_BEZIER_KNOTS.);
#379=B_SPLINE_CURVE_WITH_KNOTS('',2,(#12910,#12911,#12912),
 .UNSPECIFIED.,.F.,.F.,(3,3),(0.,1.),.PIECEWISE_BEZIER_KNOTS.);
#380=B_SPLINE_CURVE_WITH_KNOTS('',2,(#12923,#12924,#12925),
 .UNSPECIFIED.,.F.,.F.,(3,3),(0.,1.),.PIECEWISE_BEZIER_KNOTS.);
#381=B_SPLINE_CURVE_WITH_KNOTS('',2,(#12938,#12939,#12940),
 .UNSPECIFIED.,.F.,.F.,(3,3),(0.,1.),.PIECEWISE_BEZIER_KNOTS.);
#382=B_SPLINE_CURVE_WITH_KNOTS('',2,(#12951,#12952,#12953),
 .UNSPECIFIED.,.F.,.F.,(3,3),(0.,1.),.PIECEWISE_BEZIER_KNOTS.);
#383=B_SPLINE_CURVE_WITH_KNOTS('',2,(#12976,#12977,#12978),
 .UNSPECIFIED.,.F.,.F.,(3,3),(0.,1.),.PIECEWISE_BEZIER_KNOTS.);
#384=B_SPLINE_CURVE_WITH_KNOTS('',2,(#12989,#12990,#12991),
 .UNSPECIFIED.,.F.,.F.,(3,3),(0.,1.),.PIECEWISE_BEZIER_KNOTS.);
#385=B_SPLINE_CURVE_WITH_KNOTS('',2,(#13010,#13011,#13012),
 .UNSPECIFIED.,.F.,.F.,(3,3),(0.,1.),.PIECEWISE_BEZIER_KNOTS.);
#386=B_SPLINE_CURVE_WITH_KNOTS('',2,(#13023,#13024,#13025),
 .UNSPECIFIED.,.F.,.F.,(3,3),(0.,1.),.PIECEWISE_BEZIER_KNOTS.);
#387=B_SPLINE_CURVE_WITH_KNOTS('',2,(#13048,#13049,#13050),
 .UNSPECIFIED.,.F.,.F.,(3,3),(0.,1.),.PIECEWISE_BEZIER_KNOTS.);
#388=B_SPLINE_CURVE_WITH_KNOTS('',2,(#13065,#13066,#13067),
 .UNSPECIFIED.,.F.,.F.,(3,3),(0.,1.),.PIECEWISE_BEZIER_KNOTS.);
#389=B_SPLINE_CURVE_WITH_KNOTS('',2,(#13078,#13079,#13080),
 .UNSPECIFIED.,.F.,.F.,(3,3),(0.,1.),.PIECEWISE_BEZIER_KNOTS.);
#390=B_SPLINE_CURVE_WITH_KNOTS('',2,(#13091,#13092,#13093),
 .UNSPECIFIED.,.F.,.F.,(3,3),(0.,1.),.PIECEWISE_BEZIER_KNOTS.);
#391=B_SPLINE_CURVE_WITH_KNOTS('',2,(#13104,#13105,#13106),
 .UNSPECIFIED.,.F.,.F.,(3,3),(0.,1.),.PIECEWISE_BEZIER_KNOTS.);
#392=B_SPLINE_CURVE_WITH_KNOTS('',2,(#13121,#13122,#13123),
 .UNSPECIFIED.,.F.,.F.,(3,3),(0.,1.),.PIECEWISE_BEZIER_KNOTS.);
#393=B_SPLINE_CURVE_WITH_KNOTS('',2,(#13138,#13139,#13140),
 .UNSPECIFIED.,.F.,.F.,(3,3),(0.,1.),.PIECEWISE_BEZIER_KNOTS.);
#394=B_SPLINE_CURVE_WITH_KNOTS('',2,(#13145,#13146,#13147),
 .UNSPECIFIED.,.F.,.F.,(3,3),(0.,1.),.PIECEWISE_BEZIER_KNOTS.);
#395=B_SPLINE_CURVE_WITH_KNOTS('',2,(#13158,#13159,#13160),
 .UNSPECIFIED.,.F.,.F.,(3,3),(0.,1.),.PIECEWISE_BEZIER_KNOTS.);
#396=B_SPLINE_CURVE_WITH_KNOTS('',2,(#13164,#13165,#13166),
 .UNSPECIFIED.,.F.,.F.,(3,3),(0.,1.),.PIECEWISE_BEZIER_KNOTS.);
#397=B_SPLINE_CURVE_WITH_KNOTS('',2,(#13175,#13176,#13177),
 .UNSPECIFIED.,.F.,.F.,(3,3),(0.,1.),.PIECEWISE_BEZIER_KNOTS.);
#398=B_SPLINE_CURVE_WITH_KNOTS('',2,(#13181,#13182,#13183),
 .UNSPECIFIED.,.F.,.F.,(3,3),(0.,1.),.PIECEWISE_BEZIER_KNOTS.);
#399=B_SPLINE_CURVE_WITH_KNOTS('',2,(#13192,#13193,#13194),
 .UNSPECIFIED.,.F.,.F.,(3,3),(0.,1.),.PIECEWISE_BEZIER_KNOTS.);
#400=B_SPLINE_CURVE_WITH_KNOTS('',2,(#13198,#13199,#13200),
 .UNSPECIFIED.,.F.,.F.,(3,3),(0.,1.),.PIECEWISE_BEZIER_KNOTS.);
#401=B_SPLINE_CURVE_WITH_KNOTS('',2,(#13215,#13216,#13217),
 .UNSPECIFIED.,.F.,.F.,(3,3),(0.,1.),.PIECEWISE_BEZIER_KNOTS.);
#402=B_SPLINE_CURVE_WITH_KNOTS('',2,(#13221,#13222,#13223),
 .UNSPECIFIED.,.F.,.F.,(3,3),(0.,1.),.PIECEWISE_BEZIER_KNOTS.);
#403=B_SPLINE_CURVE_WITH_KNOTS('',2,(#13232,#13233,#13234),
 .UNSPECIFIED.,.F.,.F.,(3,3),(0.,1.),.PIECEWISE_BEZIER_KNOTS.);
#404=B_SPLINE_CURVE_WITH_KNOTS('',2,(#13238,#13239,#13240),
 .UNSPECIFIED.,.F.,.F.,(3,3),(0.,1.),.PIECEWISE_BEZIER_KNOTS.);
#405=B_SPLINE_CURVE_WITH_KNOTS('',2,(#13249,#13250,#13251),
 .UNSPECIFIED.,.F.,.F.,(3,3),(0.,1.),.PIECEWISE_BEZIER_KNOTS.);
#406=B_SPLINE_CURVE_WITH_KNOTS('',2,(#13255,#13256,#13257),
 .UNSPECIFIED.,.F.,.F.,(3,3),(0.,1.),.PIECEWISE_BEZIER_KNOTS.);
#407=B_SPLINE_CURVE_WITH_KNOTS('',2,(#13266,#13267,#13268),
 .UNSPECIFIED.,.F.,.F.,(3,3),(0.,1.),.PIECEWISE_BEZIER_KNOTS.);
#408=B_SPLINE_CURVE_WITH_KNOTS('',2,(#13272,#13273,#13274),
 .UNSPECIFIED.,.F.,.F.,(3,3),(0.,1.),.PIECEWISE_BEZIER_KNOTS.);
#409=B_SPLINE_CURVE_WITH_KNOTS('',2,(#13283,#13284,#13285),
 .UNSPECIFIED.,.F.,.F.,(3,3),(0.,1.),.PIECEWISE_BEZIER_KNOTS.);
#410=B_SPLINE_CURVE_WITH_KNOTS('',2,(#13289,#13290,#13291),
 .UNSPECIFIED.,.F.,.F.,(3,3),(0.,1.),.PIECEWISE_BEZIER_KNOTS.);
#411=B_SPLINE_CURVE_WITH_KNOTS('',2,(#13320,#13321,#13322),
 .UNSPECIFIED.,.F.,.F.,(3,3),(0.,1.),.PIECEWISE_BEZIER_KNOTS.);
#412=B_SPLINE_CURVE_WITH_KNOTS('',2,(#13335,#13336,#13337),
 .UNSPECIFIED.,.F.,.F.,(3,3),(0.,1.),.PIECEWISE_BEZIER_KNOTS.);
#413=B_SPLINE_CURVE_WITH_KNOTS('',2,(#13352,#13353,#13354),
 .UNSPECIFIED.,.F.,.F.,(3,3),(0.,1.),.PIECEWISE_BEZIER_KNOTS.);
#414=B_SPLINE_CURVE_WITH_KNOTS('',2,(#13369,#13370,#13371),
 .UNSPECIFIED.,.F.,.F.,(3,3),(0.,1.),.PIECEWISE_BEZIER_KNOTS.);
#415=B_SPLINE_CURVE_WITH_KNOTS('',2,(#13386,#13387,#13388),
 .UNSPECIFIED.,.F.,.F.,(3,3),(0.,1.),.PIECEWISE_BEZIER_KNOTS.);
#416=B_SPLINE_CURVE_WITH_KNOTS('',2,(#13399,#13400,#13401),
 .UNSPECIFIED.,.F.,.F.,(3,3),(0.,1.),.PIECEWISE_BEZIER_KNOTS.);
#417=B_SPLINE_CURVE_WITH_KNOTS('',2,(#13412,#13413,#13414),
 .UNSPECIFIED.,.F.,.F.,(3,3),(0.,1.),.PIECEWISE_BEZIER_KNOTS.);
#418=B_SPLINE_CURVE_WITH_KNOTS('',2,(#13425,#13426,#13427),
 .UNSPECIFIED.,.F.,.F.,(3,3),(0.,1.),.PIECEWISE_BEZIER_KNOTS.);
#419=B_SPLINE_CURVE_WITH_KNOTS('',2,(#13442,#13443,#13444),
 .UNSPECIFIED.,.F.,.F.,(3,3),(0.,1.),.PIECEWISE_BEZIER_KNOTS.);
#420=B_SPLINE_CURVE_WITH_KNOTS('',2,(#13453,#13454,#13455),
 .UNSPECIFIED.,.F.,.F.,(3,3),(0.,1.),.PIECEWISE_BEZIER_KNOTS.);
#421=B_SPLINE_CURVE_WITH_KNOTS('',2,(#13464,#13465,#13466),
 .UNSPECIFIED.,.F.,.F.,(3,3),(0.,1.),.PIECEWISE_BEZIER_KNOTS.);
#422=B_SPLINE_CURVE_WITH_KNOTS('',2,(#13467,#13468,#13469),
 .UNSPECIFIED.,.F.,.F.,(3,3),(0.,1.),.PIECEWISE_BEZIER_KNOTS.);
#423=B_SPLINE_CURVE_WITH_KNOTS('',2,(#13479,#13480,#13481),
 .UNSPECIFIED.,.F.,.F.,(3,3),(0.,1.),.PIECEWISE_BEZIER_KNOTS.);
#424=B_SPLINE_CURVE_WITH_KNOTS('',2,(#13486,#13487,#13488),
 .UNSPECIFIED.,.F.,.F.,(3,3),(0.,1.),.PIECEWISE_BEZIER_KNOTS.);
#425=B_SPLINE_CURVE_WITH_KNOTS('',2,(#13499,#13500,#13501),
 .UNSPECIFIED.,.F.,.F.,(3,3),(0.,1.),.PIECEWISE_BEZIER_KNOTS.);
#426=B_SPLINE_CURVE_WITH_KNOTS('',2,(#13505,#13506,#13507),
 .UNSPECIFIED.,.F.,.F.,(3,3),(0.,1.),.PIECEWISE_BEZIER_KNOTS.);
#427=B_SPLINE_CURVE_WITH_KNOTS('',2,(#13516,#13517,#13518),
 .UNSPECIFIED.,.F.,.F.,(3,3),(0.,1.),.PIECEWISE_BEZIER_KNOTS.);
#428=B_SPLINE_CURVE_WITH_KNOTS('',2,(#13522,#13523,#13524),
 .UNSPECIFIED.,.F.,.F.,(3,3),(0.,1.),.PIECEWISE_BEZIER_KNOTS.);
#429=B_SPLINE_CURVE_WITH_KNOTS('',2,(#13533,#13534,#13535),
 .UNSPECIFIED.,.F.,.F.,(3,3),(0.,1.),.PIECEWISE_BEZIER_KNOTS.);
#430=B_SPLINE_CURVE_WITH_KNOTS('',2,(#13539,#13540,#13541),
 .UNSPECIFIED.,.F.,.F.,(3,3),(0.,1.),.PIECEWISE_BEZIER_KNOTS.);
#431=B_SPLINE_CURVE_WITH_KNOTS('',2,(#13556,#13557,#13558),
 .UNSPECIFIED.,.F.,.F.,(3,3),(0.,1.),.PIECEWISE_BEZIER_KNOTS.);
#432=B_SPLINE_CURVE_WITH_KNOTS('',2,(#13562,#13563,#13564),
 .UNSPECIFIED.,.F.,.F.,(3,3),(0.,1.),.PIECEWISE_BEZIER_KNOTS.);
#433=B_SPLINE_CURVE_WITH_KNOTS('',2,(#13573,#13574,#13575),
 .UNSPECIFIED.,.F.,.F.,(3,3),(0.,1.),.PIECEWISE_BEZIER_KNOTS.);
#434=B_SPLINE_CURVE_WITH_KNOTS('',2,(#13579,#13580,#13581),
 .UNSPECIFIED.,.F.,.F.,(3,3),(0.,1.),.PIECEWISE_BEZIER_KNOTS.);
#435=B_SPLINE_CURVE_WITH_KNOTS('',2,(#13590,#13591,#13592),
 .UNSPECIFIED.,.F.,.F.,(3,3),(0.,1.),.PIECEWISE_BEZIER_KNOTS.);
#436=B_SPLINE_CURVE_WITH_KNOTS('',2,(#13596,#13597,#13598),
 .UNSPECIFIED.,.F.,.F.,(3,3),(0.,1.),.PIECEWISE_BEZIER_KNOTS.);
#437=B_SPLINE_CURVE_WITH_KNOTS('',2,(#13607,#13608,#13609),
 .UNSPECIFIED.,.F.,.F.,(3,3),(0.,1.),.PIECEWISE_BEZIER_KNOTS.);
#438=B_SPLINE_CURVE_WITH_KNOTS('',2,(#13613,#13614,#13615),
 .UNSPECIFIED.,.F.,.F.,(3,3),(0.,1.),.PIECEWISE_BEZIER_KNOTS.);
#439=B_SPLINE_CURVE_WITH_KNOTS('',2,(#13624,#13625,#13626),
 .UNSPECIFIED.,.F.,.F.,(3,3),(0.,1.),.PIECEWISE_BEZIER_KNOTS.);
#440=B_SPLINE_CURVE_WITH_KNOTS('',2,(#13630,#13631,#13632),
 .UNSPECIFIED.,.F.,.F.,(3,3),(0.,1.),.PIECEWISE_BEZIER_KNOTS.);
#441=B_SPLINE_CURVE_WITH_KNOTS('',2,(#13661,#13662,#13663),
 .UNSPECIFIED.,.F.,.F.,(3,3),(0.,1.),.PIECEWISE_BEZIER_KNOTS.);
#442=B_SPLINE_CURVE_WITH_KNOTS('',2,(#13676,#13677,#13678),
 .UNSPECIFIED.,.F.,.F.,(3,3),(0.,1.),.PIECEWISE_BEZIER_KNOTS.);
#443=B_SPLINE_CURVE_WITH_KNOTS('',2,(#13693,#13694,#13695),
 .UNSPECIFIED.,.F.,.F.,(3,3),(0.,1.),.PIECEWISE_BEZIER_KNOTS.);
#444=B_SPLINE_CURVE_WITH_KNOTS('',2,(#13710,#13711,#13712),
 .UNSPECIFIED.,.F.,.F.,(3,3),(0.,1.),.PIECEWISE_BEZIER_KNOTS.);
#445=B_SPLINE_CURVE_WITH_KNOTS('',2,(#13727,#13728,#13729),
 .UNSPECIFIED.,.F.,.F.,(3,3),(0.,1.),.PIECEWISE_BEZIER_KNOTS.);
#446=B_SPLINE_CURVE_WITH_KNOTS('',2,(#13740,#13741,#13742),
 .UNSPECIFIED.,.F.,.F.,(3,3),(0.,1.),.PIECEWISE_BEZIER_KNOTS.);
#447=B_SPLINE_CURVE_WITH_KNOTS('',2,(#13753,#13754,#13755),
 .UNSPECIFIED.,.F.,.F.,(3,3),(0.,1.),.PIECEWISE_BEZIER_KNOTS.);
#448=B_SPLINE_CURVE_WITH_KNOTS('',2,(#13766,#13767,#13768),
 .UNSPECIFIED.,.F.,.F.,(3,3),(0.,1.),.PIECEWISE_BEZIER_KNOTS.);
#449=B_SPLINE_CURVE_WITH_KNOTS('',2,(#13783,#13784,#13785),
 .UNSPECIFIED.,.F.,.F.,(3,3),(0.,1.),.PIECEWISE_BEZIER_KNOTS.);
#450=B_SPLINE_CURVE_WITH_KNOTS('',2,(#13794,#13795,#13796),
 .UNSPECIFIED.,.F.,.F.,(3,3),(0.,1.),.PIECEWISE_BEZIER_KNOTS.);
#451=B_SPLINE_CURVE_WITH_KNOTS('',2,(#13805,#13806,#13807),
 .UNSPECIFIED.,.F.,.F.,(3,3),(0.,1.),.PIECEWISE_BEZIER_KNOTS.);
#452=B_SPLINE_CURVE_WITH_KNOTS('',2,(#13808,#13809,#13810),
 .UNSPECIFIED.,.F.,.F.,(3,3),(0.,1.),.PIECEWISE_BEZIER_KNOTS.);
#453=B_SPLINE_CURVE_WITH_KNOTS('',2,(#13822,#13823,#13824),
 .UNSPECIFIED.,.F.,.F.,(3,3),(0.,1.),.PIECEWISE_BEZIER_KNOTS.);
#454=B_SPLINE_CURVE_WITH_KNOTS('',2,(#13845,#13846,#13847),
 .UNSPECIFIED.,.F.,.F.,(3,3),(0.,1.),.PIECEWISE_BEZIER_KNOTS.);
#455=B_SPLINE_CURVE_WITH_KNOTS('',2,(#13858,#13859,#13860),
 .UNSPECIFIED.,.F.,.F.,(3,3),(0.,1.),.PIECEWISE_BEZIER_KNOTS.);
#456=B_SPLINE_CURVE_WITH_KNOTS('',2,(#13883,#13884,#13885),
 .UNSPECIFIED.,.F.,.F.,(3,3),(0.,1.),.PIECEWISE_BEZIER_KNOTS.);
#457=B_SPLINE_CURVE_WITH_KNOTS('',2,(#13896,#13897,#13898),
 .UNSPECIFIED.,.F.,.F.,(3,3),(0.,1.),.PIECEWISE_BEZIER_KNOTS.);
#458=B_SPLINE_CURVE_WITH_KNOTS('',2,(#13909,#13910,#13911),
 .UNSPECIFIED.,.F.,.F.,(3,3),(0.,1.),.PIECEWISE_BEZIER_KNOTS.);
#459=B_SPLINE_CURVE_WITH_KNOTS('',2,(#13922,#13923,#13924),
 .UNSPECIFIED.,.F.,.F.,(3,3),(0.,1.),.PIECEWISE_BEZIER_KNOTS.);
#460=B_SPLINE_CURVE_WITH_KNOTS('',2,(#13935,#13936,#13937),
 .UNSPECIFIED.,.F.,.F.,(3,3),(0.,1.),.PIECEWISE_BEZIER_KNOTS.);
#461=B_SPLINE_CURVE_WITH_KNOTS('',2,(#13960,#13961,#13962),
 .UNSPECIFIED.,.F.,.F.,(3,3),(0.,1.),.PIECEWISE_BEZIER_KNOTS.);
#462=B_SPLINE_CURVE_WITH_KNOTS('',2,(#13973,#13974,#13975),
 .UNSPECIFIED.,.F.,.F.,(3,3),(0.,1.),.PIECEWISE_BEZIER_KNOTS.);
#463=B_SPLINE_CURVE_WITH_KNOTS('',2,(#13990,#13991,#13992),
 .UNSPECIFIED.,.F.,.F.,(3,3),(0.,1.),.PIECEWISE_BEZIER_KNOTS.);
#464=B_SPLINE_CURVE_WITH_KNOTS('',2,(#14003,#14004,#14005),
 .UNSPECIFIED.,.F.,.F.,(3,3),(0.,1.),.PIECEWISE_BEZIER_KNOTS.);
#465=B_SPLINE_CURVE_WITH_KNOTS('',2,(#14016,#14017,#14018),
 .UNSPECIFIED.,.F.,.F.,(3,3),(0.,1.),.PIECEWISE_BEZIER_KNOTS.);
#466=B_SPLINE_CURVE_WITH_KNOTS('',2,(#14029,#14030,#14031),
 .UNSPECIFIED.,.F.,.F.,(3,3),(0.,1.),.PIECEWISE_BEZIER_KNOTS.);
#467=B_SPLINE_CURVE_WITH_KNOTS('',2,(#14046,#14047,#14048),
 .UNSPECIFIED.,.F.,.F.,(3,3),(0.,1.),.PIECEWISE_BEZIER_KNOTS.);
#468=B_SPLINE_CURVE_WITH_KNOTS('',2,(#14059,#14060,#14061),
 .UNSPECIFIED.,.F.,.F.,(3,3),(0.,1.),.PIECEWISE_BEZIER_KNOTS.);
#469=B_SPLINE_CURVE_WITH_KNOTS('',2,(#14072,#14073,#14074),
 .UNSPECIFIED.,.F.,.F.,(3,3),(0.,1.),.PIECEWISE_BEZIER_KNOTS.);
#470=B_SPLINE_CURVE_WITH_KNOTS('',2,(#14085,#14086,#14087),
 .UNSPECIFIED.,.F.,.F.,(3,3),(0.,1.),.PIECEWISE_BEZIER_KNOTS.);
#471=B_SPLINE_CURVE_WITH_KNOTS('',2,(#14098,#14099,#14100),
 .UNSPECIFIED.,.F.,.F.,(3,3),(0.,1.),.PIECEWISE_BEZIER_KNOTS.);
#472=B_SPLINE_CURVE_WITH_KNOTS('',2,(#14111,#14112,#14113),
 .UNSPECIFIED.,.F.,.F.,(3,3),(0.,1.),.PIECEWISE_BEZIER_KNOTS.);
#473=B_SPLINE_CURVE_WITH_KNOTS('',2,(#14126,#14127,#14128),
 .UNSPECIFIED.,.F.,.F.,(3,3),(0.,1.),.PIECEWISE_BEZIER_KNOTS.);
#474=CYLINDRICAL_SURFACE('',#7903,0.0016);
#475=CYLINDRICAL_SURFACE('',#7906,0.0016);
#476=CYLINDRICAL_SURFACE('',#7909,0.0016);
#477=CYLINDRICAL_SURFACE('',#7954,0.06);
#478=CYLINDRICAL_SURFACE('',#7958,0.0665000000000024);
#479=CYLINDRICAL_SURFACE('',#7962,0.005);
#480=CYLINDRICAL_SURFACE('',#7978,0.007);
#481=CYLINDRICAL_SURFACE('',#8011,0.005);
#482=CYLINDRICAL_SURFACE('',#8013,0.005);
#483=CYLINDRICAL_SURFACE('',#8017,0.01);
#484=CYLINDRICAL_SURFACE('',#8029,0.0635000000000024);
#485=CYLINDRICAL_SURFACE('',#8038,0.002);
#486=CYLINDRICAL_SURFACE('',#8040,0.002);
#487=CYLINDRICAL_SURFACE('',#8042,0.002);
#488=CYLINDRICAL_SURFACE('',#8047,0.057);
#489=CYLINDRICAL_SURFACE('',#8062,0.004);
#490=CYLINDRICAL_SURFACE('',#8066,0.004);
#491=CYLINDRICAL_SURFACE('',#8068,0.004);
#492=CYLINDRICAL_SURFACE('',#8087,0.001);
#493=CYLINDRICAL_SURFACE('',#8090,0.001);
#494=CYLINDRICAL_SURFACE('',#8093,0.001);
#495=CYLINDRICAL_SURFACE('',#8096,0.001);
#496=CYLINDRICAL_SURFACE('',#8099,0.001);
#497=CYLINDRICAL_SURFACE('',#8102,0.002);
#498=CYLINDRICAL_SURFACE('',#8104,0.002);
#499=CYLINDRICAL_SURFACE('',#8107,0.002);
#500=CYLINDRICAL_SURFACE('',#8109,0.01);
#501=CYLINDRICAL_SURFACE('',#8111,0.003);
#502=CYLINDRICAL_SURFACE('',#8113,0.01);
#503=CYLINDRICAL_SURFACE('',#8115,0.003);
#504=CYLINDRICAL_SURFACE('',#8117,0.01);
#505=CYLINDRICAL_SURFACE('',#8119,0.003);
#506=CYLINDRICAL_SURFACE('',#8139,0.01);
#507=CYLINDRICAL_SURFACE('',#8140,0.003);
#508=CYLINDRICAL_SURFACE('',#8142,0.001);
#509=CYLINDRICAL_SURFACE('',#8144,0.001);
#510=CYLINDRICAL_SURFACE('',#8146,0.001);
#511=CYLINDRICAL_SURFACE('',#8147,0.001);
#512=CYLINDRICAL_SURFACE('',#8150,0.001);
#513=CYLINDRICAL_SURFACE('',#8152,0.001);
#514=CYLINDRICAL_SURFACE('',#8154,0.001);
#515=CYLINDRICAL_SURFACE('',#8158,0.001);
#516=CYLINDRICAL_SURFACE('',#8162,0.001);
#517=CYLINDRICAL_SURFACE('',#8166,0.001);
#518=CYLINDRICAL_SURFACE('',#8168,0.001);
#519=CYLINDRICAL_SURFACE('',#8170,0.001);
#520=CYLINDRICAL_SURFACE('',#8174,0.001);
#521=CYLINDRICAL_SURFACE('',#8178,0.001);
#522=CYLINDRICAL_SURFACE('',#8181,0.001);
#523=CYLINDRICAL_SURFACE('',#8183,0.001);
#524=CYLINDRICAL_SURFACE('',#8187,0.001);
#525=CYLINDRICAL_SURFACE('',#8189,0.001);
#526=CYLINDRICAL_SURFACE('',#8194,0.00075);
#527=CYLINDRICAL_SURFACE('',#8196,0.00075);
#528=CYLINDRICAL_SURFACE('',#8198,0.00075);
#529=CYLINDRICAL_SURFACE('',#8199,0.00075);
#530=CYLINDRICAL_SURFACE('',#8201,0.00075);
#531=CYLINDRICAL_SURFACE('',#8205,0.001);
#532=CYLINDRICAL_SURFACE('',#8209,0.001);
#533=CYLINDRICAL_SURFACE('',#8213,0.001);
#534=CYLINDRICAL_SURFACE('',#8215,0.001);
#535=CYLINDRICAL_SURFACE('',#8217,0.001);
#536=CYLINDRICAL_SURFACE('',#8221,0.001);
#537=CYLINDRICAL_SURFACE('',#8225,0.001);
#538=CYLINDRICAL_SURFACE('',#8228,0.000540514751679439);
#539=CYLINDRICAL_SURFACE('',#8231,0.000739206268252326);
#540=CYLINDRICAL_SURFACE('',#8237,0.000648286684727711);
#541=CYLINDRICAL_SURFACE('',#8239,0.000574033573954416);
#542=CYLINDRICAL_SURFACE('',#8244,0.00222883389595727);
#543=CYLINDRICAL_SURFACE('',#8247,0.002442228797943);
#544=CYLINDRICAL_SURFACE('',#8251,0.00840668729689381);
#545=CYLINDRICAL_SURFACE('',#8253,0.0152844545704664);
#546=CYLINDRICAL_SURFACE('',#8256,0.00879625680980065);
#547=CYLINDRICAL_SURFACE('',#8258,0.00267250275401103);
#548=CYLINDRICAL_SURFACE('',#8275,0.00150111494332675);
#549=CYLINDRICAL_SURFACE('',#8277,0.00175739413091839);
#550=CYLINDRICAL_SURFACE('',#8279,0.00232609642857493);
#551=CYLINDRICAL_SURFACE('',#8282,0.000571475311204057);
#552=CYLINDRICAL_SURFACE('',#8284,0.0028650044996477);
#553=CYLINDRICAL_SURFACE('',#8289,0.00295913885477039);
#554=CYLINDRICAL_SURFACE('',#8291,0.00705839329315814);
#555=CYLINDRICAL_SURFACE('',#8294,0.0101342761538759);
#556=CYLINDRICAL_SURFACE('',#8297,0.00732913781357422);
#557=CYLINDRICAL_SURFACE('',#8299,0.00371428202839822);
#558=CYLINDRICAL_SURFACE('',#8301,0.00607822218202024);
#559=CYLINDRICAL_SURFACE('',#8304,0.00151233803641767);
#560=CYLINDRICAL_SURFACE('',#8306,0.000839021925836484);
#561=CYLINDRICAL_SURFACE('',#8313,0.00206407562227533);
#562=CYLINDRICAL_SURFACE('',#8318,0.00241039129975688);
#563=CYLINDRICAL_SURFACE('',#8325,0.000540514751626334);
#564=CYLINDRICAL_SURFACE('',#8328,0.000739206268208946);
#565=CYLINDRICAL_SURFACE('',#8334,0.000648286684738178);
#566=CYLINDRICAL_SURFACE('',#8336,0.000574033573954433);
#567=CYLINDRICAL_SURFACE('',#8341,0.00222883389595727);
#568=CYLINDRICAL_SURFACE('',#8344,0.00244222879794294);
#569=CYLINDRICAL_SURFACE('',#8349,0.00270539012025804);
#570=CYLINDRICAL_SURFACE('',#8353,0.00270539012023312);
#571=CYLINDRICAL_SURFACE('',#8356,0.00242856688206297);
#572=CYLINDRICAL_SURFACE('',#8359,0.00242856688206242);
#573=CYLINDRICAL_SURFACE('',#8364,0.00270539012025761);
#574=CYLINDRICAL_SURFACE('',#8368,0.00270539012025823);
#575=CYLINDRICAL_SURFACE('',#8371,0.00242856688206301);
#576=CYLINDRICAL_SURFACE('',#8374,0.00242856688206243);
#577=CYLINDRICAL_SURFACE('',#8378,0.00327516078867806);
#578=CYLINDRICAL_SURFACE('',#8380,0.00242092823791092);
#579=CYLINDRICAL_SURFACE('',#8382,0.00347687251594114);
#580=CYLINDRICAL_SURFACE('',#8384,0.0117324108234931);
#581=CYLINDRICAL_SURFACE('',#8387,0.0018466435454702);
#582=CYLINDRICAL_SURFACE('',#8389,0.00304642001721719);
#583=CYLINDRICAL_SURFACE('',#8392,0.00307802113315568);
#584=CYLINDRICAL_SURFACE('',#8423,0.001625);
#585=CYLINDRICAL_SURFACE('',#8429,0.001625);
#586=CYLINDRICAL_SURFACE('',#8432,0.01);
#587=CYLINDRICAL_SURFACE('',#8434,0.06);
#588=CYLINDRICAL_SURFACE('',#8437,0.0695000000000024);
#589=CYLINDRICAL_SURFACE('',#8442,0.002);
#590=CYLINDRICAL_SURFACE('',#8444,0.002);
#591=CYLINDRICAL_SURFACE('',#8450,0.002);
#592=CYLINDRICAL_SURFACE('',#8451,0.002);
#593=CYLINDRICAL_SURFACE('',#8452,0.002);
#594=CYLINDRICAL_SURFACE('',#8453,0.002);
#595=CYLINDRICAL_SURFACE('',#8454,0.002);
#596=CYLINDRICAL_SURFACE('',#8455,0.002);
#597=CYLINDRICAL_SURFACE('',#8456,0.002);
#598=CYLINDRICAL_SURFACE('',#8457,0.002);
#599=CYLINDRICAL_SURFACE('',#8458,0.002);
#600=CIRCLE('',#7892,0.002);
#601=CIRCLE('',#7893,0.002);
#602=CIRCLE('',#7894,0.002);
#603=CIRCLE('',#7895,0.001);
#604=CIRCLE('',#7904,0.0016);
#605=CIRCLE('',#7905,0.0016);
#606=CIRCLE('',#7907,0.0016);
#607=CIRCLE('',#7908,0.0016);
#608=CIRCLE('',#7910,0.0016);
#609=CIRCLE('',#7911,0.0016);
#610=CIRCLE('',#7913,0.00242856688206242);
#611=CIRCLE('',#7914,0.00242856688206297);
#612=CIRCLE('',#7915,0.00241039129975688);
#613=CIRCLE('',#7916,0.00206407562227533);
#614=CIRCLE('',#7917,0.000839021925836484);
#615=CIRCLE('',#7918,0.00151233803641767);
#616=CIRCLE('',#7919,0.00607822218202024);
#617=CIRCLE('',#7920,0.00371428202839822);
#618=CIRCLE('',#7921,0.00732913781357422);
#619=CIRCLE('',#7922,0.0101342761538759);
#620=CIRCLE('',#7923,0.00705839329315814);
#621=CIRCLE('',#7924,0.00295913885477039);
#622=CIRCLE('',#7925,0.0028650044996477);
#623=CIRCLE('',#7926,0.000571475311204057);
#624=CIRCLE('',#7927,0.00232609642857493);
#625=CIRCLE('',#7928,0.00175739413091839);
#626=CIRCLE('',#7929,0.00150111494332675);
#627=CIRCLE('',#7930,0.00840668729689381);
#628=CIRCLE('',#7931,0.00267250275401103);
#629=CIRCLE('',#7932,0.00879625680980065);
#630=CIRCLE('',#7933,0.0152844545704664);
#631=CIRCLE('',#7934,0.002442228797943);
#632=CIRCLE('',#7935,0.00222883389595727);
#633=CIRCLE('',#7936,0.000574033573954416);
#634=CIRCLE('',#7937,0.000648286684727711);
#635=CIRCLE('',#7938,0.0615000000000024);
#636=CIRCLE('',#7939,0.00244222879794294);
#637=CIRCLE('',#7940,0.00222883389595727);
#638=CIRCLE('',#7941,0.000574033573954433);
#639=CIRCLE('',#7942,0.000648286684738178);
#640=CIRCLE('',#7943,0.00242856688206243);
#641=CIRCLE('',#7944,0.00242856688206301);
#642=CIRCLE('',#7945,0.00327516078867806);
#643=CIRCLE('',#7946,0.00307802113315568);
#644=CIRCLE('',#7947,0.00304642001721719);
#645=CIRCLE('',#7948,0.0018466435454702);
#646=CIRCLE('',#7949,0.0117324108234931);
#647=CIRCLE('',#7950,0.00347687251594114);
#648=CIRCLE('',#7951,0.00242092823791092);
#649=CIRCLE('',#7953,0.00075);
#650=CIRCLE('',#7955,0.06);
#651=CIRCLE('',#7956,0.06);
#652=CIRCLE('',#7959,0.0665000000000024);
#653=CIRCLE('',#7960,0.0665000000000024);
#654=CIRCLE('',#7961,0.0665000000000024);
#655=CIRCLE('',#7963,0.005);
#656=CIRCLE('',#7964,0.005);
#657=CIRCLE('',#7966,0.007);
#658=CIRCLE('',#7967,0.001);
#659=CIRCLE('',#7968,0.001);
#660=CIRCLE('',#7969,0.001);
#661=CIRCLE('',#7975,0.002);
#662=CIRCLE('',#7976,0.002);
#663=CIRCLE('',#7977,0.002);
#664=CIRCLE('',#7979,0.007);
#665=CIRCLE('',#7980,0.007);
#666=CIRCLE('',#7982,0.055);
#667=CIRCLE('',#7983,0.0715000000000024);
#668=CIRCLE('',#7984,0.005);
#669=CIRCLE('',#7987,0.002);
#670=CIRCLE('',#7988,0.01);
#671=CIRCLE('',#7989,0.002);
#672=CIRCLE('',#7990,0.0695000000000024);
#673=CIRCLE('',#7991,0.002);
#674=CIRCLE('',#7992,0.01);
#675=CIRCLE('',#7993,0.002);
#676=CIRCLE('',#7994,0.002);
#677=CIRCLE('',#7995,0.01);
#678=CIRCLE('',#7996,0.002);
#679=CIRCLE('',#7997,0.06);
#680=CIRCLE('',#7998,0.01);
#681=CIRCLE('',#7999,0.002);
#682=CIRCLE('',#8000,0.01);
#683=CIRCLE('',#8001,0.002);
#684=CIRCLE('',#8002,0.003);
#685=CIRCLE('',#8003,0.003);
#686=CIRCLE('',#8004,0.003);
#687=CIRCLE('',#8005,0.003);
#688=CIRCLE('',#8006,0.057);
#689=CIRCLE('',#8007,0.0635000000000024);
#690=CIRCLE('',#8009,0.005);
#691=CIRCLE('',#8010,0.005);
#692=CIRCLE('',#8012,0.005);
#693=CIRCLE('',#8014,0.005);
#694=CIRCLE('',#8015,0.005);
#695=CIRCLE('',#8018,0.01);
#696=CIRCLE('',#8019,0.01);
#697=CIRCLE('',#8023,0.008);
#698=CIRCLE('',#8024,0.008);
#699=CIRCLE('',#8025,0.0715000000000024);
#700=CIRCLE('',#8026,0.055);
#701=CIRCLE('',#8027,0.005);
#702=CIRCLE('',#8030,0.0635000000000024);
#703=CIRCLE('',#8031,0.0635000000000024);
#704=CIRCLE('',#8034,0.0615000000000024);
#705=CIRCLE('',#8036,0.008);
#706=CIRCLE('',#8037,0.008);
#707=CIRCLE('',#8041,0.002);
#708=CIRCLE('',#8043,0.002);
#709=CIRCLE('',#8044,0.002);
#710=CIRCLE('',#8048,0.057);
#711=CIRCLE('',#8056,0.004);
#712=CIRCLE('',#8057,0.004);
#713=CIRCLE('',#8059,0.005);
#714=CIRCLE('',#8060,0.005);
#715=CIRCLE('',#8061,0.005);
#716=CIRCLE('',#8063,0.004);
#717=CIRCLE('',#8064,0.004);
#718=CIRCLE('',#8067,0.004);
#719=CIRCLE('',#8069,0.004);
#720=CIRCLE('',#8071,0.00075);
#721=CIRCLE('',#8073,0.00075);
#722=CIRCLE('',#8074,0.00075);
#723=CIRCLE('',#8076,0.004);
#724=CIRCLE('',#8084,0.001);
#725=CIRCLE('',#8088,0.001);
#726=CIRCLE('',#8089,0.001);
#727=CIRCLE('',#8091,0.001);
#728=CIRCLE('',#8092,0.001);
#729=CIRCLE('',#8094,0.001);
#730=CIRCLE('',#8095,0.001);
#731=CIRCLE('',#8097,0.001);
#732=CIRCLE('',#8098,0.001);
#733=CIRCLE('',#8100,0.001);
#734=CIRCLE('',#8101,0.001);
#735=CIRCLE('',#8110,0.01);
#736=CIRCLE('',#8112,0.003);
#737=CIRCLE('',#8114,0.01);
#738=CIRCLE('',#8116,0.003);
#739=CIRCLE('',#8118,0.01);
#740=CIRCLE('',#8120,0.003);
#741=CIRCLE('',#8122,0.0685000000000024);
#742=CIRCLE('',#8123,0.062);
#743=CIRCLE('',#8124,0.012);
#744=CIRCLE('',#8125,0.002);
#745=CIRCLE('',#8126,0.002);
#746=CIRCLE('',#8127,0.002);
#747=CIRCLE('',#8128,0.01);
#748=CIRCLE('',#8129,0.06);
#749=CIRCLE('',#8130,0.002);
#750=CIRCLE('',#8131,0.01);
#751=CIRCLE('',#8132,0.002);
#752=CIRCLE('',#8133,0.002);
#753=CIRCLE('',#8134,0.002);
#754=CIRCLE('',#8135,0.0695000000000024);
#755=CIRCLE('',#8136,0.002);
#756=CIRCLE('',#8137,0.003);
#757=CIRCLE('',#8155,0.001);
#758=CIRCLE('',#8157,0.001);
#759=CIRCLE('',#8159,0.001);
#760=CIRCLE('',#8161,0.001);
#761=CIRCLE('',#8163,0.001);
#762=CIRCLE('',#8165,0.001);
#763=CIRCLE('',#8171,0.001);
#764=CIRCLE('',#8173,0.001);
#765=CIRCLE('',#8175,0.001);
#766=CIRCLE('',#8177,0.001);
#767=CIRCLE('',#8179,0.001);
#768=CIRCLE('',#8182,0.001);
#769=CIRCLE('',#8184,0.001);
#770=CIRCLE('',#8186,0.001);
#771=CIRCLE('',#8200,0.00075);
#772=CIRCLE('',#8202,0.00075);
#773=CIRCLE('',#8204,0.001);
#774=CIRCLE('',#8206,0.001);
#775=CIRCLE('',#8208,0.001);
#776=CIRCLE('',#8210,0.001);
#777=CIRCLE('',#8212,0.001);
#778=CIRCLE('',#8218,0.001);
#779=CIRCLE('',#8220,0.001);
#780=CIRCLE('',#8222,0.001);
#781=CIRCLE('',#8224,0.001);
#782=CIRCLE('',#8229,0.000540514751679439);
#783=CIRCLE('',#8230,0.000540514751679439);
#784=CIRCLE('',#8232,0.000739206268252326);
#785=CIRCLE('',#8233,0.000739206268252326);
#786=CIRCLE('',#8238,0.000648286684727711);
#787=CIRCLE('',#8240,0.000574033573954416);
#788=CIRCLE('',#8245,0.00222883389595727);
#789=CIRCLE('',#8248,0.002442228797943);
#790=CIRCLE('',#8252,0.00840668729689381);
#791=CIRCLE('',#8254,0.0152844545704664);
#792=CIRCLE('',#8257,0.00879625680980065);
#793=CIRCLE('',#8259,0.00267250275401103);
#794=CIRCLE('',#8276,0.00150111494332675);
#795=CIRCLE('',#8278,0.00175739413091839);
#796=CIRCLE('',#8280,0.00232609642857493);
#797=CIRCLE('',#8283,0.000571475311204057);
#798=CIRCLE('',#8285,0.0028650044996477);
#799=CIRCLE('',#8290,0.00295913885477039);
#800=CIRCLE('',#8292,0.00705839329315814);
#801=CIRCLE('',#8295,0.0101342761538759);
#802=CIRCLE('',#8298,0.00732913781357422);
#803=CIRCLE('',#8300,0.00371428202839822);
#804=CIRCLE('',#8302,0.00607822218202024);
#805=CIRCLE('',#8305,0.00151233803641767);
#806=CIRCLE('',#8307,0.000839021925836484);
#807=CIRCLE('',#8314,0.00206407562227533);
#808=CIRCLE('',#8319,0.00241039129975688);
#809=CIRCLE('',#8326,0.000540514751626334);
#810=CIRCLE('',#8327,0.000540514751626334);
#811=CIRCLE('',#8329,0.000739206268208946);
#812=CIRCLE('',#8330,0.000739206268208946);
#813=CIRCLE('',#8335,0.000648286684738178);
#814=CIRCLE('',#8337,0.000574033573954433);
#815=CIRCLE('',#8342,0.00222883389595727);
#816=CIRCLE('',#8345,0.00244222879794294);
#817=CIRCLE('',#8350,0.00270539012025804);
#818=CIRCLE('',#8351,0.00270539012025804);
#819=CIRCLE('',#8354,0.00270539012023312);
#820=CIRCLE('',#8355,0.00270539012023312);
#821=CIRCLE('',#8357,0.00242856688206297);
#822=CIRCLE('',#8360,0.00242856688206242);
#823=CIRCLE('',#8365,0.00270539012025761);
#824=CIRCLE('',#8366,0.00270539012025761);
#825=CIRCLE('',#8369,0.00270539012025823);
#826=CIRCLE('',#8370,0.00270539012025823);
#827=CIRCLE('',#8372,0.00242856688206301);
#828=CIRCLE('',#8375,0.00242856688206243);
#829=CIRCLE('',#8379,0.00327516078867806);
#830=CIRCLE('',#8381,0.00242092823791092);
#831=CIRCLE('',#8383,0.00347687251594114);
#832=CIRCLE('',#8385,0.0117324108234931);
#833=CIRCLE('',#8388,0.0018466435454702);
#834=CIRCLE('',#8390,0.00304642001721719);
#835=CIRCLE('',#8393,0.00307802113315568);
#836=CIRCLE('',#8419,0.005);
#837=CIRCLE('',#8420,0.001625);
#838=CIRCLE('',#8422,0.001625);
#839=CIRCLE('',#8425,0.005);
#840=CIRCLE('',#8426,0.001625);
#841=CIRCLE('',#8428,0.001625);
#842=CIRCLE('',#8440,0.002);
#843=CIRCLE('',#8441,0.002);
#844=CIRCLE('',#8443,0.002);
#845=CIRCLE('',#8445,0.002);
#846=CIRCLE('',#8447,0.002);
#847=CIRCLE('',#8449,0.002);
#848=ORIENTED_EDGE('',*,*,#3162,.T.);
#849=ORIENTED_EDGE('',*,*,#3163,.T.);
#850=ORIENTED_EDGE('',*,*,#3164,.T.);
#851=ORIENTED_EDGE('',*,*,#3165,.T.);
#852=ORIENTED_EDGE('',*,*,#3166,.T.);
#853=ORIENTED_EDGE('',*,*,#3167,.T.);
#854=ORIENTED_EDGE('',*,*,#3168,.T.);
#855=ORIENTED_EDGE('',*,*,#3169,.T.);
#856=ORIENTED_EDGE('',*,*,#3170,.T.);
#857=ORIENTED_EDGE('',*,*,#3171,.T.);
#858=ORIENTED_EDGE('',*,*,#3172,.T.);
#859=ORIENTED_EDGE('',*,*,#3173,.T.);
#860=ORIENTED_EDGE('',*,*,#3174,.T.);
#861=ORIENTED_EDGE('',*,*,#3175,.T.);
#862=ORIENTED_EDGE('',*,*,#3176,.T.);
#863=ORIENTED_EDGE('',*,*,#3177,.F.);
#864=ORIENTED_EDGE('',*,*,#3178,.T.);
#865=ORIENTED_EDGE('',*,*,#3179,.T.);
#866=ORIENTED_EDGE('',*,*,#3180,.T.);
#867=ORIENTED_EDGE('',*,*,#3181,.T.);
#868=ORIENTED_EDGE('',*,*,#3182,.F.);
#869=ORIENTED_EDGE('',*,*,#3183,.F.);
#870=ORIENTED_EDGE('',*,*,#3184,.T.);
#871=ORIENTED_EDGE('',*,*,#3185,.T.);
#872=ORIENTED_EDGE('',*,*,#3186,.F.);
#873=ORIENTED_EDGE('',*,*,#3187,.T.);
#874=ORIENTED_EDGE('',*,*,#3188,.T.);
#875=ORIENTED_EDGE('',*,*,#3189,.T.);
#876=ORIENTED_EDGE('',*,*,#3190,.F.);
#877=ORIENTED_EDGE('',*,*,#3191,.F.);
#878=ORIENTED_EDGE('',*,*,#3192,.T.);
#879=ORIENTED_EDGE('',*,*,#3193,.T.);
#880=ORIENTED_EDGE('',*,*,#3194,.F.);
#881=ORIENTED_EDGE('',*,*,#3195,.T.);
#882=ORIENTED_EDGE('',*,*,#3196,.T.);
#883=ORIENTED_EDGE('',*,*,#3197,.T.);
#884=ORIENTED_EDGE('',*,*,#3198,.F.);
#885=ORIENTED_EDGE('',*,*,#3199,.F.);
#886=ORIENTED_EDGE('',*,*,#3200,.T.);
#887=ORIENTED_EDGE('',*,*,#3201,.T.);
#888=ORIENTED_EDGE('',*,*,#3202,.F.);
#889=ORIENTED_EDGE('',*,*,#3203,.T.);
#890=ORIENTED_EDGE('',*,*,#3204,.T.);
#891=ORIENTED_EDGE('',*,*,#3205,.T.);
#892=ORIENTED_EDGE('',*,*,#3206,.F.);
#893=ORIENTED_EDGE('',*,*,#3207,.T.);
#894=ORIENTED_EDGE('',*,*,#3208,.F.);
#895=ORIENTED_EDGE('',*,*,#3209,.T.);
#896=ORIENTED_EDGE('',*,*,#3210,.F.);
#897=ORIENTED_EDGE('',*,*,#3211,.T.);
#898=ORIENTED_EDGE('',*,*,#3212,.F.);
#899=ORIENTED_EDGE('',*,*,#3213,.T.);
#900=ORIENTED_EDGE('',*,*,#3214,.T.);
#901=ORIENTED_EDGE('',*,*,#3215,.T.);
#902=ORIENTED_EDGE('',*,*,#3216,.T.);
#903=ORIENTED_EDGE('',*,*,#3217,.T.);
#904=ORIENTED_EDGE('',*,*,#3218,.T.);
#905=ORIENTED_EDGE('',*,*,#3219,.T.);
#906=ORIENTED_EDGE('',*,*,#3220,.T.);
#907=ORIENTED_EDGE('',*,*,#3221,.T.);
#908=ORIENTED_EDGE('',*,*,#3222,.T.);
#909=ORIENTED_EDGE('',*,*,#3223,.T.);
#910=ORIENTED_EDGE('',*,*,#3224,.T.);
#911=ORIENTED_EDGE('',*,*,#3225,.T.);
#912=ORIENTED_EDGE('',*,*,#3226,.T.);
#913=ORIENTED_EDGE('',*,*,#3227,.T.);
#914=ORIENTED_EDGE('',*,*,#3228,.T.);
#915=ORIENTED_EDGE('',*,*,#3229,.T.);
#916=ORIENTED_EDGE('',*,*,#3230,.T.);
#917=ORIENTED_EDGE('',*,*,#3231,.T.);
#918=ORIENTED_EDGE('',*,*,#3232,.T.);
#919=ORIENTED_EDGE('',*,*,#3233,.T.);
#920=ORIENTED_EDGE('',*,*,#3234,.T.);
#921=ORIENTED_EDGE('',*,*,#3235,.T.);
#922=ORIENTED_EDGE('',*,*,#3236,.T.);
#923=ORIENTED_EDGE('',*,*,#3237,.T.);
#924=ORIENTED_EDGE('',*,*,#3238,.T.);
#925=ORIENTED_EDGE('',*,*,#3239,.T.);
#926=ORIENTED_EDGE('',*,*,#3240,.T.);
#927=ORIENTED_EDGE('',*,*,#3241,.T.);
#928=ORIENTED_EDGE('',*,*,#3242,.T.);
#929=ORIENTED_EDGE('',*,*,#3243,.T.);
#930=ORIENTED_EDGE('',*,*,#3244,.T.);
#931=ORIENTED_EDGE('',*,*,#3245,.T.);
#932=ORIENTED_EDGE('',*,*,#3246,.T.);
#933=ORIENTED_EDGE('',*,*,#3247,.T.);
#934=ORIENTED_EDGE('',*,*,#3248,.T.);
#935=ORIENTED_EDGE('',*,*,#3249,.T.);
#936=ORIENTED_EDGE('',*,*,#3250,.T.);
#937=ORIENTED_EDGE('',*,*,#3251,.T.);
#938=ORIENTED_EDGE('',*,*,#3252,.T.);
#939=ORIENTED_EDGE('',*,*,#3253,.T.);
#940=ORIENTED_EDGE('',*,*,#3254,.T.);
#941=ORIENTED_EDGE('',*,*,#3255,.T.);
#942=ORIENTED_EDGE('',*,*,#3256,.T.);
#943=ORIENTED_EDGE('',*,*,#3257,.T.);
#944=ORIENTED_EDGE('',*,*,#3258,.T.);
#945=ORIENTED_EDGE('',*,*,#3259,.T.);
#946=ORIENTED_EDGE('',*,*,#3260,.T.);
#947=ORIENTED_EDGE('',*,*,#3261,.T.);
#948=ORIENTED_EDGE('',*,*,#3262,.T.);
#949=ORIENTED_EDGE('',*,*,#3263,.T.);
#950=ORIENTED_EDGE('',*,*,#3264,.T.);
#951=ORIENTED_EDGE('',*,*,#3265,.T.);
#952=ORIENTED_EDGE('',*,*,#3266,.T.);
#953=ORIENTED_EDGE('',*,*,#3267,.T.);
#954=ORIENTED_EDGE('',*,*,#3268,.T.);
#955=ORIENTED_EDGE('',*,*,#3269,.T.);
#956=ORIENTED_EDGE('',*,*,#3270,.T.);
#957=ORIENTED_EDGE('',*,*,#3271,.T.);
#958=ORIENTED_EDGE('',*,*,#3272,.T.);
#959=ORIENTED_EDGE('',*,*,#3273,.T.);
#960=ORIENTED_EDGE('',*,*,#3274,.T.);
#961=ORIENTED_EDGE('',*,*,#3275,.T.);
#962=ORIENTED_EDGE('',*,*,#3276,.T.);
#963=ORIENTED_EDGE('',*,*,#3277,.T.);
#964=ORIENTED_EDGE('',*,*,#3278,.T.);
#965=ORIENTED_EDGE('',*,*,#3279,.T.);
#966=ORIENTED_EDGE('',*,*,#3280,.T.);
#967=ORIENTED_EDGE('',*,*,#3281,.T.);
#968=ORIENTED_EDGE('',*,*,#3282,.T.);
#969=ORIENTED_EDGE('',*,*,#3283,.T.);
#970=ORIENTED_EDGE('',*,*,#3284,.T.);
#971=ORIENTED_EDGE('',*,*,#3285,.T.);
#972=ORIENTED_EDGE('',*,*,#3286,.T.);
#973=ORIENTED_EDGE('',*,*,#3287,.T.);
#974=ORIENTED_EDGE('',*,*,#3288,.T.);
#975=ORIENTED_EDGE('',*,*,#3289,.T.);
#976=ORIENTED_EDGE('',*,*,#3290,.T.);
#977=ORIENTED_EDGE('',*,*,#3291,.T.);
#978=ORIENTED_EDGE('',*,*,#3292,.T.);
#979=ORIENTED_EDGE('',*,*,#3293,.T.);
#980=ORIENTED_EDGE('',*,*,#3294,.T.);
#981=ORIENTED_EDGE('',*,*,#3295,.T.);
#982=ORIENTED_EDGE('',*,*,#3296,.T.);
#983=ORIENTED_EDGE('',*,*,#3297,.T.);
#984=ORIENTED_EDGE('',*,*,#3298,.T.);
#985=ORIENTED_EDGE('',*,*,#3299,.T.);
#986=ORIENTED_EDGE('',*,*,#3300,.T.);
#987=ORIENTED_EDGE('',*,*,#3301,.T.);
#988=ORIENTED_EDGE('',*,*,#3302,.T.);
#989=ORIENTED_EDGE('',*,*,#3303,.T.);
#990=ORIENTED_EDGE('',*,*,#3304,.T.);
#991=ORIENTED_EDGE('',*,*,#3305,.T.);
#992=ORIENTED_EDGE('',*,*,#3306,.T.);
#993=ORIENTED_EDGE('',*,*,#3307,.T.);
#994=ORIENTED_EDGE('',*,*,#3308,.T.);
#995=ORIENTED_EDGE('',*,*,#3309,.T.);
#996=ORIENTED_EDGE('',*,*,#3310,.T.);
#997=ORIENTED_EDGE('',*,*,#3311,.T.);
#998=ORIENTED_EDGE('',*,*,#3312,.T.);
#999=ORIENTED_EDGE('',*,*,#3313,.T.);
#1000=ORIENTED_EDGE('',*,*,#3314,.T.);
#1001=ORIENTED_EDGE('',*,*,#3315,.T.);
#1002=ORIENTED_EDGE('',*,*,#3316,.T.);
#1003=ORIENTED_EDGE('',*,*,#3317,.T.);
#1004=ORIENTED_EDGE('',*,*,#3318,.T.);
#1005=ORIENTED_EDGE('',*,*,#3319,.T.);
#1006=ORIENTED_EDGE('',*,*,#3320,.T.);
#1007=ORIENTED_EDGE('',*,*,#3321,.T.);
#1008=ORIENTED_EDGE('',*,*,#3322,.T.);
#1009=ORIENTED_EDGE('',*,*,#3323,.T.);
#1010=ORIENTED_EDGE('',*,*,#3324,.T.);
#1011=ORIENTED_EDGE('',*,*,#3325,.T.);
#1012=ORIENTED_EDGE('',*,*,#3326,.T.);
#1013=ORIENTED_EDGE('',*,*,#3327,.T.);
#1014=ORIENTED_EDGE('',*,*,#3328,.T.);
#1015=ORIENTED_EDGE('',*,*,#3329,.T.);
#1016=ORIENTED_EDGE('',*,*,#3330,.T.);
#1017=ORIENTED_EDGE('',*,*,#3331,.T.);
#1018=ORIENTED_EDGE('',*,*,#3332,.T.);
#1019=ORIENTED_EDGE('',*,*,#3333,.T.);
#1020=ORIENTED_EDGE('',*,*,#3334,.T.);
#1021=ORIENTED_EDGE('',*,*,#3335,.T.);
#1022=ORIENTED_EDGE('',*,*,#3336,.T.);
#1023=ORIENTED_EDGE('',*,*,#3337,.T.);
#1024=ORIENTED_EDGE('',*,*,#3338,.T.);
#1025=ORIENTED_EDGE('',*,*,#3339,.T.);
#1026=ORIENTED_EDGE('',*,*,#3340,.T.);
#1027=ORIENTED_EDGE('',*,*,#3341,.T.);
#1028=ORIENTED_EDGE('',*,*,#3342,.T.);
#1029=ORIENTED_EDGE('',*,*,#3343,.T.);
#1030=ORIENTED_EDGE('',*,*,#3344,.T.);
#1031=ORIENTED_EDGE('',*,*,#3345,.T.);
#1032=ORIENTED_EDGE('',*,*,#3346,.T.);
#1033=ORIENTED_EDGE('',*,*,#3347,.T.);
#1034=ORIENTED_EDGE('',*,*,#3348,.T.);
#1035=ORIENTED_EDGE('',*,*,#3349,.T.);
#1036=ORIENTED_EDGE('',*,*,#3350,.T.);
#1037=ORIENTED_EDGE('',*,*,#3351,.T.);
#1038=ORIENTED_EDGE('',*,*,#3352,.T.);
#1039=ORIENTED_EDGE('',*,*,#3353,.T.);
#1040=ORIENTED_EDGE('',*,*,#3354,.T.);
#1041=ORIENTED_EDGE('',*,*,#3355,.T.);
#1042=ORIENTED_EDGE('',*,*,#3356,.T.);
#1043=ORIENTED_EDGE('',*,*,#3357,.T.);
#1044=ORIENTED_EDGE('',*,*,#3358,.T.);
#1045=ORIENTED_EDGE('',*,*,#3359,.T.);
#1046=ORIENTED_EDGE('',*,*,#3360,.T.);
#1047=ORIENTED_EDGE('',*,*,#3361,.T.);
#1048=ORIENTED_EDGE('',*,*,#3362,.T.);
#1049=ORIENTED_EDGE('',*,*,#3363,.T.);
#1050=ORIENTED_EDGE('',*,*,#3364,.T.);
#1051=ORIENTED_EDGE('',*,*,#3365,.T.);
#1052=ORIENTED_EDGE('',*,*,#3366,.T.);
#1053=ORIENTED_EDGE('',*,*,#3367,.T.);
#1054=ORIENTED_EDGE('',*,*,#3368,.T.);
#1055=ORIENTED_EDGE('',*,*,#3369,.T.);
#1056=ORIENTED_EDGE('',*,*,#3370,.T.);
#1057=ORIENTED_EDGE('',*,*,#3371,.T.);
#1058=ORIENTED_EDGE('',*,*,#3372,.T.);
#1059=ORIENTED_EDGE('',*,*,#3373,.T.);
#1060=ORIENTED_EDGE('',*,*,#3374,.T.);
#1061=ORIENTED_EDGE('',*,*,#3375,.T.);
#1062=ORIENTED_EDGE('',*,*,#3376,.T.);
#1063=ORIENTED_EDGE('',*,*,#3377,.T.);
#1064=ORIENTED_EDGE('',*,*,#3378,.T.);
#1065=ORIENTED_EDGE('',*,*,#3379,.T.);
#1066=ORIENTED_EDGE('',*,*,#3380,.T.);
#1067=ORIENTED_EDGE('',*,*,#3381,.T.);
#1068=ORIENTED_EDGE('',*,*,#3382,.T.);
#1069=ORIENTED_EDGE('',*,*,#3383,.T.);
#1070=ORIENTED_EDGE('',*,*,#3384,.T.);
#1071=ORIENTED_EDGE('',*,*,#3385,.T.);
#1072=ORIENTED_EDGE('',*,*,#3386,.T.);
#1073=ORIENTED_EDGE('',*,*,#3387,.T.);
#1074=ORIENTED_EDGE('',*,*,#3388,.T.);
#1075=ORIENTED_EDGE('',*,*,#3389,.T.);
#1076=ORIENTED_EDGE('',*,*,#3390,.T.);
#1077=ORIENTED_EDGE('',*,*,#3391,.T.);
#1078=ORIENTED_EDGE('',*,*,#3392,.T.);
#1079=ORIENTED_EDGE('',*,*,#3393,.T.);
#1080=ORIENTED_EDGE('',*,*,#3394,.T.);
#1081=ORIENTED_EDGE('',*,*,#3395,.T.);
#1082=ORIENTED_EDGE('',*,*,#3396,.T.);
#1083=ORIENTED_EDGE('',*,*,#3397,.T.);
#1084=ORIENTED_EDGE('',*,*,#3398,.T.);
#1085=ORIENTED_EDGE('',*,*,#3399,.T.);
#1086=ORIENTED_EDGE('',*,*,#3400,.T.);
#1087=ORIENTED_EDGE('',*,*,#3401,.T.);
#1088=ORIENTED_EDGE('',*,*,#3402,.T.);
#1089=ORIENTED_EDGE('',*,*,#3403,.T.);
#1090=ORIENTED_EDGE('',*,*,#3404,.T.);
#1091=ORIENTED_EDGE('',*,*,#3405,.T.);
#1092=ORIENTED_EDGE('',*,*,#3406,.T.);
#1093=ORIENTED_EDGE('',*,*,#3407,.T.);
#1094=ORIENTED_EDGE('',*,*,#3408,.T.);
#1095=ORIENTED_EDGE('',*,*,#3409,.T.);
#1096=ORIENTED_EDGE('',*,*,#3410,.T.);
#1097=ORIENTED_EDGE('',*,*,#3411,.T.);
#1098=ORIENTED_EDGE('',*,*,#3412,.T.);
#1099=ORIENTED_EDGE('',*,*,#3413,.T.);
#1100=ORIENTED_EDGE('',*,*,#3414,.T.);
#1101=ORIENTED_EDGE('',*,*,#3415,.T.);
#1102=ORIENTED_EDGE('',*,*,#3416,.T.);
#1103=ORIENTED_EDGE('',*,*,#3417,.T.);
#1104=ORIENTED_EDGE('',*,*,#3418,.T.);
#1105=ORIENTED_EDGE('',*,*,#3419,.T.);
#1106=ORIENTED_EDGE('',*,*,#3420,.T.);
#1107=ORIENTED_EDGE('',*,*,#3421,.T.);
#1108=ORIENTED_EDGE('',*,*,#3422,.T.);
#1109=ORIENTED_EDGE('',*,*,#3423,.T.);
#1110=ORIENTED_EDGE('',*,*,#3424,.T.);
#1111=ORIENTED_EDGE('',*,*,#3425,.T.);
#1112=ORIENTED_EDGE('',*,*,#3426,.F.);
#1113=ORIENTED_EDGE('',*,*,#3427,.F.);
#1114=ORIENTED_EDGE('',*,*,#3428,.T.);
#1115=ORIENTED_EDGE('',*,*,#3429,.F.);
#1116=ORIENTED_EDGE('',*,*,#3430,.F.);
#1117=ORIENTED_EDGE('',*,*,#3429,.T.);
#1118=ORIENTED_EDGE('',*,*,#3431,.T.);
#1119=ORIENTED_EDGE('',*,*,#3432,.F.);
#1120=ORIENTED_EDGE('',*,*,#3433,.T.);
#1121=ORIENTED_EDGE('',*,*,#3434,.T.);
#1122=ORIENTED_EDGE('',*,*,#3432,.T.);
#1123=ORIENTED_EDGE('',*,*,#3435,.T.);
#1124=ORIENTED_EDGE('',*,*,#3162,.F.);
#1125=ORIENTED_EDGE('',*,*,#3436,.T.);
#1126=ORIENTED_EDGE('',*,*,#3437,.T.);
#1127=ORIENTED_EDGE('',*,*,#3438,.T.);
#1128=ORIENTED_EDGE('',*,*,#3439,.T.);
#1129=ORIENTED_EDGE('',*,*,#3440,.T.);
#1130=ORIENTED_EDGE('',*,*,#3165,.F.);
#1131=ORIENTED_EDGE('',*,*,#3441,.T.);
#1132=ORIENTED_EDGE('',*,*,#3442,.F.);
#1133=ORIENTED_EDGE('',*,*,#3443,.T.);
#1134=ORIENTED_EDGE('',*,*,#3179,.F.);
#1135=ORIENTED_EDGE('',*,*,#3444,.T.);
#1136=ORIENTED_EDGE('',*,*,#3445,.F.);
#1137=ORIENTED_EDGE('',*,*,#3446,.T.);
#1138=ORIENTED_EDGE('',*,*,#3447,.T.);
#1139=ORIENTED_EDGE('',*,*,#3426,.T.);
#1140=ORIENTED_EDGE('',*,*,#3448,.T.);
#1141=ORIENTED_EDGE('',*,*,#3449,.F.);
#1142=ORIENTED_EDGE('',*,*,#3450,.F.);
#1143=ORIENTED_EDGE('',*,*,#3451,.T.);
#1144=ORIENTED_EDGE('',*,*,#3452,.T.);
#1145=ORIENTED_EDGE('',*,*,#3453,.F.);
#1146=ORIENTED_EDGE('',*,*,#3454,.T.);
#1147=ORIENTED_EDGE('',*,*,#3455,.F.);
#1148=ORIENTED_EDGE('',*,*,#3456,.T.);
#1149=ORIENTED_EDGE('',*,*,#3457,.T.);
#1150=ORIENTED_EDGE('',*,*,#3458,.T.);
#1151=ORIENTED_EDGE('',*,*,#3459,.F.);
#1152=ORIENTED_EDGE('',*,*,#3460,.F.);
#1153=ORIENTED_EDGE('',*,*,#3461,.F.);
#1154=ORIENTED_EDGE('',*,*,#3462,.T.);
#1155=ORIENTED_EDGE('',*,*,#3463,.T.);
#1156=ORIENTED_EDGE('',*,*,#3464,.T.);
#1157=ORIENTED_EDGE('',*,*,#3465,.T.);
#1158=ORIENTED_EDGE('',*,*,#3466,.T.);
#1159=ORIENTED_EDGE('',*,*,#3467,.T.);
#1160=ORIENTED_EDGE('',*,*,#3468,.F.);
#1161=ORIENTED_EDGE('',*,*,#3469,.T.);
#1162=ORIENTED_EDGE('',*,*,#3468,.T.);
#1163=ORIENTED_EDGE('',*,*,#3470,.T.);
#1164=ORIENTED_EDGE('',*,*,#3471,.T.);
#1165=ORIENTED_EDGE('',*,*,#3472,.T.);
#1166=ORIENTED_EDGE('',*,*,#3473,.T.);
#1167=ORIENTED_EDGE('',*,*,#3474,.T.);
#1168=ORIENTED_EDGE('',*,*,#3475,.F.);
#1169=ORIENTED_EDGE('',*,*,#3476,.T.);
#1170=ORIENTED_EDGE('',*,*,#3477,.T.);
#1171=ORIENTED_EDGE('',*,*,#3478,.T.);
#1172=ORIENTED_EDGE('',*,*,#3450,.T.);
#1173=ORIENTED_EDGE('',*,*,#3479,.F.);
#1174=ORIENTED_EDGE('',*,*,#3480,.T.);
#1175=ORIENTED_EDGE('',*,*,#3481,.F.);
#1176=ORIENTED_EDGE('',*,*,#3482,.F.);
#1177=ORIENTED_EDGE('',*,*,#3483,.F.);
#1178=ORIENTED_EDGE('',*,*,#3459,.T.);
#1179=ORIENTED_EDGE('',*,*,#3484,.T.);
#1180=ORIENTED_EDGE('',*,*,#3485,.T.);
#1181=ORIENTED_EDGE('',*,*,#3486,.T.);
#1182=ORIENTED_EDGE('',*,*,#3487,.T.);
#1183=ORIENTED_EDGE('',*,*,#3488,.T.);
#1184=ORIENTED_EDGE('',*,*,#3489,.T.);
#1185=ORIENTED_EDGE('',*,*,#3490,.T.);
#1186=ORIENTED_EDGE('',*,*,#3491,.T.);
#1187=ORIENTED_EDGE('',*,*,#3492,.F.);
#1188=ORIENTED_EDGE('',*,*,#3493,.T.);
#1189=ORIENTED_EDGE('',*,*,#3494,.T.);
#1190=ORIENTED_EDGE('',*,*,#3495,.T.);
#1191=ORIENTED_EDGE('',*,*,#3479,.T.);
#1192=ORIENTED_EDGE('',*,*,#3449,.T.);
#1193=ORIENTED_EDGE('',*,*,#3496,.F.);
#1194=ORIENTED_EDGE('',*,*,#3497,.T.);
#1195=ORIENTED_EDGE('',*,*,#3498,.T.);
#1196=ORIENTED_EDGE('',*,*,#3442,.T.);
#1197=ORIENTED_EDGE('',*,*,#3499,.F.);
#1198=ORIENTED_EDGE('',*,*,#3500,.T.);
#1199=ORIENTED_EDGE('',*,*,#3501,.T.);
#1200=ORIENTED_EDGE('',*,*,#3502,.T.);
#1201=ORIENTED_EDGE('',*,*,#3427,.T.);
#1202=ORIENTED_EDGE('',*,*,#3503,.T.);
#1203=ORIENTED_EDGE('',*,*,#3504,.F.);
#1204=ORIENTED_EDGE('',*,*,#3505,.T.);
#1205=ORIENTED_EDGE('',*,*,#3192,.F.);
#1206=ORIENTED_EDGE('',*,*,#3506,.T.);
#1207=ORIENTED_EDGE('',*,*,#3190,.T.);
#1208=ORIENTED_EDGE('',*,*,#3507,.T.);
#1209=ORIENTED_EDGE('',*,*,#3508,.F.);
#1210=ORIENTED_EDGE('',*,*,#3509,.T.);
#1211=ORIENTED_EDGE('',*,*,#3200,.F.);
#1212=ORIENTED_EDGE('',*,*,#3510,.T.);
#1213=ORIENTED_EDGE('',*,*,#3198,.T.);
#1214=ORIENTED_EDGE('',*,*,#3511,.T.);
#1215=ORIENTED_EDGE('',*,*,#3512,.F.);
#1216=ORIENTED_EDGE('',*,*,#3513,.T.);
#1217=ORIENTED_EDGE('',*,*,#3204,.F.);
#1218=ORIENTED_EDGE('',*,*,#3514,.T.);
#1219=ORIENTED_EDGE('',*,*,#3515,.T.);
#1220=ORIENTED_EDGE('',*,*,#3516,.T.);
#1221=ORIENTED_EDGE('',*,*,#3517,.F.);
#1222=ORIENTED_EDGE('',*,*,#3518,.F.);
#1223=ORIENTED_EDGE('',*,*,#3519,.F.);
#1224=ORIENTED_EDGE('',*,*,#3520,.F.);
#1225=ORIENTED_EDGE('',*,*,#3521,.T.);
#1226=ORIENTED_EDGE('',*,*,#3184,.F.);
#1227=ORIENTED_EDGE('',*,*,#3522,.T.);
#1228=ORIENTED_EDGE('',*,*,#3182,.T.);
#1229=ORIENTED_EDGE('',*,*,#3523,.T.);
#1230=ORIENTED_EDGE('',*,*,#3524,.T.);
#1231=ORIENTED_EDGE('',*,*,#3525,.T.);
#1232=ORIENTED_EDGE('',*,*,#3526,.T.);
#1233=ORIENTED_EDGE('',*,*,#3527,.T.);
#1234=ORIENTED_EDGE('',*,*,#3528,.F.);
#1235=ORIENTED_EDGE('',*,*,#3529,.T.);
#1236=ORIENTED_EDGE('',*,*,#3530,.T.);
#1237=ORIENTED_EDGE('',*,*,#3480,.F.);
#1238=ORIENTED_EDGE('',*,*,#3495,.F.);
#1239=ORIENTED_EDGE('',*,*,#3531,.T.);
#1240=ORIENTED_EDGE('',*,*,#3532,.F.);
#1241=ORIENTED_EDGE('',*,*,#3437,.F.);
#1242=ORIENTED_EDGE('',*,*,#3533,.F.);
#1243=ORIENTED_EDGE('',*,*,#3498,.F.);
#1244=ORIENTED_EDGE('',*,*,#3533,.T.);
#1245=ORIENTED_EDGE('',*,*,#3436,.F.);
#1246=ORIENTED_EDGE('',*,*,#3443,.F.);
#1247=ORIENTED_EDGE('',*,*,#3438,.F.);
#1248=ORIENTED_EDGE('',*,*,#3532,.T.);
#1249=ORIENTED_EDGE('',*,*,#3534,.F.);
#1250=ORIENTED_EDGE('',*,*,#3497,.F.);
#1251=ORIENTED_EDGE('',*,*,#3535,.T.);
#1252=ORIENTED_EDGE('',*,*,#3433,.F.);
#1253=ORIENTED_EDGE('',*,*,#3534,.T.);
#1254=ORIENTED_EDGE('',*,*,#3503,.F.);
#1255=ORIENTED_EDGE('',*,*,#3536,.T.);
#1256=ORIENTED_EDGE('',*,*,#3500,.F.);
#1257=ORIENTED_EDGE('',*,*,#3537,.T.);
#1258=ORIENTED_EDGE('',*,*,#3434,.F.);
#1259=ORIENTED_EDGE('',*,*,#3338,.F.);
#1260=ORIENTED_EDGE('',*,*,#3164,.F.);
#1261=ORIENTED_EDGE('',*,*,#3538,.T.);
#1262=ORIENTED_EDGE('',*,*,#3501,.F.);
#1263=ORIENTED_EDGE('',*,*,#3539,.F.);
#1264=ORIENTED_EDGE('',*,*,#3441,.F.);
#1265=ORIENTED_EDGE('',*,*,#3539,.T.);
#1266=ORIENTED_EDGE('',*,*,#3537,.F.);
#1267=ORIENTED_EDGE('',*,*,#3499,.T.);
#1268=ORIENTED_EDGE('',*,*,#3535,.F.);
#1269=ORIENTED_EDGE('',*,*,#3496,.T.);
#1270=ORIENTED_EDGE('',*,*,#3536,.F.);
#1271=ORIENTED_EDGE('',*,*,#3430,.T.);
#1272=ORIENTED_EDGE('',*,*,#3540,.T.);
#1273=ORIENTED_EDGE('',*,*,#3541,.T.);
#1274=ORIENTED_EDGE('',*,*,#3542,.T.);
#1275=ORIENTED_EDGE('',*,*,#3543,.T.);
#1276=ORIENTED_EDGE('',*,*,#3544,.F.);
#1277=ORIENTED_EDGE('',*,*,#3545,.F.);
#1278=ORIENTED_EDGE('',*,*,#3546,.F.);
#1279=ORIENTED_EDGE('',*,*,#3547,.T.);
#1280=ORIENTED_EDGE('',*,*,#3548,.F.);
#1281=ORIENTED_EDGE('',*,*,#3549,.T.);
#1282=ORIENTED_EDGE('',*,*,#3550,.T.);
#1283=ORIENTED_EDGE('',*,*,#3551,.F.);
#1284=ORIENTED_EDGE('',*,*,#3552,.T.);
#1285=ORIENTED_EDGE('',*,*,#3529,.F.);
#1286=ORIENTED_EDGE('',*,*,#3553,.F.);
#1287=ORIENTED_EDGE('',*,*,#3554,.F.);
#1288=ORIENTED_EDGE('',*,*,#3530,.F.);
#1289=ORIENTED_EDGE('',*,*,#3552,.F.);
#1290=ORIENTED_EDGE('',*,*,#3555,.F.);
#1291=ORIENTED_EDGE('',*,*,#3556,.F.);
#1292=ORIENTED_EDGE('',*,*,#3557,.F.);
#1293=ORIENTED_EDGE('',*,*,#3481,.T.);
#1294=ORIENTED_EDGE('',*,*,#3531,.F.);
#1295=ORIENTED_EDGE('',*,*,#3494,.F.);
#1296=ORIENTED_EDGE('',*,*,#3558,.F.);
#1297=ORIENTED_EDGE('',*,*,#3559,.F.);
#1298=ORIENTED_EDGE('',*,*,#3560,.F.);
#1299=ORIENTED_EDGE('',*,*,#3561,.T.);
#1300=ORIENTED_EDGE('',*,*,#3545,.T.);
#1301=ORIENTED_EDGE('',*,*,#3562,.T.);
#1302=ORIENTED_EDGE('',*,*,#3556,.T.);
#1303=ORIENTED_EDGE('',*,*,#3562,.F.);
#1304=ORIENTED_EDGE('',*,*,#3563,.T.);
#1305=ORIENTED_EDGE('',*,*,#3557,.T.);
#1306=ORIENTED_EDGE('',*,*,#3555,.T.);
#1307=ORIENTED_EDGE('',*,*,#3564,.T.);
#1308=ORIENTED_EDGE('',*,*,#3561,.F.);
#1309=ORIENTED_EDGE('',*,*,#3544,.T.);
#1310=ORIENTED_EDGE('',*,*,#3565,.T.);
#1311=ORIENTED_EDGE('',*,*,#3482,.T.);
#1312=ORIENTED_EDGE('',*,*,#3563,.F.);
#1313=ORIENTED_EDGE('',*,*,#3546,.T.);
#1314=ORIENTED_EDGE('',*,*,#3564,.F.);
#1315=ORIENTED_EDGE('',*,*,#3551,.T.);
#1316=ORIENTED_EDGE('',*,*,#3566,.F.);
#1317=ORIENTED_EDGE('',*,*,#3558,.T.);
#1318=ORIENTED_EDGE('',*,*,#3567,.F.);
#1319=ORIENTED_EDGE('',*,*,#3548,.T.);
#1320=ORIENTED_EDGE('',*,*,#3568,.F.);
#1321=ORIENTED_EDGE('',*,*,#3554,.T.);
#1322=ORIENTED_EDGE('',*,*,#3560,.T.);
#1323=ORIENTED_EDGE('',*,*,#3493,.F.);
#1324=ORIENTED_EDGE('',*,*,#3569,.T.);
#1325=ORIENTED_EDGE('',*,*,#3549,.F.);
#1326=ORIENTED_EDGE('',*,*,#3567,.T.);
#1327=ORIENTED_EDGE('',*,*,#3528,.T.);
#1328=ORIENTED_EDGE('',*,*,#3559,.T.);
#1329=ORIENTED_EDGE('',*,*,#3570,.T.);
#1330=ORIENTED_EDGE('',*,*,#3553,.T.);
#1331=ORIENTED_EDGE('',*,*,#3566,.T.);
#1332=ORIENTED_EDGE('',*,*,#3570,.F.);
#1333=ORIENTED_EDGE('',*,*,#3568,.T.);
#1334=ORIENTED_EDGE('',*,*,#3547,.F.);
#1335=ORIENTED_EDGE('',*,*,#3571,.T.);
#1336=ORIENTED_EDGE('',*,*,#3572,.T.);
#1337=ORIENTED_EDGE('',*,*,#3573,.T.);
#1338=ORIENTED_EDGE('',*,*,#3574,.T.);
#1339=ORIENTED_EDGE('',*,*,#3460,.T.);
#1340=ORIENTED_EDGE('',*,*,#3483,.T.);
#1341=ORIENTED_EDGE('',*,*,#3575,.F.);
#1342=ORIENTED_EDGE('',*,*,#3576,.T.);
#1343=ORIENTED_EDGE('',*,*,#3577,.T.);
#1344=ORIENTED_EDGE('',*,*,#3492,.T.);
#1345=ORIENTED_EDGE('',*,*,#3448,.F.);
#1346=ORIENTED_EDGE('',*,*,#3425,.F.);
#1347=ORIENTED_EDGE('',*,*,#3578,.T.);
#1348=ORIENTED_EDGE('',*,*,#3579,.T.);
#1349=ORIENTED_EDGE('',*,*,#3580,.F.);
#1350=ORIENTED_EDGE('',*,*,#3581,.T.);
#1351=ORIENTED_EDGE('',*,*,#3475,.T.);
#1352=ORIENTED_EDGE('',*,*,#3582,.T.);
#1353=ORIENTED_EDGE('',*,*,#3583,.F.);
#1354=ORIENTED_EDGE('',*,*,#3584,.T.);
#1355=ORIENTED_EDGE('',*,*,#3583,.T.);
#1356=ORIENTED_EDGE('',*,*,#3585,.T.);
#1357=ORIENTED_EDGE('',*,*,#3462,.F.);
#1358=ORIENTED_EDGE('',*,*,#3586,.T.);
#1359=ORIENTED_EDGE('',*,*,#3212,.T.);
#1360=ORIENTED_EDGE('',*,*,#3210,.T.);
#1361=ORIENTED_EDGE('',*,*,#3472,.F.);
#1362=ORIENTED_EDGE('',*,*,#3587,.T.);
#1363=ORIENTED_EDGE('',*,*,#3476,.F.);
#1364=ORIENTED_EDGE('',*,*,#3584,.F.);
#1365=ORIENTED_EDGE('',*,*,#3586,.F.);
#1366=ORIENTED_EDGE('',*,*,#3465,.F.);
#1367=ORIENTED_EDGE('',*,*,#3588,.T.);
#1368=ORIENTED_EDGE('',*,*,#3469,.F.);
#1369=ORIENTED_EDGE('',*,*,#3589,.F.);
#1370=ORIENTED_EDGE('',*,*,#3590,.T.);
#1371=ORIENTED_EDGE('',*,*,#3591,.T.);
#1372=ORIENTED_EDGE('',*,*,#3592,.F.);
#1373=ORIENTED_EDGE('',*,*,#3593,.T.);
#1374=ORIENTED_EDGE('',*,*,#3594,.T.);
#1375=ORIENTED_EDGE('',*,*,#3595,.T.);
#1376=ORIENTED_EDGE('',*,*,#3596,.T.);
#1377=ORIENTED_EDGE('',*,*,#3597,.T.);
#1378=ORIENTED_EDGE('',*,*,#3598,.T.);
#1379=ORIENTED_EDGE('',*,*,#3599,.T.);
#1380=ORIENTED_EDGE('',*,*,#3600,.T.);
#1381=ORIENTED_EDGE('',*,*,#3601,.T.);
#1382=ORIENTED_EDGE('',*,*,#3602,.T.);
#1383=ORIENTED_EDGE('',*,*,#3603,.F.);
#1384=ORIENTED_EDGE('',*,*,#3208,.T.);
#1385=ORIENTED_EDGE('',*,*,#3603,.T.);
#1386=ORIENTED_EDGE('',*,*,#3471,.F.);
#1387=ORIENTED_EDGE('',*,*,#3604,.T.);
#1388=ORIENTED_EDGE('',*,*,#3473,.F.);
#1389=ORIENTED_EDGE('',*,*,#3587,.F.);
#1390=ORIENTED_EDGE('',*,*,#3464,.F.);
#1391=ORIENTED_EDGE('',*,*,#3605,.T.);
#1392=ORIENTED_EDGE('',*,*,#3466,.F.);
#1393=ORIENTED_EDGE('',*,*,#3588,.F.);
#1394=ORIENTED_EDGE('',*,*,#3606,.F.);
#1395=ORIENTED_EDGE('',*,*,#3607,.T.);
#1396=ORIENTED_EDGE('',*,*,#3608,.T.);
#1397=ORIENTED_EDGE('',*,*,#3461,.T.);
#1398=ORIENTED_EDGE('',*,*,#3574,.F.);
#1399=ORIENTED_EDGE('',*,*,#3580,.T.);
#1400=ORIENTED_EDGE('',*,*,#3609,.T.);
#1401=ORIENTED_EDGE('',*,*,#3575,.T.);
#1402=ORIENTED_EDGE('',*,*,#3424,.F.);
#1403=ORIENTED_EDGE('',*,*,#3610,.T.);
#1404=ORIENTED_EDGE('',*,*,#3611,.T.);
#1405=ORIENTED_EDGE('',*,*,#3612,.T.);
#1406=ORIENTED_EDGE('',*,*,#3606,.T.);
#1407=ORIENTED_EDGE('',*,*,#3573,.F.);
#1408=ORIENTED_EDGE('',*,*,#3613,.T.);
#1409=ORIENTED_EDGE('',*,*,#3614,.T.);
#1410=ORIENTED_EDGE('',*,*,#3615,.T.);
#1411=ORIENTED_EDGE('',*,*,#3616,.T.);
#1412=ORIENTED_EDGE('',*,*,#3617,.T.);
#1413=ORIENTED_EDGE('',*,*,#3618,.T.);
#1414=ORIENTED_EDGE('',*,*,#3619,.T.);
#1415=ORIENTED_EDGE('',*,*,#3620,.T.);
#1416=ORIENTED_EDGE('',*,*,#3621,.T.);
#1417=ORIENTED_EDGE('',*,*,#3622,.T.);
#1418=ORIENTED_EDGE('',*,*,#3623,.T.);
#1419=ORIENTED_EDGE('',*,*,#3624,.T.);
#1420=ORIENTED_EDGE('',*,*,#3625,.T.);
#1421=ORIENTED_EDGE('',*,*,#3626,.F.);
#1422=ORIENTED_EDGE('',*,*,#3627,.T.);
#1423=ORIENTED_EDGE('',*,*,#3626,.T.);
#1424=ORIENTED_EDGE('',*,*,#3628,.T.);
#1425=ORIENTED_EDGE('',*,*,#3629,.F.);
#1426=ORIENTED_EDGE('',*,*,#3630,.T.);
#1427=ORIENTED_EDGE('',*,*,#3629,.T.);
#1428=ORIENTED_EDGE('',*,*,#3631,.T.);
#1429=ORIENTED_EDGE('',*,*,#3632,.T.);
#1430=ORIENTED_EDGE('',*,*,#3633,.T.);
#1431=ORIENTED_EDGE('',*,*,#3634,.T.);
#1432=ORIENTED_EDGE('',*,*,#3635,.T.);
#1433=ORIENTED_EDGE('',*,*,#3636,.T.);
#1434=ORIENTED_EDGE('',*,*,#3637,.T.);
#1435=ORIENTED_EDGE('',*,*,#3638,.T.);
#1436=ORIENTED_EDGE('',*,*,#3639,.T.);
#1437=ORIENTED_EDGE('',*,*,#3640,.T.);
#1438=ORIENTED_EDGE('',*,*,#3641,.T.);
#1439=ORIENTED_EDGE('',*,*,#3177,.T.);
#1440=ORIENTED_EDGE('',*,*,#3642,.T.);
#1441=ORIENTED_EDGE('',*,*,#3455,.T.);
#1442=ORIENTED_EDGE('',*,*,#3643,.T.);
#1443=ORIENTED_EDGE('',*,*,#3644,.T.);
#1444=ORIENTED_EDGE('',*,*,#3439,.F.);
#1445=ORIENTED_EDGE('',*,*,#3645,.T.);
#1446=ORIENTED_EDGE('',*,*,#3646,.T.);
#1447=ORIENTED_EDGE('',*,*,#3619,.F.);
#1448=ORIENTED_EDGE('',*,*,#3647,.T.);
#1449=ORIENTED_EDGE('',*,*,#3453,.T.);
#1450=ORIENTED_EDGE('',*,*,#3648,.T.);
#1451=ORIENTED_EDGE('',*,*,#3649,.T.);
#1452=ORIENTED_EDGE('',*,*,#3650,.T.);
#1453=ORIENTED_EDGE('',*,*,#3640,.F.);
#1454=ORIENTED_EDGE('',*,*,#3651,.T.);
#1455=ORIENTED_EDGE('',*,*,#3457,.F.);
#1456=ORIENTED_EDGE('',*,*,#3652,.T.);
#1457=ORIENTED_EDGE('',*,*,#3636,.F.);
#1458=ORIENTED_EDGE('',*,*,#3653,.T.);
#1459=ORIENTED_EDGE('',*,*,#3638,.F.);
#1460=ORIENTED_EDGE('',*,*,#3654,.T.);
#1461=ORIENTED_EDGE('',*,*,#3616,.F.);
#1462=ORIENTED_EDGE('',*,*,#3655,.T.);
#1463=ORIENTED_EDGE('',*,*,#3620,.F.);
#1464=ORIENTED_EDGE('',*,*,#3656,.T.);
#1465=ORIENTED_EDGE('',*,*,#3622,.F.);
#1466=ORIENTED_EDGE('',*,*,#3657,.T.);
#1467=ORIENTED_EDGE('',*,*,#3624,.F.);
#1468=ORIENTED_EDGE('',*,*,#3658,.T.);
#1469=ORIENTED_EDGE('',*,*,#3632,.F.);
#1470=ORIENTED_EDGE('',*,*,#3659,.T.);
#1471=ORIENTED_EDGE('',*,*,#3634,.F.);
#1472=ORIENTED_EDGE('',*,*,#3660,.T.);
#1473=ORIENTED_EDGE('',*,*,#3577,.F.);
#1474=ORIENTED_EDGE('',*,*,#3661,.T.);
#1475=ORIENTED_EDGE('',*,*,#3550,.F.);
#1476=ORIENTED_EDGE('',*,*,#3569,.F.);
#1477=ORIENTED_EDGE('',*,*,#3542,.F.);
#1478=ORIENTED_EDGE('',*,*,#3662,.T.);
#1479=ORIENTED_EDGE('',*,*,#3578,.F.);
#1480=ORIENTED_EDGE('',*,*,#3663,.T.);
#1481=ORIENTED_EDGE('',*,*,#3543,.F.);
#1482=ORIENTED_EDGE('',*,*,#3664,.T.);
#1483=ORIENTED_EDGE('',*,*,#3571,.F.);
#1484=ORIENTED_EDGE('',*,*,#3565,.F.);
#1485=ORIENTED_EDGE('',*,*,#3522,.F.);
#1486=ORIENTED_EDGE('',*,*,#3187,.F.);
#1487=ORIENTED_EDGE('',*,*,#3665,.T.);
#1488=ORIENTED_EDGE('',*,*,#3183,.T.);
#1489=ORIENTED_EDGE('',*,*,#3524,.F.);
#1490=ORIENTED_EDGE('',*,*,#3666,.T.);
#1491=ORIENTED_EDGE('',*,*,#3506,.F.);
#1492=ORIENTED_EDGE('',*,*,#3195,.F.);
#1493=ORIENTED_EDGE('',*,*,#3667,.T.);
#1494=ORIENTED_EDGE('',*,*,#3191,.T.);
#1495=ORIENTED_EDGE('',*,*,#3525,.F.);
#1496=ORIENTED_EDGE('',*,*,#3668,.T.);
#1497=ORIENTED_EDGE('',*,*,#3510,.F.);
#1498=ORIENTED_EDGE('',*,*,#3203,.F.);
#1499=ORIENTED_EDGE('',*,*,#3669,.T.);
#1500=ORIENTED_EDGE('',*,*,#3199,.T.);
#1501=ORIENTED_EDGE('',*,*,#3526,.F.);
#1502=ORIENTED_EDGE('',*,*,#3670,.T.);
#1503=ORIENTED_EDGE('',*,*,#3671,.T.);
#1504=ORIENTED_EDGE('',*,*,#3672,.T.);
#1505=ORIENTED_EDGE('',*,*,#3673,.T.);
#1506=ORIENTED_EDGE('',*,*,#3674,.T.);
#1507=ORIENTED_EDGE('',*,*,#3675,.T.);
#1508=ORIENTED_EDGE('',*,*,#3676,.T.);
#1509=ORIENTED_EDGE('',*,*,#3194,.T.);
#1510=ORIENTED_EDGE('',*,*,#3677,.T.);
#1511=ORIENTED_EDGE('',*,*,#3678,.T.);
#1512=ORIENTED_EDGE('',*,*,#3679,.T.);
#1513=ORIENTED_EDGE('',*,*,#3180,.F.);
#1514=ORIENTED_EDGE('',*,*,#3665,.F.);
#1515=ORIENTED_EDGE('',*,*,#3186,.T.);
#1516=ORIENTED_EDGE('',*,*,#3680,.T.);
#1517=ORIENTED_EDGE('',*,*,#3681,.T.);
#1518=ORIENTED_EDGE('',*,*,#3682,.T.);
#1519=ORIENTED_EDGE('',*,*,#3683,.T.);
#1520=ORIENTED_EDGE('',*,*,#3684,.T.);
#1521=ORIENTED_EDGE('',*,*,#3685,.T.);
#1522=ORIENTED_EDGE('',*,*,#3686,.F.);
#1523=ORIENTED_EDGE('',*,*,#3687,.F.);
#1524=ORIENTED_EDGE('',*,*,#3206,.T.);
#1525=ORIENTED_EDGE('',*,*,#3688,.T.);
#1526=ORIENTED_EDGE('',*,*,#3689,.T.);
#1527=ORIENTED_EDGE('',*,*,#3690,.T.);
#1528=ORIENTED_EDGE('',*,*,#3196,.F.);
#1529=ORIENTED_EDGE('',*,*,#3669,.F.);
#1530=ORIENTED_EDGE('',*,*,#3202,.T.);
#1531=ORIENTED_EDGE('',*,*,#3691,.T.);
#1532=ORIENTED_EDGE('',*,*,#3692,.T.);
#1533=ORIENTED_EDGE('',*,*,#3693,.T.);
#1534=ORIENTED_EDGE('',*,*,#3188,.F.);
#1535=ORIENTED_EDGE('',*,*,#3667,.F.);
#1536=ORIENTED_EDGE('',*,*,#3670,.F.);
#1537=ORIENTED_EDGE('',*,*,#3694,.F.);
#1538=ORIENTED_EDGE('',*,*,#3668,.F.);
#1539=ORIENTED_EDGE('',*,*,#3666,.F.);
#1540=ORIENTED_EDGE('',*,*,#3686,.T.);
#1541=ORIENTED_EDGE('',*,*,#3695,.T.);
#1542=ORIENTED_EDGE('',*,*,#3515,.F.);
#1543=ORIENTED_EDGE('',*,*,#3696,.F.);
#1544=ORIENTED_EDGE('',*,*,#3514,.F.);
#1545=ORIENTED_EDGE('',*,*,#3207,.F.);
#1546=ORIENTED_EDGE('',*,*,#3687,.T.);
#1547=ORIENTED_EDGE('',*,*,#3696,.T.);
#1548=ORIENTED_EDGE('',*,*,#3527,.F.);
#1549=ORIENTED_EDGE('',*,*,#3694,.T.);
#1550=ORIENTED_EDGE('',*,*,#3697,.F.);
#1551=ORIENTED_EDGE('',*,*,#3604,.F.);
#1552=ORIENTED_EDGE('',*,*,#3698,.F.);
#1553=ORIENTED_EDGE('',*,*,#3601,.F.);
#1554=ORIENTED_EDGE('',*,*,#3698,.T.);
#1555=ORIENTED_EDGE('',*,*,#3470,.F.);
#1556=ORIENTED_EDGE('',*,*,#3699,.F.);
#1557=ORIENTED_EDGE('',*,*,#3594,.F.);
#1558=ORIENTED_EDGE('',*,*,#3697,.T.);
#1559=ORIENTED_EDGE('',*,*,#3600,.F.);
#1560=ORIENTED_EDGE('',*,*,#3700,.F.);
#1561=ORIENTED_EDGE('',*,*,#3474,.F.);
#1562=ORIENTED_EDGE('',*,*,#3699,.T.);
#1563=ORIENTED_EDGE('',*,*,#3467,.F.);
#1564=ORIENTED_EDGE('',*,*,#3701,.F.);
#1565=ORIENTED_EDGE('',*,*,#3595,.F.);
#1566=ORIENTED_EDGE('',*,*,#3700,.T.);
#1567=ORIENTED_EDGE('',*,*,#3599,.F.);
#1568=ORIENTED_EDGE('',*,*,#3702,.F.);
#1569=ORIENTED_EDGE('',*,*,#3582,.F.);
#1570=ORIENTED_EDGE('',*,*,#3701,.T.);
#1571=ORIENTED_EDGE('',*,*,#3605,.F.);
#1572=ORIENTED_EDGE('',*,*,#3703,.F.);
#1573=ORIENTED_EDGE('',*,*,#3596,.F.);
#1574=ORIENTED_EDGE('',*,*,#3702,.T.);
#1575=ORIENTED_EDGE('',*,*,#3598,.F.);
#1576=ORIENTED_EDGE('',*,*,#3704,.F.);
#1577=ORIENTED_EDGE('',*,*,#3585,.F.);
#1578=ORIENTED_EDGE('',*,*,#3703,.T.);
#1579=ORIENTED_EDGE('',*,*,#3463,.F.);
#1580=ORIENTED_EDGE('',*,*,#3704,.T.);
#1581=ORIENTED_EDGE('',*,*,#3597,.F.);
#1582=ORIENTED_EDGE('',*,*,#3593,.F.);
#1583=ORIENTED_EDGE('',*,*,#3602,.F.);
#1584=ORIENTED_EDGE('',*,*,#3642,.F.);
#1585=ORIENTED_EDGE('',*,*,#3176,.F.);
#1586=ORIENTED_EDGE('',*,*,#3705,.F.);
#1587=ORIENTED_EDGE('',*,*,#3456,.F.);
#1588=ORIENTED_EDGE('',*,*,#3705,.T.);
#1589=ORIENTED_EDGE('',*,*,#3175,.F.);
#1590=ORIENTED_EDGE('',*,*,#3706,.F.);
#1591=ORIENTED_EDGE('',*,*,#3652,.F.);
#1592=ORIENTED_EDGE('',*,*,#3706,.T.);
#1593=ORIENTED_EDGE('',*,*,#3174,.F.);
#1594=ORIENTED_EDGE('',*,*,#3707,.F.);
#1595=ORIENTED_EDGE('',*,*,#3641,.F.);
#1596=ORIENTED_EDGE('',*,*,#3707,.T.);
#1597=ORIENTED_EDGE('',*,*,#3173,.F.);
#1598=ORIENTED_EDGE('',*,*,#3708,.F.);
#1599=ORIENTED_EDGE('',*,*,#3654,.F.);
#1600=ORIENTED_EDGE('',*,*,#3709,.F.);
#1601=ORIENTED_EDGE('',*,*,#3637,.F.);
#1602=ORIENTED_EDGE('',*,*,#3708,.T.);
#1603=ORIENTED_EDGE('',*,*,#3172,.F.);
#1604=ORIENTED_EDGE('',*,*,#3660,.F.);
#1605=ORIENTED_EDGE('',*,*,#3709,.T.);
#1606=ORIENTED_EDGE('',*,*,#3710,.F.);
#1607=ORIENTED_EDGE('',*,*,#3710,.T.);
#1608=ORIENTED_EDGE('',*,*,#3171,.F.);
#1609=ORIENTED_EDGE('',*,*,#3711,.F.);
#1610=ORIENTED_EDGE('',*,*,#3633,.F.);
#1611=ORIENTED_EDGE('',*,*,#3711,.T.);
#1612=ORIENTED_EDGE('',*,*,#3170,.F.);
#1613=ORIENTED_EDGE('',*,*,#3712,.F.);
#1614=ORIENTED_EDGE('',*,*,#3630,.F.);
#1615=ORIENTED_EDGE('',*,*,#3713,.F.);
#1616=ORIENTED_EDGE('',*,*,#3627,.F.);
#1617=ORIENTED_EDGE('',*,*,#3712,.T.);
#1618=ORIENTED_EDGE('',*,*,#3169,.F.);
#1619=ORIENTED_EDGE('',*,*,#3658,.F.);
#1620=ORIENTED_EDGE('',*,*,#3713,.T.);
#1621=ORIENTED_EDGE('',*,*,#3714,.F.);
#1622=ORIENTED_EDGE('',*,*,#3714,.T.);
#1623=ORIENTED_EDGE('',*,*,#3168,.F.);
#1624=ORIENTED_EDGE('',*,*,#3715,.F.);
#1625=ORIENTED_EDGE('',*,*,#3623,.F.);
#1626=ORIENTED_EDGE('',*,*,#3715,.T.);
#1627=ORIENTED_EDGE('',*,*,#3167,.F.);
#1628=ORIENTED_EDGE('',*,*,#3716,.F.);
#1629=ORIENTED_EDGE('',*,*,#3656,.F.);
#1630=ORIENTED_EDGE('',*,*,#3716,.T.);
#1631=ORIENTED_EDGE('',*,*,#3166,.F.);
#1632=ORIENTED_EDGE('',*,*,#3717,.F.);
#1633=ORIENTED_EDGE('',*,*,#3617,.F.);
#1634=ORIENTED_EDGE('',*,*,#3647,.F.);
#1635=ORIENTED_EDGE('',*,*,#3618,.F.);
#1636=ORIENTED_EDGE('',*,*,#3717,.T.);
#1637=ORIENTED_EDGE('',*,*,#3440,.F.);
#1638=ORIENTED_EDGE('',*,*,#3454,.F.);
#1639=ORIENTED_EDGE('',*,*,#3650,.F.);
#1640=ORIENTED_EDGE('',*,*,#3718,.F.);
#1641=ORIENTED_EDGE('',*,*,#3643,.F.);
#1642=ORIENTED_EDGE('',*,*,#3178,.F.);
#1643=ORIENTED_EDGE('',*,*,#3644,.F.);
#1644=ORIENTED_EDGE('',*,*,#3719,.F.);
#1645=ORIENTED_EDGE('',*,*,#3645,.F.);
#1646=ORIENTED_EDGE('',*,*,#3444,.F.);
#1647=ORIENTED_EDGE('',*,*,#3719,.T.);
#1648=ORIENTED_EDGE('',*,*,#3718,.T.);
#1649=ORIENTED_EDGE('',*,*,#3720,.F.);
#1650=ORIENTED_EDGE('',*,*,#3720,.T.);
#1651=ORIENTED_EDGE('',*,*,#3649,.F.);
#1652=ORIENTED_EDGE('',*,*,#3721,.F.);
#1653=ORIENTED_EDGE('',*,*,#3646,.F.);
#1654=ORIENTED_EDGE('',*,*,#3452,.F.);
#1655=ORIENTED_EDGE('',*,*,#3614,.F.);
#1656=ORIENTED_EDGE('',*,*,#3721,.T.);
#1657=ORIENTED_EDGE('',*,*,#3648,.F.);
#1658=ORIENTED_EDGE('',*,*,#3722,.F.);
#1659=ORIENTED_EDGE('',*,*,#3723,.T.);
#1660=ORIENTED_EDGE('',*,*,#3724,.T.);
#1661=ORIENTED_EDGE('',*,*,#3590,.F.);
#1662=ORIENTED_EDGE('',*,*,#3608,.F.);
#1663=ORIENTED_EDGE('',*,*,#3725,.T.);
#1664=ORIENTED_EDGE('',*,*,#3722,.T.);
#1665=ORIENTED_EDGE('',*,*,#3589,.T.);
#1666=ORIENTED_EDGE('',*,*,#3726,.F.);
#1667=ORIENTED_EDGE('',*,*,#3445,.T.);
#1668=ORIENTED_EDGE('',*,*,#3726,.T.);
#1669=ORIENTED_EDGE('',*,*,#3592,.T.);
#1670=ORIENTED_EDGE('',*,*,#3727,.F.);
#1671=ORIENTED_EDGE('',*,*,#3446,.F.);
#1672=ORIENTED_EDGE('',*,*,#3724,.F.);
#1673=ORIENTED_EDGE('',*,*,#3728,.T.);
#1674=ORIENTED_EDGE('',*,*,#3422,.F.);
#1675=ORIENTED_EDGE('',*,*,#3447,.F.);
#1676=ORIENTED_EDGE('',*,*,#3727,.T.);
#1677=ORIENTED_EDGE('',*,*,#3591,.F.);
#1678=ORIENTED_EDGE('',*,*,#3423,.F.);
#1679=ORIENTED_EDGE('',*,*,#3728,.F.);
#1680=ORIENTED_EDGE('',*,*,#3729,.F.);
#1681=ORIENTED_EDGE('',*,*,#3610,.F.);
#1682=ORIENTED_EDGE('',*,*,#3729,.T.);
#1683=ORIENTED_EDGE('',*,*,#3723,.F.);
#1684=ORIENTED_EDGE('',*,*,#3730,.F.);
#1685=ORIENTED_EDGE('',*,*,#3611,.F.);
#1686=ORIENTED_EDGE('',*,*,#3730,.T.);
#1687=ORIENTED_EDGE('',*,*,#3725,.F.);
#1688=ORIENTED_EDGE('',*,*,#3607,.F.);
#1689=ORIENTED_EDGE('',*,*,#3612,.F.);
#1690=ORIENTED_EDGE('',*,*,#3609,.F.);
#1691=ORIENTED_EDGE('',*,*,#3579,.F.);
#1692=ORIENTED_EDGE('',*,*,#3731,.F.);
#1693=ORIENTED_EDGE('',*,*,#3576,.F.);
#1694=ORIENTED_EDGE('',*,*,#3662,.F.);
#1695=ORIENTED_EDGE('',*,*,#3661,.F.);
#1696=ORIENTED_EDGE('',*,*,#3731,.T.);
#1697=ORIENTED_EDGE('',*,*,#3613,.F.);
#1698=ORIENTED_EDGE('',*,*,#3572,.F.);
#1699=ORIENTED_EDGE('',*,*,#3732,.F.);
#1700=ORIENTED_EDGE('',*,*,#3581,.F.);
#1701=ORIENTED_EDGE('',*,*,#3664,.F.);
#1702=ORIENTED_EDGE('',*,*,#3663,.F.);
#1703=ORIENTED_EDGE('',*,*,#3732,.T.);
#1704=ORIENTED_EDGE('',*,*,#3458,.F.);
#1705=ORIENTED_EDGE('',*,*,#3651,.F.);
#1706=ORIENTED_EDGE('',*,*,#3733,.F.);
#1707=ORIENTED_EDGE('',*,*,#3484,.F.);
#1708=ORIENTED_EDGE('',*,*,#3733,.T.);
#1709=ORIENTED_EDGE('',*,*,#3639,.F.);
#1710=ORIENTED_EDGE('',*,*,#3734,.F.);
#1711=ORIENTED_EDGE('',*,*,#3485,.F.);
#1712=ORIENTED_EDGE('',*,*,#3734,.T.);
#1713=ORIENTED_EDGE('',*,*,#3653,.F.);
#1714=ORIENTED_EDGE('',*,*,#3735,.F.);
#1715=ORIENTED_EDGE('',*,*,#3486,.F.);
#1716=ORIENTED_EDGE('',*,*,#3735,.T.);
#1717=ORIENTED_EDGE('',*,*,#3635,.F.);
#1718=ORIENTED_EDGE('',*,*,#3736,.F.);
#1719=ORIENTED_EDGE('',*,*,#3487,.F.);
#1720=ORIENTED_EDGE('',*,*,#3736,.T.);
#1721=ORIENTED_EDGE('',*,*,#3659,.F.);
#1722=ORIENTED_EDGE('',*,*,#3737,.F.);
#1723=ORIENTED_EDGE('',*,*,#3737,.T.);
#1724=ORIENTED_EDGE('',*,*,#3631,.F.);
#1725=ORIENTED_EDGE('',*,*,#3738,.F.);
#1726=ORIENTED_EDGE('',*,*,#3488,.F.);
#1727=ORIENTED_EDGE('',*,*,#3738,.T.);
#1728=ORIENTED_EDGE('',*,*,#3628,.F.);
#1729=ORIENTED_EDGE('',*,*,#3739,.F.);
#1730=ORIENTED_EDGE('',*,*,#3489,.F.);
#1731=ORIENTED_EDGE('',*,*,#3739,.T.);
#1732=ORIENTED_EDGE('',*,*,#3625,.F.);
#1733=ORIENTED_EDGE('',*,*,#3740,.F.);
#1734=ORIENTED_EDGE('',*,*,#3490,.F.);
#1735=ORIENTED_EDGE('',*,*,#3740,.T.);
#1736=ORIENTED_EDGE('',*,*,#3657,.F.);
#1737=ORIENTED_EDGE('',*,*,#3741,.F.);
#1738=ORIENTED_EDGE('',*,*,#3741,.T.);
#1739=ORIENTED_EDGE('',*,*,#3621,.F.);
#1740=ORIENTED_EDGE('',*,*,#3742,.F.);
#1741=ORIENTED_EDGE('',*,*,#3491,.F.);
#1742=ORIENTED_EDGE('',*,*,#3742,.T.);
#1743=ORIENTED_EDGE('',*,*,#3655,.F.);
#1744=ORIENTED_EDGE('',*,*,#3743,.F.);
#1745=ORIENTED_EDGE('',*,*,#3477,.F.);
#1746=ORIENTED_EDGE('',*,*,#3743,.T.);
#1747=ORIENTED_EDGE('',*,*,#3615,.F.);
#1748=ORIENTED_EDGE('',*,*,#3451,.F.);
#1749=ORIENTED_EDGE('',*,*,#3478,.F.);
#1750=ORIENTED_EDGE('',*,*,#3744,.F.);
#1751=ORIENTED_EDGE('',*,*,#3745,.F.);
#1752=ORIENTED_EDGE('',*,*,#3746,.T.);
#1753=ORIENTED_EDGE('',*,*,#3747,.T.);
#1754=ORIENTED_EDGE('',*,*,#3748,.F.);
#1755=ORIENTED_EDGE('',*,*,#3749,.F.);
#1756=ORIENTED_EDGE('',*,*,#3750,.T.);
#1757=ORIENTED_EDGE('',*,*,#3745,.T.);
#1758=ORIENTED_EDGE('',*,*,#3751,.F.);
#1759=ORIENTED_EDGE('',*,*,#3752,.F.);
#1760=ORIENTED_EDGE('',*,*,#3753,.T.);
#1761=ORIENTED_EDGE('',*,*,#3749,.T.);
#1762=ORIENTED_EDGE('',*,*,#3754,.F.);
#1763=ORIENTED_EDGE('',*,*,#3755,.F.);
#1764=ORIENTED_EDGE('',*,*,#3756,.T.);
#1765=ORIENTED_EDGE('',*,*,#3752,.T.);
#1766=ORIENTED_EDGE('',*,*,#3757,.F.);
#1767=ORIENTED_EDGE('',*,*,#3758,.F.);
#1768=ORIENTED_EDGE('',*,*,#3759,.T.);
#1769=ORIENTED_EDGE('',*,*,#3755,.T.);
#1770=ORIENTED_EDGE('',*,*,#3760,.F.);
#1771=ORIENTED_EDGE('',*,*,#3761,.F.);
#1772=ORIENTED_EDGE('',*,*,#3762,.T.);
#1773=ORIENTED_EDGE('',*,*,#3758,.T.);
#1774=ORIENTED_EDGE('',*,*,#3763,.F.);
#1775=ORIENTED_EDGE('',*,*,#3764,.F.);
#1776=ORIENTED_EDGE('',*,*,#3765,.T.);
#1777=ORIENTED_EDGE('',*,*,#3761,.T.);
#1778=ORIENTED_EDGE('',*,*,#3766,.F.);
#1779=ORIENTED_EDGE('',*,*,#3767,.F.);
#1780=ORIENTED_EDGE('',*,*,#3768,.T.);
#1781=ORIENTED_EDGE('',*,*,#3764,.T.);
#1782=ORIENTED_EDGE('',*,*,#3315,.F.);
#1783=ORIENTED_EDGE('',*,*,#3769,.F.);
#1784=ORIENTED_EDGE('',*,*,#3770,.T.);
#1785=ORIENTED_EDGE('',*,*,#3771,.T.);
#1786=ORIENTED_EDGE('',*,*,#3314,.F.);
#1787=ORIENTED_EDGE('',*,*,#3772,.F.);
#1788=ORIENTED_EDGE('',*,*,#3773,.T.);
#1789=ORIENTED_EDGE('',*,*,#3769,.T.);
#1790=ORIENTED_EDGE('',*,*,#3337,.F.);
#1791=ORIENTED_EDGE('',*,*,#3774,.F.);
#1792=ORIENTED_EDGE('',*,*,#3775,.T.);
#1793=ORIENTED_EDGE('',*,*,#3772,.T.);
#1794=ORIENTED_EDGE('',*,*,#3336,.F.);
#1795=ORIENTED_EDGE('',*,*,#3776,.F.);
#1796=ORIENTED_EDGE('',*,*,#3777,.T.);
#1797=ORIENTED_EDGE('',*,*,#3774,.T.);
#1798=ORIENTED_EDGE('',*,*,#3335,.F.);
#1799=ORIENTED_EDGE('',*,*,#3778,.F.);
#1800=ORIENTED_EDGE('',*,*,#3779,.T.);
#1801=ORIENTED_EDGE('',*,*,#3776,.T.);
#1802=ORIENTED_EDGE('',*,*,#3334,.F.);
#1803=ORIENTED_EDGE('',*,*,#3780,.F.);
#1804=ORIENTED_EDGE('',*,*,#3781,.T.);
#1805=ORIENTED_EDGE('',*,*,#3778,.T.);
#1806=ORIENTED_EDGE('',*,*,#3333,.F.);
#1807=ORIENTED_EDGE('',*,*,#3782,.F.);
#1808=ORIENTED_EDGE('',*,*,#3783,.T.);
#1809=ORIENTED_EDGE('',*,*,#3780,.T.);
#1810=ORIENTED_EDGE('',*,*,#3332,.F.);
#1811=ORIENTED_EDGE('',*,*,#3784,.F.);
#1812=ORIENTED_EDGE('',*,*,#3785,.T.);
#1813=ORIENTED_EDGE('',*,*,#3782,.T.);
#1814=ORIENTED_EDGE('',*,*,#3331,.F.);
#1815=ORIENTED_EDGE('',*,*,#3786,.F.);
#1816=ORIENTED_EDGE('',*,*,#3787,.T.);
#1817=ORIENTED_EDGE('',*,*,#3784,.T.);
#1818=ORIENTED_EDGE('',*,*,#3330,.F.);
#1819=ORIENTED_EDGE('',*,*,#3788,.F.);
#1820=ORIENTED_EDGE('',*,*,#3789,.T.);
#1821=ORIENTED_EDGE('',*,*,#3786,.T.);
#1822=ORIENTED_EDGE('',*,*,#3329,.F.);
#1823=ORIENTED_EDGE('',*,*,#3790,.F.);
#1824=ORIENTED_EDGE('',*,*,#3791,.T.);
#1825=ORIENTED_EDGE('',*,*,#3788,.T.);
#1826=ORIENTED_EDGE('',*,*,#3328,.F.);
#1827=ORIENTED_EDGE('',*,*,#3792,.F.);
#1828=ORIENTED_EDGE('',*,*,#3793,.T.);
#1829=ORIENTED_EDGE('',*,*,#3790,.T.);
#1830=ORIENTED_EDGE('',*,*,#3327,.F.);
#1831=ORIENTED_EDGE('',*,*,#3794,.F.);
#1832=ORIENTED_EDGE('',*,*,#3795,.T.);
#1833=ORIENTED_EDGE('',*,*,#3792,.T.);
#1834=ORIENTED_EDGE('',*,*,#3326,.F.);
#1835=ORIENTED_EDGE('',*,*,#3796,.F.);
#1836=ORIENTED_EDGE('',*,*,#3797,.T.);
#1837=ORIENTED_EDGE('',*,*,#3794,.T.);
#1838=ORIENTED_EDGE('',*,*,#3325,.F.);
#1839=ORIENTED_EDGE('',*,*,#3798,.F.);
#1840=ORIENTED_EDGE('',*,*,#3799,.T.);
#1841=ORIENTED_EDGE('',*,*,#3796,.T.);
#1842=ORIENTED_EDGE('',*,*,#3324,.F.);
#1843=ORIENTED_EDGE('',*,*,#3800,.F.);
#1844=ORIENTED_EDGE('',*,*,#3801,.T.);
#1845=ORIENTED_EDGE('',*,*,#3798,.T.);
#1846=ORIENTED_EDGE('',*,*,#3323,.F.);
#1847=ORIENTED_EDGE('',*,*,#3802,.F.);
#1848=ORIENTED_EDGE('',*,*,#3803,.T.);
#1849=ORIENTED_EDGE('',*,*,#3800,.T.);
#1850=ORIENTED_EDGE('',*,*,#3322,.F.);
#1851=ORIENTED_EDGE('',*,*,#3804,.F.);
#1852=ORIENTED_EDGE('',*,*,#3805,.T.);
#1853=ORIENTED_EDGE('',*,*,#3802,.T.);
#1854=ORIENTED_EDGE('',*,*,#3321,.F.);
#1855=ORIENTED_EDGE('',*,*,#3806,.F.);
#1856=ORIENTED_EDGE('',*,*,#3807,.T.);
#1857=ORIENTED_EDGE('',*,*,#3804,.T.);
#1858=ORIENTED_EDGE('',*,*,#3320,.F.);
#1859=ORIENTED_EDGE('',*,*,#3808,.F.);
#1860=ORIENTED_EDGE('',*,*,#3809,.T.);
#1861=ORIENTED_EDGE('',*,*,#3806,.T.);
#1862=ORIENTED_EDGE('',*,*,#3319,.F.);
#1863=ORIENTED_EDGE('',*,*,#3810,.F.);
#1864=ORIENTED_EDGE('',*,*,#3811,.T.);
#1865=ORIENTED_EDGE('',*,*,#3808,.T.);
#1866=ORIENTED_EDGE('',*,*,#3318,.F.);
#1867=ORIENTED_EDGE('',*,*,#3812,.F.);
#1868=ORIENTED_EDGE('',*,*,#3813,.T.);
#1869=ORIENTED_EDGE('',*,*,#3810,.T.);
#1870=ORIENTED_EDGE('',*,*,#3317,.F.);
#1871=ORIENTED_EDGE('',*,*,#3814,.F.);
#1872=ORIENTED_EDGE('',*,*,#3815,.T.);
#1873=ORIENTED_EDGE('',*,*,#3812,.T.);
#1874=ORIENTED_EDGE('',*,*,#3316,.F.);
#1875=ORIENTED_EDGE('',*,*,#3771,.F.);
#1876=ORIENTED_EDGE('',*,*,#3816,.T.);
#1877=ORIENTED_EDGE('',*,*,#3814,.T.);
#1878=ORIENTED_EDGE('',*,*,#3817,.F.);
#1879=ORIENTED_EDGE('',*,*,#3747,.F.);
#1880=ORIENTED_EDGE('',*,*,#3818,.T.);
#1881=ORIENTED_EDGE('',*,*,#3767,.T.);
#1882=ORIENTED_EDGE('',*,*,#3770,.F.);
#1883=ORIENTED_EDGE('',*,*,#3773,.F.);
#1884=ORIENTED_EDGE('',*,*,#3775,.F.);
#1885=ORIENTED_EDGE('',*,*,#3777,.F.);
#1886=ORIENTED_EDGE('',*,*,#3779,.F.);
#1887=ORIENTED_EDGE('',*,*,#3781,.F.);
#1888=ORIENTED_EDGE('',*,*,#3783,.F.);
#1889=ORIENTED_EDGE('',*,*,#3785,.F.);
#1890=ORIENTED_EDGE('',*,*,#3787,.F.);
#1891=ORIENTED_EDGE('',*,*,#3789,.F.);
#1892=ORIENTED_EDGE('',*,*,#3791,.F.);
#1893=ORIENTED_EDGE('',*,*,#3793,.F.);
#1894=ORIENTED_EDGE('',*,*,#3795,.F.);
#1895=ORIENTED_EDGE('',*,*,#3797,.F.);
#1896=ORIENTED_EDGE('',*,*,#3799,.F.);
#1897=ORIENTED_EDGE('',*,*,#3801,.F.);
#1898=ORIENTED_EDGE('',*,*,#3803,.F.);
#1899=ORIENTED_EDGE('',*,*,#3805,.F.);
#1900=ORIENTED_EDGE('',*,*,#3807,.F.);
#1901=ORIENTED_EDGE('',*,*,#3809,.F.);
#1902=ORIENTED_EDGE('',*,*,#3811,.F.);
#1903=ORIENTED_EDGE('',*,*,#3813,.F.);
#1904=ORIENTED_EDGE('',*,*,#3815,.F.);
#1905=ORIENTED_EDGE('',*,*,#3816,.F.);
#1906=ORIENTED_EDGE('',*,*,#3746,.F.);
#1907=ORIENTED_EDGE('',*,*,#3750,.F.);
#1908=ORIENTED_EDGE('',*,*,#3753,.F.);
#1909=ORIENTED_EDGE('',*,*,#3756,.F.);
#1910=ORIENTED_EDGE('',*,*,#3759,.F.);
#1911=ORIENTED_EDGE('',*,*,#3762,.F.);
#1912=ORIENTED_EDGE('',*,*,#3765,.F.);
#1913=ORIENTED_EDGE('',*,*,#3768,.F.);
#1914=ORIENTED_EDGE('',*,*,#3818,.F.);
#1915=ORIENTED_EDGE('',*,*,#3294,.F.);
#1916=ORIENTED_EDGE('',*,*,#3819,.F.);
#1917=ORIENTED_EDGE('',*,*,#3820,.T.);
#1918=ORIENTED_EDGE('',*,*,#3821,.T.);
#1919=ORIENTED_EDGE('',*,*,#3293,.F.);
#1920=ORIENTED_EDGE('',*,*,#3822,.F.);
#1921=ORIENTED_EDGE('',*,*,#3823,.T.);
#1922=ORIENTED_EDGE('',*,*,#3819,.T.);
#1923=ORIENTED_EDGE('',*,*,#3313,.F.);
#1924=ORIENTED_EDGE('',*,*,#3824,.F.);
#1925=ORIENTED_EDGE('',*,*,#3825,.T.);
#1926=ORIENTED_EDGE('',*,*,#3822,.T.);
#1927=ORIENTED_EDGE('',*,*,#3312,.F.);
#1928=ORIENTED_EDGE('',*,*,#3826,.F.);
#1929=ORIENTED_EDGE('',*,*,#3827,.T.);
#1930=ORIENTED_EDGE('',*,*,#3824,.T.);
#1931=ORIENTED_EDGE('',*,*,#3311,.F.);
#1932=ORIENTED_EDGE('',*,*,#3828,.F.);
#1933=ORIENTED_EDGE('',*,*,#3829,.T.);
#1934=ORIENTED_EDGE('',*,*,#3826,.T.);
#1935=ORIENTED_EDGE('',*,*,#3310,.F.);
#1936=ORIENTED_EDGE('',*,*,#3830,.F.);
#1937=ORIENTED_EDGE('',*,*,#3831,.T.);
#1938=ORIENTED_EDGE('',*,*,#3828,.T.);
#1939=ORIENTED_EDGE('',*,*,#3309,.F.);
#1940=ORIENTED_EDGE('',*,*,#3832,.F.);
#1941=ORIENTED_EDGE('',*,*,#3833,.T.);
#1942=ORIENTED_EDGE('',*,*,#3830,.T.);
#1943=ORIENTED_EDGE('',*,*,#3308,.F.);
#1944=ORIENTED_EDGE('',*,*,#3834,.F.);
#1945=ORIENTED_EDGE('',*,*,#3835,.T.);
#1946=ORIENTED_EDGE('',*,*,#3832,.T.);
#1947=ORIENTED_EDGE('',*,*,#3307,.F.);
#1948=ORIENTED_EDGE('',*,*,#3836,.F.);
#1949=ORIENTED_EDGE('',*,*,#3837,.T.);
#1950=ORIENTED_EDGE('',*,*,#3834,.T.);
#1951=ORIENTED_EDGE('',*,*,#3306,.F.);
#1952=ORIENTED_EDGE('',*,*,#3838,.F.);
#1953=ORIENTED_EDGE('',*,*,#3839,.T.);
#1954=ORIENTED_EDGE('',*,*,#3836,.T.);
#1955=ORIENTED_EDGE('',*,*,#3305,.F.);
#1956=ORIENTED_EDGE('',*,*,#3840,.F.);
#1957=ORIENTED_EDGE('',*,*,#3841,.T.);
#1958=ORIENTED_EDGE('',*,*,#3838,.T.);
#1959=ORIENTED_EDGE('',*,*,#3304,.F.);
#1960=ORIENTED_EDGE('',*,*,#3842,.F.);
#1961=ORIENTED_EDGE('',*,*,#3843,.T.);
#1962=ORIENTED_EDGE('',*,*,#3840,.T.);
#1963=ORIENTED_EDGE('',*,*,#3303,.F.);
#1964=ORIENTED_EDGE('',*,*,#3844,.F.);
#1965=ORIENTED_EDGE('',*,*,#3845,.T.);
#1966=ORIENTED_EDGE('',*,*,#3842,.T.);
#1967=ORIENTED_EDGE('',*,*,#3302,.F.);
#1968=ORIENTED_EDGE('',*,*,#3846,.F.);
#1969=ORIENTED_EDGE('',*,*,#3847,.T.);
#1970=ORIENTED_EDGE('',*,*,#3844,.T.);
#1971=ORIENTED_EDGE('',*,*,#3301,.F.);
#1972=ORIENTED_EDGE('',*,*,#3848,.F.);
#1973=ORIENTED_EDGE('',*,*,#3849,.T.);
#1974=ORIENTED_EDGE('',*,*,#3846,.T.);
#1975=ORIENTED_EDGE('',*,*,#3300,.F.);
#1976=ORIENTED_EDGE('',*,*,#3850,.F.);
#1977=ORIENTED_EDGE('',*,*,#3851,.T.);
#1978=ORIENTED_EDGE('',*,*,#3848,.T.);
#1979=ORIENTED_EDGE('',*,*,#3299,.F.);
#1980=ORIENTED_EDGE('',*,*,#3852,.F.);
#1981=ORIENTED_EDGE('',*,*,#3853,.T.);
#1982=ORIENTED_EDGE('',*,*,#3850,.T.);
#1983=ORIENTED_EDGE('',*,*,#3298,.F.);
#1984=ORIENTED_EDGE('',*,*,#3854,.F.);
#1985=ORIENTED_EDGE('',*,*,#3855,.T.);
#1986=ORIENTED_EDGE('',*,*,#3852,.T.);
#1987=ORIENTED_EDGE('',*,*,#3297,.F.);
#1988=ORIENTED_EDGE('',*,*,#3856,.F.);
#1989=ORIENTED_EDGE('',*,*,#3857,.T.);
#1990=ORIENTED_EDGE('',*,*,#3854,.T.);
#1991=ORIENTED_EDGE('',*,*,#3296,.F.);
#1992=ORIENTED_EDGE('',*,*,#3858,.F.);
#1993=ORIENTED_EDGE('',*,*,#3859,.T.);
#1994=ORIENTED_EDGE('',*,*,#3856,.T.);
#1995=ORIENTED_EDGE('',*,*,#3295,.F.);
#1996=ORIENTED_EDGE('',*,*,#3821,.F.);
#1997=ORIENTED_EDGE('',*,*,#3860,.T.);
#1998=ORIENTED_EDGE('',*,*,#3858,.T.);
#1999=ORIENTED_EDGE('',*,*,#3820,.F.);
#2000=ORIENTED_EDGE('',*,*,#3823,.F.);
#2001=ORIENTED_EDGE('',*,*,#3825,.F.);
#2002=ORIENTED_EDGE('',*,*,#3827,.F.);
#2003=ORIENTED_EDGE('',*,*,#3829,.F.);
#2004=ORIENTED_EDGE('',*,*,#3831,.F.);
#2005=ORIENTED_EDGE('',*,*,#3833,.F.);
#2006=ORIENTED_EDGE('',*,*,#3835,.F.);
#2007=ORIENTED_EDGE('',*,*,#3837,.F.);
#2008=ORIENTED_EDGE('',*,*,#3839,.F.);
#2009=ORIENTED_EDGE('',*,*,#3841,.F.);
#2010=ORIENTED_EDGE('',*,*,#3843,.F.);
#2011=ORIENTED_EDGE('',*,*,#3845,.F.);
#2012=ORIENTED_EDGE('',*,*,#3847,.F.);
#2013=ORIENTED_EDGE('',*,*,#3849,.F.);
#2014=ORIENTED_EDGE('',*,*,#3851,.F.);
#2015=ORIENTED_EDGE('',*,*,#3853,.F.);
#2016=ORIENTED_EDGE('',*,*,#3855,.F.);
#2017=ORIENTED_EDGE('',*,*,#3857,.F.);
#2018=ORIENTED_EDGE('',*,*,#3859,.F.);
#2019=ORIENTED_EDGE('',*,*,#3860,.F.);
#2020=ORIENTED_EDGE('',*,*,#3280,.F.);
#2021=ORIENTED_EDGE('',*,*,#3861,.F.);
#2022=ORIENTED_EDGE('',*,*,#3862,.T.);
#2023=ORIENTED_EDGE('',*,*,#3863,.T.);
#2024=ORIENTED_EDGE('',*,*,#3279,.F.);
#2025=ORIENTED_EDGE('',*,*,#3864,.F.);
#2026=ORIENTED_EDGE('',*,*,#3865,.T.);
#2027=ORIENTED_EDGE('',*,*,#3861,.T.);
#2028=ORIENTED_EDGE('',*,*,#3292,.F.);
#2029=ORIENTED_EDGE('',*,*,#3866,.F.);
#2030=ORIENTED_EDGE('',*,*,#3867,.T.);
#2031=ORIENTED_EDGE('',*,*,#3864,.T.);
#2032=ORIENTED_EDGE('',*,*,#3291,.F.);
#2033=ORIENTED_EDGE('',*,*,#3868,.F.);
#2034=ORIENTED_EDGE('',*,*,#3869,.T.);
#2035=ORIENTED_EDGE('',*,*,#3866,.T.);
#2036=ORIENTED_EDGE('',*,*,#3290,.F.);
#2037=ORIENTED_EDGE('',*,*,#3870,.F.);
#2038=ORIENTED_EDGE('',*,*,#3871,.T.);
#2039=ORIENTED_EDGE('',*,*,#3868,.T.);
#2040=ORIENTED_EDGE('',*,*,#3289,.F.);
#2041=ORIENTED_EDGE('',*,*,#3872,.F.);
#2042=ORIENTED_EDGE('',*,*,#3873,.T.);
#2043=ORIENTED_EDGE('',*,*,#3870,.T.);
#2044=ORIENTED_EDGE('',*,*,#3288,.F.);
#2045=ORIENTED_EDGE('',*,*,#3874,.F.);
#2046=ORIENTED_EDGE('',*,*,#3875,.T.);
#2047=ORIENTED_EDGE('',*,*,#3872,.T.);
#2048=ORIENTED_EDGE('',*,*,#3287,.F.);
#2049=ORIENTED_EDGE('',*,*,#3876,.F.);
#2050=ORIENTED_EDGE('',*,*,#3877,.T.);
#2051=ORIENTED_EDGE('',*,*,#3874,.T.);
#2052=ORIENTED_EDGE('',*,*,#3286,.F.);
#2053=ORIENTED_EDGE('',*,*,#3878,.F.);
#2054=ORIENTED_EDGE('',*,*,#3879,.T.);
#2055=ORIENTED_EDGE('',*,*,#3876,.T.);
#2056=ORIENTED_EDGE('',*,*,#3285,.F.);
#2057=ORIENTED_EDGE('',*,*,#3880,.F.);
#2058=ORIENTED_EDGE('',*,*,#3881,.T.);
#2059=ORIENTED_EDGE('',*,*,#3878,.T.);
#2060=ORIENTED_EDGE('',*,*,#3284,.F.);
#2061=ORIENTED_EDGE('',*,*,#3882,.F.);
#2062=ORIENTED_EDGE('',*,*,#3883,.T.);
#2063=ORIENTED_EDGE('',*,*,#3880,.T.);
#2064=ORIENTED_EDGE('',*,*,#3283,.F.);
#2065=ORIENTED_EDGE('',*,*,#3884,.F.);
#2066=ORIENTED_EDGE('',*,*,#3885,.T.);
#2067=ORIENTED_EDGE('',*,*,#3882,.T.);
#2068=ORIENTED_EDGE('',*,*,#3282,.F.);
#2069=ORIENTED_EDGE('',*,*,#3886,.F.);
#2070=ORIENTED_EDGE('',*,*,#3887,.T.);
#2071=ORIENTED_EDGE('',*,*,#3884,.T.);
#2072=ORIENTED_EDGE('',*,*,#3281,.F.);
#2073=ORIENTED_EDGE('',*,*,#3863,.F.);
#2074=ORIENTED_EDGE('',*,*,#3888,.T.);
#2075=ORIENTED_EDGE('',*,*,#3886,.T.);
#2076=ORIENTED_EDGE('',*,*,#3862,.F.);
#2077=ORIENTED_EDGE('',*,*,#3865,.F.);
#2078=ORIENTED_EDGE('',*,*,#3867,.F.);
#2079=ORIENTED_EDGE('',*,*,#3869,.F.);
#2080=ORIENTED_EDGE('',*,*,#3871,.F.);
#2081=ORIENTED_EDGE('',*,*,#3873,.F.);
#2082=ORIENTED_EDGE('',*,*,#3875,.F.);
#2083=ORIENTED_EDGE('',*,*,#3877,.F.);
#2084=ORIENTED_EDGE('',*,*,#3879,.F.);
#2085=ORIENTED_EDGE('',*,*,#3881,.F.);
#2086=ORIENTED_EDGE('',*,*,#3883,.F.);
#2087=ORIENTED_EDGE('',*,*,#3885,.F.);
#2088=ORIENTED_EDGE('',*,*,#3887,.F.);
#2089=ORIENTED_EDGE('',*,*,#3888,.F.);
#2090=ORIENTED_EDGE('',*,*,#3246,.F.);
#2091=ORIENTED_EDGE('',*,*,#3889,.F.);
#2092=ORIENTED_EDGE('',*,*,#3890,.T.);
#2093=ORIENTED_EDGE('',*,*,#3891,.T.);
#2094=ORIENTED_EDGE('',*,*,#3245,.F.);
#2095=ORIENTED_EDGE('',*,*,#3892,.F.);
#2096=ORIENTED_EDGE('',*,*,#3893,.T.);
#2097=ORIENTED_EDGE('',*,*,#3889,.T.);
#2098=ORIENTED_EDGE('',*,*,#3278,.F.);
#2099=ORIENTED_EDGE('',*,*,#3894,.F.);
#2100=ORIENTED_EDGE('',*,*,#3895,.T.);
#2101=ORIENTED_EDGE('',*,*,#3892,.T.);
#2102=ORIENTED_EDGE('',*,*,#3277,.F.);
#2103=ORIENTED_EDGE('',*,*,#3896,.F.);
#2104=ORIENTED_EDGE('',*,*,#3897,.T.);
#2105=ORIENTED_EDGE('',*,*,#3894,.T.);
#2106=ORIENTED_EDGE('',*,*,#3276,.F.);
#2107=ORIENTED_EDGE('',*,*,#3898,.F.);
#2108=ORIENTED_EDGE('',*,*,#3899,.T.);
#2109=ORIENTED_EDGE('',*,*,#3896,.T.);
#2110=ORIENTED_EDGE('',*,*,#3275,.F.);
#2111=ORIENTED_EDGE('',*,*,#3900,.F.);
#2112=ORIENTED_EDGE('',*,*,#3901,.T.);
#2113=ORIENTED_EDGE('',*,*,#3898,.T.);
#2114=ORIENTED_EDGE('',*,*,#3274,.F.);
#2115=ORIENTED_EDGE('',*,*,#3902,.F.);
#2116=ORIENTED_EDGE('',*,*,#3903,.T.);
#2117=ORIENTED_EDGE('',*,*,#3900,.T.);
#2118=ORIENTED_EDGE('',*,*,#3273,.F.);
#2119=ORIENTED_EDGE('',*,*,#3904,.F.);
#2120=ORIENTED_EDGE('',*,*,#3905,.T.);
#2121=ORIENTED_EDGE('',*,*,#3902,.T.);
#2122=ORIENTED_EDGE('',*,*,#3272,.F.);
#2123=ORIENTED_EDGE('',*,*,#3906,.F.);
#2124=ORIENTED_EDGE('',*,*,#3907,.T.);
#2125=ORIENTED_EDGE('',*,*,#3904,.T.);
#2126=ORIENTED_EDGE('',*,*,#3271,.F.);
#2127=ORIENTED_EDGE('',*,*,#3908,.F.);
#2128=ORIENTED_EDGE('',*,*,#3909,.T.);
#2129=ORIENTED_EDGE('',*,*,#3906,.T.);
#2130=ORIENTED_EDGE('',*,*,#3270,.F.);
#2131=ORIENTED_EDGE('',*,*,#3910,.F.);
#2132=ORIENTED_EDGE('',*,*,#3911,.T.);
#2133=ORIENTED_EDGE('',*,*,#3908,.T.);
#2134=ORIENTED_EDGE('',*,*,#3269,.F.);
#2135=ORIENTED_EDGE('',*,*,#3912,.F.);
#2136=ORIENTED_EDGE('',*,*,#3913,.T.);
#2137=ORIENTED_EDGE('',*,*,#3910,.T.);
#2138=ORIENTED_EDGE('',*,*,#3268,.F.);
#2139=ORIENTED_EDGE('',*,*,#3914,.F.);
#2140=ORIENTED_EDGE('',*,*,#3915,.T.);
#2141=ORIENTED_EDGE('',*,*,#3912,.T.);
#2142=ORIENTED_EDGE('',*,*,#3267,.F.);
#2143=ORIENTED_EDGE('',*,*,#3916,.F.);
#2144=ORIENTED_EDGE('',*,*,#3917,.T.);
#2145=ORIENTED_EDGE('',*,*,#3914,.T.);
#2146=ORIENTED_EDGE('',*,*,#3266,.F.);
#2147=ORIENTED_EDGE('',*,*,#3918,.F.);
#2148=ORIENTED_EDGE('',*,*,#3919,.T.);
#2149=ORIENTED_EDGE('',*,*,#3916,.T.);
#2150=ORIENTED_EDGE('',*,*,#3265,.F.);
#2151=ORIENTED_EDGE('',*,*,#3920,.F.);
#2152=ORIENTED_EDGE('',*,*,#3921,.T.);
#2153=ORIENTED_EDGE('',*,*,#3918,.T.);
#2154=ORIENTED_EDGE('',*,*,#3264,.F.);
#2155=ORIENTED_EDGE('',*,*,#3922,.F.);
#2156=ORIENTED_EDGE('',*,*,#3923,.T.);
#2157=ORIENTED_EDGE('',*,*,#3920,.T.);
#2158=ORIENTED_EDGE('',*,*,#3263,.F.);
#2159=ORIENTED_EDGE('',*,*,#3924,.F.);
#2160=ORIENTED_EDGE('',*,*,#3925,.T.);
#2161=ORIENTED_EDGE('',*,*,#3922,.T.);
#2162=ORIENTED_EDGE('',*,*,#3262,.F.);
#2163=ORIENTED_EDGE('',*,*,#3926,.F.);
#2164=ORIENTED_EDGE('',*,*,#3927,.T.);
#2165=ORIENTED_EDGE('',*,*,#3924,.T.);
#2166=ORIENTED_EDGE('',*,*,#3261,.F.);
#2167=ORIENTED_EDGE('',*,*,#3928,.F.);
#2168=ORIENTED_EDGE('',*,*,#3929,.T.);
#2169=ORIENTED_EDGE('',*,*,#3926,.T.);
#2170=ORIENTED_EDGE('',*,*,#3260,.F.);
#2171=ORIENTED_EDGE('',*,*,#3930,.F.);
#2172=ORIENTED_EDGE('',*,*,#3931,.T.);
#2173=ORIENTED_EDGE('',*,*,#3928,.T.);
#2174=ORIENTED_EDGE('',*,*,#3259,.F.);
#2175=ORIENTED_EDGE('',*,*,#3932,.F.);
#2176=ORIENTED_EDGE('',*,*,#3933,.T.);
#2177=ORIENTED_EDGE('',*,*,#3930,.T.);
#2178=ORIENTED_EDGE('',*,*,#3258,.F.);
#2179=ORIENTED_EDGE('',*,*,#3934,.F.);
#2180=ORIENTED_EDGE('',*,*,#3935,.T.);
#2181=ORIENTED_EDGE('',*,*,#3932,.T.);
#2182=ORIENTED_EDGE('',*,*,#3257,.F.);
#2183=ORIENTED_EDGE('',*,*,#3936,.F.);
#2184=ORIENTED_EDGE('',*,*,#3937,.T.);
#2185=ORIENTED_EDGE('',*,*,#3934,.T.);
#2186=ORIENTED_EDGE('',*,*,#3256,.F.);
#2187=ORIENTED_EDGE('',*,*,#3938,.F.);
#2188=ORIENTED_EDGE('',*,*,#3939,.T.);
#2189=ORIENTED_EDGE('',*,*,#3936,.T.);
#2190=ORIENTED_EDGE('',*,*,#3255,.F.);
#2191=ORIENTED_EDGE('',*,*,#3940,.F.);
#2192=ORIENTED_EDGE('',*,*,#3941,.T.);
#2193=ORIENTED_EDGE('',*,*,#3938,.T.);
#2194=ORIENTED_EDGE('',*,*,#3254,.F.);
#2195=ORIENTED_EDGE('',*,*,#3942,.F.);
#2196=ORIENTED_EDGE('',*,*,#3943,.T.);
#2197=ORIENTED_EDGE('',*,*,#3940,.T.);
#2198=ORIENTED_EDGE('',*,*,#3253,.F.);
#2199=ORIENTED_EDGE('',*,*,#3944,.F.);
#2200=ORIENTED_EDGE('',*,*,#3945,.T.);
#2201=ORIENTED_EDGE('',*,*,#3942,.T.);
#2202=ORIENTED_EDGE('',*,*,#3252,.F.);
#2203=ORIENTED_EDGE('',*,*,#3946,.F.);
#2204=ORIENTED_EDGE('',*,*,#3947,.T.);
#2205=ORIENTED_EDGE('',*,*,#3944,.T.);
#2206=ORIENTED_EDGE('',*,*,#3251,.F.);
#2207=ORIENTED_EDGE('',*,*,#3948,.F.);
#2208=ORIENTED_EDGE('',*,*,#3949,.T.);
#2209=ORIENTED_EDGE('',*,*,#3946,.T.);
#2210=ORIENTED_EDGE('',*,*,#3250,.F.);
#2211=ORIENTED_EDGE('',*,*,#3950,.F.);
#2212=ORIENTED_EDGE('',*,*,#3951,.T.);
#2213=ORIENTED_EDGE('',*,*,#3948,.T.);
#2214=ORIENTED_EDGE('',*,*,#3249,.F.);
#2215=ORIENTED_EDGE('',*,*,#3952,.F.);
#2216=ORIENTED_EDGE('',*,*,#3953,.T.);
#2217=ORIENTED_EDGE('',*,*,#3950,.T.);
#2218=ORIENTED_EDGE('',*,*,#3248,.F.);
#2219=ORIENTED_EDGE('',*,*,#3954,.F.);
#2220=ORIENTED_EDGE('',*,*,#3955,.T.);
#2221=ORIENTED_EDGE('',*,*,#3952,.T.);
#2222=ORIENTED_EDGE('',*,*,#3247,.F.);
#2223=ORIENTED_EDGE('',*,*,#3891,.F.);
#2224=ORIENTED_EDGE('',*,*,#3956,.T.);
#2225=ORIENTED_EDGE('',*,*,#3954,.T.);
#2226=ORIENTED_EDGE('',*,*,#3890,.F.);
#2227=ORIENTED_EDGE('',*,*,#3893,.F.);
#2228=ORIENTED_EDGE('',*,*,#3895,.F.);
#2229=ORIENTED_EDGE('',*,*,#3897,.F.);
#2230=ORIENTED_EDGE('',*,*,#3899,.F.);
#2231=ORIENTED_EDGE('',*,*,#3901,.F.);
#2232=ORIENTED_EDGE('',*,*,#3903,.F.);
#2233=ORIENTED_EDGE('',*,*,#3905,.F.);
#2234=ORIENTED_EDGE('',*,*,#3907,.F.);
#2235=ORIENTED_EDGE('',*,*,#3909,.F.);
#2236=ORIENTED_EDGE('',*,*,#3911,.F.);
#2237=ORIENTED_EDGE('',*,*,#3913,.F.);
#2238=ORIENTED_EDGE('',*,*,#3915,.F.);
#2239=ORIENTED_EDGE('',*,*,#3917,.F.);
#2240=ORIENTED_EDGE('',*,*,#3919,.F.);
#2241=ORIENTED_EDGE('',*,*,#3921,.F.);
#2242=ORIENTED_EDGE('',*,*,#3923,.F.);
#2243=ORIENTED_EDGE('',*,*,#3925,.F.);
#2244=ORIENTED_EDGE('',*,*,#3927,.F.);
#2245=ORIENTED_EDGE('',*,*,#3929,.F.);
#2246=ORIENTED_EDGE('',*,*,#3931,.F.);
#2247=ORIENTED_EDGE('',*,*,#3933,.F.);
#2248=ORIENTED_EDGE('',*,*,#3935,.F.);
#2249=ORIENTED_EDGE('',*,*,#3937,.F.);
#2250=ORIENTED_EDGE('',*,*,#3939,.F.);
#2251=ORIENTED_EDGE('',*,*,#3941,.F.);
#2252=ORIENTED_EDGE('',*,*,#3943,.F.);
#2253=ORIENTED_EDGE('',*,*,#3945,.F.);
#2254=ORIENTED_EDGE('',*,*,#3947,.F.);
#2255=ORIENTED_EDGE('',*,*,#3949,.F.);
#2256=ORIENTED_EDGE('',*,*,#3951,.F.);
#2257=ORIENTED_EDGE('',*,*,#3953,.F.);
#2258=ORIENTED_EDGE('',*,*,#3955,.F.);
#2259=ORIENTED_EDGE('',*,*,#3956,.F.);
#2260=ORIENTED_EDGE('',*,*,#3229,.F.);
#2261=ORIENTED_EDGE('',*,*,#3957,.F.);
#2262=ORIENTED_EDGE('',*,*,#3958,.T.);
#2263=ORIENTED_EDGE('',*,*,#3959,.T.);
#2264=ORIENTED_EDGE('',*,*,#3228,.F.);
#2265=ORIENTED_EDGE('',*,*,#3960,.F.);
#2266=ORIENTED_EDGE('',*,*,#3961,.T.);
#2267=ORIENTED_EDGE('',*,*,#3957,.T.);
#2268=ORIENTED_EDGE('',*,*,#3244,.F.);
#2269=ORIENTED_EDGE('',*,*,#3962,.F.);
#2270=ORIENTED_EDGE('',*,*,#3963,.T.);
#2271=ORIENTED_EDGE('',*,*,#3960,.T.);
#2272=ORIENTED_EDGE('',*,*,#3243,.F.);
#2273=ORIENTED_EDGE('',*,*,#3964,.F.);
#2274=ORIENTED_EDGE('',*,*,#3965,.T.);
#2275=ORIENTED_EDGE('',*,*,#3962,.T.);
#2276=ORIENTED_EDGE('',*,*,#3242,.F.);
#2277=ORIENTED_EDGE('',*,*,#3966,.F.);
#2278=ORIENTED_EDGE('',*,*,#3967,.T.);
#2279=ORIENTED_EDGE('',*,*,#3964,.T.);
#2280=ORIENTED_EDGE('',*,*,#3241,.F.);
#2281=ORIENTED_EDGE('',*,*,#3968,.F.);
#2282=ORIENTED_EDGE('',*,*,#3969,.T.);
#2283=ORIENTED_EDGE('',*,*,#3966,.T.);
#2284=ORIENTED_EDGE('',*,*,#3240,.F.);
#2285=ORIENTED_EDGE('',*,*,#3970,.F.);
#2286=ORIENTED_EDGE('',*,*,#3971,.T.);
#2287=ORIENTED_EDGE('',*,*,#3968,.T.);
#2288=ORIENTED_EDGE('',*,*,#3239,.F.);
#2289=ORIENTED_EDGE('',*,*,#3972,.F.);
#2290=ORIENTED_EDGE('',*,*,#3973,.T.);
#2291=ORIENTED_EDGE('',*,*,#3970,.T.);
#2292=ORIENTED_EDGE('',*,*,#3238,.F.);
#2293=ORIENTED_EDGE('',*,*,#3974,.F.);
#2294=ORIENTED_EDGE('',*,*,#3975,.T.);
#2295=ORIENTED_EDGE('',*,*,#3972,.T.);
#2296=ORIENTED_EDGE('',*,*,#3237,.F.);
#2297=ORIENTED_EDGE('',*,*,#3976,.F.);
#2298=ORIENTED_EDGE('',*,*,#3977,.T.);
#2299=ORIENTED_EDGE('',*,*,#3974,.T.);
#2300=ORIENTED_EDGE('',*,*,#3236,.F.);
#2301=ORIENTED_EDGE('',*,*,#3978,.F.);
#2302=ORIENTED_EDGE('',*,*,#3979,.T.);
#2303=ORIENTED_EDGE('',*,*,#3976,.T.);
#2304=ORIENTED_EDGE('',*,*,#3235,.F.);
#2305=ORIENTED_EDGE('',*,*,#3980,.F.);
#2306=ORIENTED_EDGE('',*,*,#3981,.T.);
#2307=ORIENTED_EDGE('',*,*,#3978,.T.);
#2308=ORIENTED_EDGE('',*,*,#3234,.F.);
#2309=ORIENTED_EDGE('',*,*,#3982,.F.);
#2310=ORIENTED_EDGE('',*,*,#3983,.T.);
#2311=ORIENTED_EDGE('',*,*,#3980,.T.);
#2312=ORIENTED_EDGE('',*,*,#3233,.F.);
#2313=ORIENTED_EDGE('',*,*,#3984,.F.);
#2314=ORIENTED_EDGE('',*,*,#3985,.T.);
#2315=ORIENTED_EDGE('',*,*,#3982,.T.);
#2316=ORIENTED_EDGE('',*,*,#3232,.F.);
#2317=ORIENTED_EDGE('',*,*,#3986,.F.);
#2318=ORIENTED_EDGE('',*,*,#3987,.T.);
#2319=ORIENTED_EDGE('',*,*,#3984,.T.);
#2320=ORIENTED_EDGE('',*,*,#3231,.F.);
#2321=ORIENTED_EDGE('',*,*,#3988,.F.);
#2322=ORIENTED_EDGE('',*,*,#3989,.T.);
#2323=ORIENTED_EDGE('',*,*,#3986,.T.);
#2324=ORIENTED_EDGE('',*,*,#3230,.F.);
#2325=ORIENTED_EDGE('',*,*,#3959,.F.);
#2326=ORIENTED_EDGE('',*,*,#3990,.T.);
#2327=ORIENTED_EDGE('',*,*,#3988,.T.);
#2328=ORIENTED_EDGE('',*,*,#3958,.F.);
#2329=ORIENTED_EDGE('',*,*,#3961,.F.);
#2330=ORIENTED_EDGE('',*,*,#3963,.F.);
#2331=ORIENTED_EDGE('',*,*,#3965,.F.);
#2332=ORIENTED_EDGE('',*,*,#3967,.F.);
#2333=ORIENTED_EDGE('',*,*,#3969,.F.);
#2334=ORIENTED_EDGE('',*,*,#3971,.F.);
#2335=ORIENTED_EDGE('',*,*,#3973,.F.);
#2336=ORIENTED_EDGE('',*,*,#3975,.F.);
#2337=ORIENTED_EDGE('',*,*,#3977,.F.);
#2338=ORIENTED_EDGE('',*,*,#3979,.F.);
#2339=ORIENTED_EDGE('',*,*,#3981,.F.);
#2340=ORIENTED_EDGE('',*,*,#3983,.F.);
#2341=ORIENTED_EDGE('',*,*,#3985,.F.);
#2342=ORIENTED_EDGE('',*,*,#3987,.F.);
#2343=ORIENTED_EDGE('',*,*,#3989,.F.);
#2344=ORIENTED_EDGE('',*,*,#3990,.F.);
#2345=ORIENTED_EDGE('',*,*,#3991,.F.);
#2346=ORIENTED_EDGE('',*,*,#3992,.F.);
#2347=ORIENTED_EDGE('',*,*,#3993,.T.);
#2348=ORIENTED_EDGE('',*,*,#3994,.T.);
#2349=ORIENTED_EDGE('',*,*,#3995,.F.);
#2350=ORIENTED_EDGE('',*,*,#3996,.F.);
#2351=ORIENTED_EDGE('',*,*,#3997,.T.);
#2352=ORIENTED_EDGE('',*,*,#3992,.T.);
#2353=ORIENTED_EDGE('',*,*,#3998,.F.);
#2354=ORIENTED_EDGE('',*,*,#3999,.F.);
#2355=ORIENTED_EDGE('',*,*,#4000,.T.);
#2356=ORIENTED_EDGE('',*,*,#3996,.T.);
#2357=ORIENTED_EDGE('',*,*,#4001,.F.);
#2358=ORIENTED_EDGE('',*,*,#4002,.F.);
#2359=ORIENTED_EDGE('',*,*,#4003,.T.);
#2360=ORIENTED_EDGE('',*,*,#3999,.T.);
#2361=ORIENTED_EDGE('',*,*,#4004,.F.);
#2362=ORIENTED_EDGE('',*,*,#4005,.F.);
#2363=ORIENTED_EDGE('',*,*,#4006,.T.);
#2364=ORIENTED_EDGE('',*,*,#4002,.T.);
#2365=ORIENTED_EDGE('',*,*,#4007,.F.);
#2366=ORIENTED_EDGE('',*,*,#4008,.F.);
#2367=ORIENTED_EDGE('',*,*,#4009,.T.);
#2368=ORIENTED_EDGE('',*,*,#4005,.T.);
#2369=ORIENTED_EDGE('',*,*,#4010,.F.);
#2370=ORIENTED_EDGE('',*,*,#4011,.F.);
#2371=ORIENTED_EDGE('',*,*,#4012,.T.);
#2372=ORIENTED_EDGE('',*,*,#4008,.T.);
#2373=ORIENTED_EDGE('',*,*,#4013,.F.);
#2374=ORIENTED_EDGE('',*,*,#4014,.F.);
#2375=ORIENTED_EDGE('',*,*,#4015,.T.);
#2376=ORIENTED_EDGE('',*,*,#4011,.T.);
#2377=ORIENTED_EDGE('',*,*,#3340,.F.);
#2378=ORIENTED_EDGE('',*,*,#4016,.F.);
#2379=ORIENTED_EDGE('',*,*,#4017,.T.);
#2380=ORIENTED_EDGE('',*,*,#4018,.T.);
#2381=ORIENTED_EDGE('',*,*,#3339,.F.);
#2382=ORIENTED_EDGE('',*,*,#4019,.F.);
#2383=ORIENTED_EDGE('',*,*,#4020,.T.);
#2384=ORIENTED_EDGE('',*,*,#4016,.T.);
#2385=ORIENTED_EDGE('',*,*,#3362,.F.);
#2386=ORIENTED_EDGE('',*,*,#4021,.F.);
#2387=ORIENTED_EDGE('',*,*,#4022,.T.);
#2388=ORIENTED_EDGE('',*,*,#4019,.T.);
#2389=ORIENTED_EDGE('',*,*,#3361,.F.);
#2390=ORIENTED_EDGE('',*,*,#4023,.F.);
#2391=ORIENTED_EDGE('',*,*,#4024,.T.);
#2392=ORIENTED_EDGE('',*,*,#4021,.T.);
#2393=ORIENTED_EDGE('',*,*,#3360,.F.);
#2394=ORIENTED_EDGE('',*,*,#4025,.F.);
#2395=ORIENTED_EDGE('',*,*,#4026,.T.);
#2396=ORIENTED_EDGE('',*,*,#4023,.T.);
#2397=ORIENTED_EDGE('',*,*,#3359,.F.);
#2398=ORIENTED_EDGE('',*,*,#4027,.F.);
#2399=ORIENTED_EDGE('',*,*,#4028,.T.);
#2400=ORIENTED_EDGE('',*,*,#4025,.T.);
#2401=ORIENTED_EDGE('',*,*,#3358,.F.);
#2402=ORIENTED_EDGE('',*,*,#4029,.F.);
#2403=ORIENTED_EDGE('',*,*,#4030,.T.);
#2404=ORIENTED_EDGE('',*,*,#4027,.T.);
#2405=ORIENTED_EDGE('',*,*,#3357,.F.);
#2406=ORIENTED_EDGE('',*,*,#4031,.F.);
#2407=ORIENTED_EDGE('',*,*,#4032,.T.);
#2408=ORIENTED_EDGE('',*,*,#4029,.T.);
#2409=ORIENTED_EDGE('',*,*,#3356,.F.);
#2410=ORIENTED_EDGE('',*,*,#4033,.F.);
#2411=ORIENTED_EDGE('',*,*,#4034,.T.);
#2412=ORIENTED_EDGE('',*,*,#4031,.T.);
#2413=ORIENTED_EDGE('',*,*,#3355,.F.);
#2414=ORIENTED_EDGE('',*,*,#4035,.F.);
#2415=ORIENTED_EDGE('',*,*,#4036,.T.);
#2416=ORIENTED_EDGE('',*,*,#4033,.T.);
#2417=ORIENTED_EDGE('',*,*,#3354,.F.);
#2418=ORIENTED_EDGE('',*,*,#4037,.F.);
#2419=ORIENTED_EDGE('',*,*,#4038,.T.);
#2420=ORIENTED_EDGE('',*,*,#4035,.T.);
#2421=ORIENTED_EDGE('',*,*,#3353,.F.);
#2422=ORIENTED_EDGE('',*,*,#4039,.F.);
#2423=ORIENTED_EDGE('',*,*,#4040,.T.);
#2424=ORIENTED_EDGE('',*,*,#4037,.T.);
#2425=ORIENTED_EDGE('',*,*,#3352,.F.);
#2426=ORIENTED_EDGE('',*,*,#4041,.F.);
#2427=ORIENTED_EDGE('',*,*,#4042,.T.);
#2428=ORIENTED_EDGE('',*,*,#4039,.T.);
#2429=ORIENTED_EDGE('',*,*,#3351,.F.);
#2430=ORIENTED_EDGE('',*,*,#4043,.F.);
#2431=ORIENTED_EDGE('',*,*,#4044,.T.);
#2432=ORIENTED_EDGE('',*,*,#4041,.T.);
#2433=ORIENTED_EDGE('',*,*,#3350,.F.);
#2434=ORIENTED_EDGE('',*,*,#4045,.F.);
#2435=ORIENTED_EDGE('',*,*,#4046,.T.);
#2436=ORIENTED_EDGE('',*,*,#4043,.T.);
#2437=ORIENTED_EDGE('',*,*,#3349,.F.);
#2438=ORIENTED_EDGE('',*,*,#4047,.F.);
#2439=ORIENTED_EDGE('',*,*,#4048,.T.);
#2440=ORIENTED_EDGE('',*,*,#4045,.T.);
#2441=ORIENTED_EDGE('',*,*,#3348,.F.);
#2442=ORIENTED_EDGE('',*,*,#4049,.F.);
#2443=ORIENTED_EDGE('',*,*,#4050,.T.);
#2444=ORIENTED_EDGE('',*,*,#4047,.T.);
#2445=ORIENTED_EDGE('',*,*,#3347,.F.);
#2446=ORIENTED_EDGE('',*,*,#4051,.F.);
#2447=ORIENTED_EDGE('',*,*,#4052,.T.);
#2448=ORIENTED_EDGE('',*,*,#4049,.T.);
#2449=ORIENTED_EDGE('',*,*,#3346,.F.);
#2450=ORIENTED_EDGE('',*,*,#4053,.F.);
#2451=ORIENTED_EDGE('',*,*,#4054,.T.);
#2452=ORIENTED_EDGE('',*,*,#4051,.T.);
#2453=ORIENTED_EDGE('',*,*,#3345,.F.);
#2454=ORIENTED_EDGE('',*,*,#4055,.F.);
#2455=ORIENTED_EDGE('',*,*,#4056,.T.);
#2456=ORIENTED_EDGE('',*,*,#4053,.T.);
#2457=ORIENTED_EDGE('',*,*,#3344,.F.);
#2458=ORIENTED_EDGE('',*,*,#4057,.F.);
#2459=ORIENTED_EDGE('',*,*,#4058,.T.);
#2460=ORIENTED_EDGE('',*,*,#4055,.T.);
#2461=ORIENTED_EDGE('',*,*,#3343,.F.);
#2462=ORIENTED_EDGE('',*,*,#4059,.F.);
#2463=ORIENTED_EDGE('',*,*,#4060,.T.);
#2464=ORIENTED_EDGE('',*,*,#4057,.T.);
#2465=ORIENTED_EDGE('',*,*,#3342,.F.);
#2466=ORIENTED_EDGE('',*,*,#4061,.F.);
#2467=ORIENTED_EDGE('',*,*,#4062,.T.);
#2468=ORIENTED_EDGE('',*,*,#4059,.T.);
#2469=ORIENTED_EDGE('',*,*,#3341,.F.);
#2470=ORIENTED_EDGE('',*,*,#4018,.F.);
#2471=ORIENTED_EDGE('',*,*,#4063,.T.);
#2472=ORIENTED_EDGE('',*,*,#4061,.T.);
#2473=ORIENTED_EDGE('',*,*,#4064,.F.);
#2474=ORIENTED_EDGE('',*,*,#3994,.F.);
#2475=ORIENTED_EDGE('',*,*,#4065,.T.);
#2476=ORIENTED_EDGE('',*,*,#4014,.T.);
#2477=ORIENTED_EDGE('',*,*,#4017,.F.);
#2478=ORIENTED_EDGE('',*,*,#4020,.F.);
#2479=ORIENTED_EDGE('',*,*,#4022,.F.);
#2480=ORIENTED_EDGE('',*,*,#4024,.F.);
#2481=ORIENTED_EDGE('',*,*,#4026,.F.);
#2482=ORIENTED_EDGE('',*,*,#4028,.F.);
#2483=ORIENTED_EDGE('',*,*,#4030,.F.);
#2484=ORIENTED_EDGE('',*,*,#4032,.F.);
#2485=ORIENTED_EDGE('',*,*,#4034,.F.);
#2486=ORIENTED_EDGE('',*,*,#4036,.F.);
#2487=ORIENTED_EDGE('',*,*,#4038,.F.);
#2488=ORIENTED_EDGE('',*,*,#4040,.F.);
#2489=ORIENTED_EDGE('',*,*,#4042,.F.);
#2490=ORIENTED_EDGE('',*,*,#4044,.F.);
#2491=ORIENTED_EDGE('',*,*,#4046,.F.);
#2492=ORIENTED_EDGE('',*,*,#4048,.F.);
#2493=ORIENTED_EDGE('',*,*,#4050,.F.);
#2494=ORIENTED_EDGE('',*,*,#4052,.F.);
#2495=ORIENTED_EDGE('',*,*,#4054,.F.);
#2496=ORIENTED_EDGE('',*,*,#4056,.F.);
#2497=ORIENTED_EDGE('',*,*,#4058,.F.);
#2498=ORIENTED_EDGE('',*,*,#4060,.F.);
#2499=ORIENTED_EDGE('',*,*,#4062,.F.);
#2500=ORIENTED_EDGE('',*,*,#4063,.F.);
#2501=ORIENTED_EDGE('',*,*,#3993,.F.);
#2502=ORIENTED_EDGE('',*,*,#3997,.F.);
#2503=ORIENTED_EDGE('',*,*,#4000,.F.);
#2504=ORIENTED_EDGE('',*,*,#4003,.F.);
#2505=ORIENTED_EDGE('',*,*,#4006,.F.);
#2506=ORIENTED_EDGE('',*,*,#4009,.F.);
#2507=ORIENTED_EDGE('',*,*,#4012,.F.);
#2508=ORIENTED_EDGE('',*,*,#4015,.F.);
#2509=ORIENTED_EDGE('',*,*,#4065,.F.);
#2510=ORIENTED_EDGE('',*,*,#4066,.F.);
#2511=ORIENTED_EDGE('',*,*,#4067,.F.);
#2512=ORIENTED_EDGE('',*,*,#4068,.T.);
#2513=ORIENTED_EDGE('',*,*,#4069,.T.);
#2514=ORIENTED_EDGE('',*,*,#4070,.F.);
#2515=ORIENTED_EDGE('',*,*,#4071,.F.);
#2516=ORIENTED_EDGE('',*,*,#4072,.T.);
#2517=ORIENTED_EDGE('',*,*,#4067,.T.);
#2518=ORIENTED_EDGE('',*,*,#4073,.F.);
#2519=ORIENTED_EDGE('',*,*,#4074,.F.);
#2520=ORIENTED_EDGE('',*,*,#4075,.T.);
#2521=ORIENTED_EDGE('',*,*,#4071,.T.);
#2522=ORIENTED_EDGE('',*,*,#4076,.F.);
#2523=ORIENTED_EDGE('',*,*,#4077,.F.);
#2524=ORIENTED_EDGE('',*,*,#4078,.T.);
#2525=ORIENTED_EDGE('',*,*,#4074,.T.);
#2526=ORIENTED_EDGE('',*,*,#4079,.F.);
#2527=ORIENTED_EDGE('',*,*,#4080,.F.);
#2528=ORIENTED_EDGE('',*,*,#4081,.T.);
#2529=ORIENTED_EDGE('',*,*,#4077,.T.);
#2530=ORIENTED_EDGE('',*,*,#4082,.F.);
#2531=ORIENTED_EDGE('',*,*,#4083,.F.);
#2532=ORIENTED_EDGE('',*,*,#4084,.T.);
#2533=ORIENTED_EDGE('',*,*,#4080,.T.);
#2534=ORIENTED_EDGE('',*,*,#4085,.F.);
#2535=ORIENTED_EDGE('',*,*,#4086,.F.);
#2536=ORIENTED_EDGE('',*,*,#4087,.T.);
#2537=ORIENTED_EDGE('',*,*,#4083,.T.);
#2538=ORIENTED_EDGE('',*,*,#4088,.F.);
#2539=ORIENTED_EDGE('',*,*,#4089,.F.);
#2540=ORIENTED_EDGE('',*,*,#4090,.T.);
#2541=ORIENTED_EDGE('',*,*,#4086,.T.);
#2542=ORIENTED_EDGE('',*,*,#4091,.F.);
#2543=ORIENTED_EDGE('',*,*,#4092,.F.);
#2544=ORIENTED_EDGE('',*,*,#4093,.T.);
#2545=ORIENTED_EDGE('',*,*,#4089,.T.);
#2546=ORIENTED_EDGE('',*,*,#4094,.F.);
#2547=ORIENTED_EDGE('',*,*,#4095,.F.);
#2548=ORIENTED_EDGE('',*,*,#4096,.T.);
#2549=ORIENTED_EDGE('',*,*,#4092,.T.);
#2550=ORIENTED_EDGE('',*,*,#4097,.F.);
#2551=ORIENTED_EDGE('',*,*,#4098,.F.);
#2552=ORIENTED_EDGE('',*,*,#4099,.T.);
#2553=ORIENTED_EDGE('',*,*,#4095,.T.);
#2554=ORIENTED_EDGE('',*,*,#4100,.F.);
#2555=ORIENTED_EDGE('',*,*,#4101,.F.);
#2556=ORIENTED_EDGE('',*,*,#4102,.T.);
#2557=ORIENTED_EDGE('',*,*,#4098,.T.);
#2558=ORIENTED_EDGE('',*,*,#4103,.F.);
#2559=ORIENTED_EDGE('',*,*,#4104,.F.);
#2560=ORIENTED_EDGE('',*,*,#4105,.T.);
#2561=ORIENTED_EDGE('',*,*,#4101,.T.);
#2562=ORIENTED_EDGE('',*,*,#3215,.F.);
#2563=ORIENTED_EDGE('',*,*,#4106,.F.);
#2564=ORIENTED_EDGE('',*,*,#4107,.T.);
#2565=ORIENTED_EDGE('',*,*,#4108,.T.);
#2566=ORIENTED_EDGE('',*,*,#3214,.F.);
#2567=ORIENTED_EDGE('',*,*,#4109,.F.);
#2568=ORIENTED_EDGE('',*,*,#4110,.T.);
#2569=ORIENTED_EDGE('',*,*,#4106,.T.);
#2570=ORIENTED_EDGE('',*,*,#3227,.F.);
#2571=ORIENTED_EDGE('',*,*,#4111,.F.);
#2572=ORIENTED_EDGE('',*,*,#4112,.T.);
#2573=ORIENTED_EDGE('',*,*,#4109,.T.);
#2574=ORIENTED_EDGE('',*,*,#3226,.F.);
#2575=ORIENTED_EDGE('',*,*,#4113,.F.);
#2576=ORIENTED_EDGE('',*,*,#4114,.T.);
#2577=ORIENTED_EDGE('',*,*,#4111,.T.);
#2578=ORIENTED_EDGE('',*,*,#3225,.F.);
#2579=ORIENTED_EDGE('',*,*,#4115,.F.);
#2580=ORIENTED_EDGE('',*,*,#4116,.T.);
#2581=ORIENTED_EDGE('',*,*,#4113,.T.);
#2582=ORIENTED_EDGE('',*,*,#3224,.F.);
#2583=ORIENTED_EDGE('',*,*,#4117,.F.);
#2584=ORIENTED_EDGE('',*,*,#4118,.T.);
#2585=ORIENTED_EDGE('',*,*,#4115,.T.);
#2586=ORIENTED_EDGE('',*,*,#3223,.F.);
#2587=ORIENTED_EDGE('',*,*,#4119,.F.);
#2588=ORIENTED_EDGE('',*,*,#4120,.T.);
#2589=ORIENTED_EDGE('',*,*,#4117,.T.);
#2590=ORIENTED_EDGE('',*,*,#3222,.F.);
#2591=ORIENTED_EDGE('',*,*,#4121,.F.);
#2592=ORIENTED_EDGE('',*,*,#4122,.T.);
#2593=ORIENTED_EDGE('',*,*,#4119,.T.);
#2594=ORIENTED_EDGE('',*,*,#3221,.F.);
#2595=ORIENTED_EDGE('',*,*,#4123,.F.);
#2596=ORIENTED_EDGE('',*,*,#4124,.T.);
#2597=ORIENTED_EDGE('',*,*,#4121,.T.);
#2598=ORIENTED_EDGE('',*,*,#3220,.F.);
#2599=ORIENTED_EDGE('',*,*,#4125,.F.);
#2600=ORIENTED_EDGE('',*,*,#4126,.T.);
#2601=ORIENTED_EDGE('',*,*,#4123,.T.);
#2602=ORIENTED_EDGE('',*,*,#3219,.F.);
#2603=ORIENTED_EDGE('',*,*,#4127,.F.);
#2604=ORIENTED_EDGE('',*,*,#4128,.T.);
#2605=ORIENTED_EDGE('',*,*,#4125,.T.);
#2606=ORIENTED_EDGE('',*,*,#3218,.F.);
#2607=ORIENTED_EDGE('',*,*,#4129,.F.);
#2608=ORIENTED_EDGE('',*,*,#4130,.T.);
#2609=ORIENTED_EDGE('',*,*,#4127,.T.);
#2610=ORIENTED_EDGE('',*,*,#3217,.F.);
#2611=ORIENTED_EDGE('',*,*,#4131,.F.);
#2612=ORIENTED_EDGE('',*,*,#4132,.T.);
#2613=ORIENTED_EDGE('',*,*,#4129,.T.);
#2614=ORIENTED_EDGE('',*,*,#3216,.F.);
#2615=ORIENTED_EDGE('',*,*,#4108,.F.);
#2616=ORIENTED_EDGE('',*,*,#4133,.T.);
#2617=ORIENTED_EDGE('',*,*,#4131,.T.);
#2618=ORIENTED_EDGE('',*,*,#4134,.F.);
#2619=ORIENTED_EDGE('',*,*,#4069,.F.);
#2620=ORIENTED_EDGE('',*,*,#4135,.T.);
#2621=ORIENTED_EDGE('',*,*,#4104,.T.);
#2622=ORIENTED_EDGE('',*,*,#4107,.F.);
#2623=ORIENTED_EDGE('',*,*,#4110,.F.);
#2624=ORIENTED_EDGE('',*,*,#4112,.F.);
#2625=ORIENTED_EDGE('',*,*,#4114,.F.);
#2626=ORIENTED_EDGE('',*,*,#4116,.F.);
#2627=ORIENTED_EDGE('',*,*,#4118,.F.);
#2628=ORIENTED_EDGE('',*,*,#4120,.F.);
#2629=ORIENTED_EDGE('',*,*,#4122,.F.);
#2630=ORIENTED_EDGE('',*,*,#4124,.F.);
#2631=ORIENTED_EDGE('',*,*,#4126,.F.);
#2632=ORIENTED_EDGE('',*,*,#4128,.F.);
#2633=ORIENTED_EDGE('',*,*,#4130,.F.);
#2634=ORIENTED_EDGE('',*,*,#4132,.F.);
#2635=ORIENTED_EDGE('',*,*,#4133,.F.);
#2636=ORIENTED_EDGE('',*,*,#4068,.F.);
#2637=ORIENTED_EDGE('',*,*,#4072,.F.);
#2638=ORIENTED_EDGE('',*,*,#4075,.F.);
#2639=ORIENTED_EDGE('',*,*,#4078,.F.);
#2640=ORIENTED_EDGE('',*,*,#4081,.F.);
#2641=ORIENTED_EDGE('',*,*,#4084,.F.);
#2642=ORIENTED_EDGE('',*,*,#4087,.F.);
#2643=ORIENTED_EDGE('',*,*,#4090,.F.);
#2644=ORIENTED_EDGE('',*,*,#4093,.F.);
#2645=ORIENTED_EDGE('',*,*,#4096,.F.);
#2646=ORIENTED_EDGE('',*,*,#4099,.F.);
#2647=ORIENTED_EDGE('',*,*,#4102,.F.);
#2648=ORIENTED_EDGE('',*,*,#4105,.F.);
#2649=ORIENTED_EDGE('',*,*,#4135,.F.);
#2650=ORIENTED_EDGE('',*,*,#4136,.F.);
#2651=ORIENTED_EDGE('',*,*,#4137,.F.);
#2652=ORIENTED_EDGE('',*,*,#4138,.T.);
#2653=ORIENTED_EDGE('',*,*,#4139,.T.);
#2654=ORIENTED_EDGE('',*,*,#4140,.F.);
#2655=ORIENTED_EDGE('',*,*,#4141,.F.);
#2656=ORIENTED_EDGE('',*,*,#4142,.T.);
#2657=ORIENTED_EDGE('',*,*,#4137,.T.);
#2658=ORIENTED_EDGE('',*,*,#4143,.F.);
#2659=ORIENTED_EDGE('',*,*,#4144,.F.);
#2660=ORIENTED_EDGE('',*,*,#4145,.T.);
#2661=ORIENTED_EDGE('',*,*,#4141,.T.);
#2662=ORIENTED_EDGE('',*,*,#4146,.F.);
#2663=ORIENTED_EDGE('',*,*,#4147,.F.);
#2664=ORIENTED_EDGE('',*,*,#4148,.T.);
#2665=ORIENTED_EDGE('',*,*,#4144,.T.);
#2666=ORIENTED_EDGE('',*,*,#4149,.F.);
#2667=ORIENTED_EDGE('',*,*,#4150,.F.);
#2668=ORIENTED_EDGE('',*,*,#4151,.T.);
#2669=ORIENTED_EDGE('',*,*,#4147,.T.);
#2670=ORIENTED_EDGE('',*,*,#4152,.F.);
#2671=ORIENTED_EDGE('',*,*,#4153,.F.);
#2672=ORIENTED_EDGE('',*,*,#4154,.T.);
#2673=ORIENTED_EDGE('',*,*,#4150,.T.);
#2674=ORIENTED_EDGE('',*,*,#4155,.F.);
#2675=ORIENTED_EDGE('',*,*,#4156,.F.);
#2676=ORIENTED_EDGE('',*,*,#4157,.T.);
#2677=ORIENTED_EDGE('',*,*,#4153,.T.);
#2678=ORIENTED_EDGE('',*,*,#4158,.F.);
#2679=ORIENTED_EDGE('',*,*,#4159,.F.);
#2680=ORIENTED_EDGE('',*,*,#4160,.T.);
#2681=ORIENTED_EDGE('',*,*,#4156,.T.);
#2682=ORIENTED_EDGE('',*,*,#4161,.F.);
#2683=ORIENTED_EDGE('',*,*,#4162,.F.);
#2684=ORIENTED_EDGE('',*,*,#4163,.T.);
#2685=ORIENTED_EDGE('',*,*,#4159,.T.);
#2686=ORIENTED_EDGE('',*,*,#4164,.F.);
#2687=ORIENTED_EDGE('',*,*,#4165,.F.);
#2688=ORIENTED_EDGE('',*,*,#4166,.T.);
#2689=ORIENTED_EDGE('',*,*,#4162,.T.);
#2690=ORIENTED_EDGE('',*,*,#4167,.F.);
#2691=ORIENTED_EDGE('',*,*,#4168,.F.);
#2692=ORIENTED_EDGE('',*,*,#4169,.T.);
#2693=ORIENTED_EDGE('',*,*,#4165,.T.);
#2694=ORIENTED_EDGE('',*,*,#4170,.F.);
#2695=ORIENTED_EDGE('',*,*,#4171,.F.);
#2696=ORIENTED_EDGE('',*,*,#4172,.T.);
#2697=ORIENTED_EDGE('',*,*,#4168,.T.);
#2698=ORIENTED_EDGE('',*,*,#4173,.F.);
#2699=ORIENTED_EDGE('',*,*,#4174,.F.);
#2700=ORIENTED_EDGE('',*,*,#4175,.T.);
#2701=ORIENTED_EDGE('',*,*,#4171,.T.);
#2702=ORIENTED_EDGE('',*,*,#3364,.F.);
#2703=ORIENTED_EDGE('',*,*,#4176,.F.);
#2704=ORIENTED_EDGE('',*,*,#4177,.T.);
#2705=ORIENTED_EDGE('',*,*,#4178,.T.);
#2706=ORIENTED_EDGE('',*,*,#3363,.F.);
#2707=ORIENTED_EDGE('',*,*,#4179,.F.);
#2708=ORIENTED_EDGE('',*,*,#4180,.T.);
#2709=ORIENTED_EDGE('',*,*,#4176,.T.);
#2710=ORIENTED_EDGE('',*,*,#3376,.F.);
#2711=ORIENTED_EDGE('',*,*,#4181,.F.);
#2712=ORIENTED_EDGE('',*,*,#4182,.T.);
#2713=ORIENTED_EDGE('',*,*,#4179,.T.);
#2714=ORIENTED_EDGE('',*,*,#3375,.F.);
#2715=ORIENTED_EDGE('',*,*,#4183,.F.);
#2716=ORIENTED_EDGE('',*,*,#4184,.T.);
#2717=ORIENTED_EDGE('',*,*,#4181,.T.);
#2718=ORIENTED_EDGE('',*,*,#3374,.F.);
#2719=ORIENTED_EDGE('',*,*,#4185,.F.);
#2720=ORIENTED_EDGE('',*,*,#4186,.T.);
#2721=ORIENTED_EDGE('',*,*,#4183,.T.);
#2722=ORIENTED_EDGE('',*,*,#3373,.F.);
#2723=ORIENTED_EDGE('',*,*,#4187,.F.);
#2724=ORIENTED_EDGE('',*,*,#4188,.T.);
#2725=ORIENTED_EDGE('',*,*,#4185,.T.);
#2726=ORIENTED_EDGE('',*,*,#3372,.F.);
#2727=ORIENTED_EDGE('',*,*,#4189,.F.);
#2728=ORIENTED_EDGE('',*,*,#4190,.T.);
#2729=ORIENTED_EDGE('',*,*,#4187,.T.);
#2730=ORIENTED_EDGE('',*,*,#3371,.F.);
#2731=ORIENTED_EDGE('',*,*,#4191,.F.);
#2732=ORIENTED_EDGE('',*,*,#4192,.T.);
#2733=ORIENTED_EDGE('',*,*,#4189,.T.);
#2734=ORIENTED_EDGE('',*,*,#3370,.F.);
#2735=ORIENTED_EDGE('',*,*,#4193,.F.);
#2736=ORIENTED_EDGE('',*,*,#4194,.T.);
#2737=ORIENTED_EDGE('',*,*,#4191,.T.);
#2738=ORIENTED_EDGE('',*,*,#3369,.F.);
#2739=ORIENTED_EDGE('',*,*,#4195,.F.);
#2740=ORIENTED_EDGE('',*,*,#4196,.T.);
#2741=ORIENTED_EDGE('',*,*,#4193,.T.);
#2742=ORIENTED_EDGE('',*,*,#3368,.F.);
#2743=ORIENTED_EDGE('',*,*,#4197,.F.);
#2744=ORIENTED_EDGE('',*,*,#4198,.T.);
#2745=ORIENTED_EDGE('',*,*,#4195,.T.);
#2746=ORIENTED_EDGE('',*,*,#3367,.F.);
#2747=ORIENTED_EDGE('',*,*,#4199,.F.);
#2748=ORIENTED_EDGE('',*,*,#4200,.T.);
#2749=ORIENTED_EDGE('',*,*,#4197,.T.);
#2750=ORIENTED_EDGE('',*,*,#3366,.F.);
#2751=ORIENTED_EDGE('',*,*,#4201,.F.);
#2752=ORIENTED_EDGE('',*,*,#4202,.T.);
#2753=ORIENTED_EDGE('',*,*,#4199,.T.);
#2754=ORIENTED_EDGE('',*,*,#3365,.F.);
#2755=ORIENTED_EDGE('',*,*,#4178,.F.);
#2756=ORIENTED_EDGE('',*,*,#4203,.T.);
#2757=ORIENTED_EDGE('',*,*,#4201,.T.);
#2758=ORIENTED_EDGE('',*,*,#4204,.F.);
#2759=ORIENTED_EDGE('',*,*,#4139,.F.);
#2760=ORIENTED_EDGE('',*,*,#4205,.T.);
#2761=ORIENTED_EDGE('',*,*,#4174,.T.);
#2762=ORIENTED_EDGE('',*,*,#4177,.F.);
#2763=ORIENTED_EDGE('',*,*,#4180,.F.);
#2764=ORIENTED_EDGE('',*,*,#4182,.F.);
#2765=ORIENTED_EDGE('',*,*,#4184,.F.);
#2766=ORIENTED_EDGE('',*,*,#4186,.F.);
#2767=ORIENTED_EDGE('',*,*,#4188,.F.);
#2768=ORIENTED_EDGE('',*,*,#4190,.F.);
#2769=ORIENTED_EDGE('',*,*,#4192,.F.);
#2770=ORIENTED_EDGE('',*,*,#4194,.F.);
#2771=ORIENTED_EDGE('',*,*,#4196,.F.);
#2772=ORIENTED_EDGE('',*,*,#4198,.F.);
#2773=ORIENTED_EDGE('',*,*,#4200,.F.);
#2774=ORIENTED_EDGE('',*,*,#4202,.F.);
#2775=ORIENTED_EDGE('',*,*,#4203,.F.);
#2776=ORIENTED_EDGE('',*,*,#4138,.F.);
#2777=ORIENTED_EDGE('',*,*,#4142,.F.);
#2778=ORIENTED_EDGE('',*,*,#4145,.F.);
#2779=ORIENTED_EDGE('',*,*,#4148,.F.);
#2780=ORIENTED_EDGE('',*,*,#4151,.F.);
#2781=ORIENTED_EDGE('',*,*,#4154,.F.);
#2782=ORIENTED_EDGE('',*,*,#4157,.F.);
#2783=ORIENTED_EDGE('',*,*,#4160,.F.);
#2784=ORIENTED_EDGE('',*,*,#4163,.F.);
#2785=ORIENTED_EDGE('',*,*,#4166,.F.);
#2786=ORIENTED_EDGE('',*,*,#4169,.F.);
#2787=ORIENTED_EDGE('',*,*,#4172,.F.);
#2788=ORIENTED_EDGE('',*,*,#4175,.F.);
#2789=ORIENTED_EDGE('',*,*,#4205,.F.);
#2790=ORIENTED_EDGE('',*,*,#3378,.F.);
#2791=ORIENTED_EDGE('',*,*,#4206,.F.);
#2792=ORIENTED_EDGE('',*,*,#4207,.T.);
#2793=ORIENTED_EDGE('',*,*,#4208,.T.);
#2794=ORIENTED_EDGE('',*,*,#3377,.F.);
#2795=ORIENTED_EDGE('',*,*,#4209,.F.);
#2796=ORIENTED_EDGE('',*,*,#4210,.T.);
#2797=ORIENTED_EDGE('',*,*,#4206,.T.);
#2798=ORIENTED_EDGE('',*,*,#3408,.F.);
#2799=ORIENTED_EDGE('',*,*,#4211,.F.);
#2800=ORIENTED_EDGE('',*,*,#4212,.T.);
#2801=ORIENTED_EDGE('',*,*,#4209,.T.);
#2802=ORIENTED_EDGE('',*,*,#3407,.F.);
#2803=ORIENTED_EDGE('',*,*,#4213,.F.);
#2804=ORIENTED_EDGE('',*,*,#4214,.T.);
#2805=ORIENTED_EDGE('',*,*,#4211,.T.);
#2806=ORIENTED_EDGE('',*,*,#3406,.F.);
#2807=ORIENTED_EDGE('',*,*,#4215,.F.);
#2808=ORIENTED_EDGE('',*,*,#4216,.T.);
#2809=ORIENTED_EDGE('',*,*,#4213,.T.);
#2810=ORIENTED_EDGE('',*,*,#3405,.F.);
#2811=ORIENTED_EDGE('',*,*,#4217,.F.);
#2812=ORIENTED_EDGE('',*,*,#4218,.T.);
#2813=ORIENTED_EDGE('',*,*,#4215,.T.);
#2814=ORIENTED_EDGE('',*,*,#3404,.F.);
#2815=ORIENTED_EDGE('',*,*,#4219,.F.);
#2816=ORIENTED_EDGE('',*,*,#4220,.T.);
#2817=ORIENTED_EDGE('',*,*,#4217,.T.);
#2818=ORIENTED_EDGE('',*,*,#3403,.F.);
#2819=ORIENTED_EDGE('',*,*,#4221,.F.);
#2820=ORIENTED_EDGE('',*,*,#4222,.T.);
#2821=ORIENTED_EDGE('',*,*,#4219,.T.);
#2822=ORIENTED_EDGE('',*,*,#3402,.F.);
#2823=ORIENTED_EDGE('',*,*,#4223,.F.);
#2824=ORIENTED_EDGE('',*,*,#4224,.T.);
#2825=ORIENTED_EDGE('',*,*,#4221,.T.);
#2826=ORIENTED_EDGE('',*,*,#3401,.F.);
#2827=ORIENTED_EDGE('',*,*,#4225,.F.);
#2828=ORIENTED_EDGE('',*,*,#4226,.T.);
#2829=ORIENTED_EDGE('',*,*,#4223,.T.);
#2830=ORIENTED_EDGE('',*,*,#3400,.F.);
#2831=ORIENTED_EDGE('',*,*,#4227,.F.);
#2832=ORIENTED_EDGE('',*,*,#4228,.T.);
#2833=ORIENTED_EDGE('',*,*,#4225,.T.);
#2834=ORIENTED_EDGE('',*,*,#3399,.F.);
#2835=ORIENTED_EDGE('',*,*,#4229,.F.);
#2836=ORIENTED_EDGE('',*,*,#4230,.T.);
#2837=ORIENTED_EDGE('',*,*,#4227,.T.);
#2838=ORIENTED_EDGE('',*,*,#3398,.F.);
#2839=ORIENTED_EDGE('',*,*,#4231,.F.);
#2840=ORIENTED_EDGE('',*,*,#4232,.T.);
#2841=ORIENTED_EDGE('',*,*,#4229,.T.);
#2842=ORIENTED_EDGE('',*,*,#3397,.F.);
#2843=ORIENTED_EDGE('',*,*,#4233,.F.);
#2844=ORIENTED_EDGE('',*,*,#4234,.T.);
#2845=ORIENTED_EDGE('',*,*,#4231,.T.);
#2846=ORIENTED_EDGE('',*,*,#3396,.F.);
#2847=ORIENTED_EDGE('',*,*,#4235,.F.);
#2848=ORIENTED_EDGE('',*,*,#4236,.T.);
#2849=ORIENTED_EDGE('',*,*,#4233,.T.);
#2850=ORIENTED_EDGE('',*,*,#3395,.F.);
#2851=ORIENTED_EDGE('',*,*,#4237,.F.);
#2852=ORIENTED_EDGE('',*,*,#4238,.T.);
#2853=ORIENTED_EDGE('',*,*,#4235,.T.);
#2854=ORIENTED_EDGE('',*,*,#3394,.F.);
#2855=ORIENTED_EDGE('',*,*,#4239,.F.);
#2856=ORIENTED_EDGE('',*,*,#4240,.T.);
#2857=ORIENTED_EDGE('',*,*,#4237,.T.);
#2858=ORIENTED_EDGE('',*,*,#3393,.F.);
#2859=ORIENTED_EDGE('',*,*,#4241,.F.);
#2860=ORIENTED_EDGE('',*,*,#4242,.T.);
#2861=ORIENTED_EDGE('',*,*,#4239,.T.);
#2862=ORIENTED_EDGE('',*,*,#3392,.F.);
#2863=ORIENTED_EDGE('',*,*,#4243,.F.);
#2864=ORIENTED_EDGE('',*,*,#4244,.T.);
#2865=ORIENTED_EDGE('',*,*,#4241,.T.);
#2866=ORIENTED_EDGE('',*,*,#3391,.F.);
#2867=ORIENTED_EDGE('',*,*,#4245,.F.);
#2868=ORIENTED_EDGE('',*,*,#4246,.T.);
#2869=ORIENTED_EDGE('',*,*,#4243,.T.);
#2870=ORIENTED_EDGE('',*,*,#3390,.F.);
#2871=ORIENTED_EDGE('',*,*,#4247,.F.);
#2872=ORIENTED_EDGE('',*,*,#4248,.T.);
#2873=ORIENTED_EDGE('',*,*,#4245,.T.);
#2874=ORIENTED_EDGE('',*,*,#3389,.F.);
#2875=ORIENTED_EDGE('',*,*,#4249,.F.);
#2876=ORIENTED_EDGE('',*,*,#4250,.T.);
#2877=ORIENTED_EDGE('',*,*,#4247,.T.);
#2878=ORIENTED_EDGE('',*,*,#3388,.F.);
#2879=ORIENTED_EDGE('',*,*,#4251,.F.);
#2880=ORIENTED_EDGE('',*,*,#4252,.T.);
#2881=ORIENTED_EDGE('',*,*,#4249,.T.);
#2882=ORIENTED_EDGE('',*,*,#3387,.F.);
#2883=ORIENTED_EDGE('',*,*,#4253,.F.);
#2884=ORIENTED_EDGE('',*,*,#4254,.T.);
#2885=ORIENTED_EDGE('',*,*,#4251,.T.);
#2886=ORIENTED_EDGE('',*,*,#3386,.F.);
#2887=ORIENTED_EDGE('',*,*,#4255,.F.);
#2888=ORIENTED_EDGE('',*,*,#4256,.T.);
#2889=ORIENTED_EDGE('',*,*,#4253,.T.);
#2890=ORIENTED_EDGE('',*,*,#3385,.F.);
#2891=ORIENTED_EDGE('',*,*,#4257,.F.);
#2892=ORIENTED_EDGE('',*,*,#4258,.T.);
#2893=ORIENTED_EDGE('',*,*,#4255,.T.);
#2894=ORIENTED_EDGE('',*,*,#3384,.F.);
#2895=ORIENTED_EDGE('',*,*,#4259,.F.);
#2896=ORIENTED_EDGE('',*,*,#4260,.T.);
#2897=ORIENTED_EDGE('',*,*,#4257,.T.);
#2898=ORIENTED_EDGE('',*,*,#3383,.F.);
#2899=ORIENTED_EDGE('',*,*,#4261,.F.);
#2900=ORIENTED_EDGE('',*,*,#4262,.T.);
#2901=ORIENTED_EDGE('',*,*,#4259,.T.);
#2902=ORIENTED_EDGE('',*,*,#3382,.F.);
#2903=ORIENTED_EDGE('',*,*,#4263,.F.);
#2904=ORIENTED_EDGE('',*,*,#4264,.T.);
#2905=ORIENTED_EDGE('',*,*,#4261,.T.);
#2906=ORIENTED_EDGE('',*,*,#3381,.F.);
#2907=ORIENTED_EDGE('',*,*,#4265,.F.);
#2908=ORIENTED_EDGE('',*,*,#4266,.T.);
#2909=ORIENTED_EDGE('',*,*,#4263,.T.);
#2910=ORIENTED_EDGE('',*,*,#3380,.F.);
#2911=ORIENTED_EDGE('',*,*,#4267,.F.);
#2912=ORIENTED_EDGE('',*,*,#4268,.T.);
#2913=ORIENTED_EDGE('',*,*,#4265,.T.);
#2914=ORIENTED_EDGE('',*,*,#3379,.F.);
#2915=ORIENTED_EDGE('',*,*,#4208,.F.);
#2916=ORIENTED_EDGE('',*,*,#4269,.T.);
#2917=ORIENTED_EDGE('',*,*,#4267,.T.);
#2918=ORIENTED_EDGE('',*,*,#4207,.F.);
#2919=ORIENTED_EDGE('',*,*,#4210,.F.);
#2920=ORIENTED_EDGE('',*,*,#4212,.F.);
#2921=ORIENTED_EDGE('',*,*,#4214,.F.);
#2922=ORIENTED_EDGE('',*,*,#4216,.F.);
#2923=ORIENTED_EDGE('',*,*,#4218,.F.);
#2924=ORIENTED_EDGE('',*,*,#4220,.F.);
#2925=ORIENTED_EDGE('',*,*,#4222,.F.);
#2926=ORIENTED_EDGE('',*,*,#4224,.F.);
#2927=ORIENTED_EDGE('',*,*,#4226,.F.);
#2928=ORIENTED_EDGE('',*,*,#4228,.F.);
#2929=ORIENTED_EDGE('',*,*,#4230,.F.);
#2930=ORIENTED_EDGE('',*,*,#4232,.F.);
#2931=ORIENTED_EDGE('',*,*,#4234,.F.);
#2932=ORIENTED_EDGE('',*,*,#4236,.F.);
#2933=ORIENTED_EDGE('',*,*,#4238,.F.);
#2934=ORIENTED_EDGE('',*,*,#4240,.F.);
#2935=ORIENTED_EDGE('',*,*,#4242,.F.);
#2936=ORIENTED_EDGE('',*,*,#4244,.F.);
#2937=ORIENTED_EDGE('',*,*,#4246,.F.);
#2938=ORIENTED_EDGE('',*,*,#4248,.F.);
#2939=ORIENTED_EDGE('',*,*,#4250,.F.);
#2940=ORIENTED_EDGE('',*,*,#4252,.F.);
#2941=ORIENTED_EDGE('',*,*,#4254,.F.);
#2942=ORIENTED_EDGE('',*,*,#4256,.F.);
#2943=ORIENTED_EDGE('',*,*,#4258,.F.);
#2944=ORIENTED_EDGE('',*,*,#4260,.F.);
#2945=ORIENTED_EDGE('',*,*,#4262,.F.);
#2946=ORIENTED_EDGE('',*,*,#4264,.F.);
#2947=ORIENTED_EDGE('',*,*,#4266,.F.);
#2948=ORIENTED_EDGE('',*,*,#4268,.F.);
#2949=ORIENTED_EDGE('',*,*,#4269,.F.);
#2950=ORIENTED_EDGE('',*,*,#3410,.F.);
#2951=ORIENTED_EDGE('',*,*,#4270,.F.);
#2952=ORIENTED_EDGE('',*,*,#4271,.T.);
#2953=ORIENTED_EDGE('',*,*,#4272,.T.);
#2954=ORIENTED_EDGE('',*,*,#3409,.F.);
#2955=ORIENTED_EDGE('',*,*,#4273,.F.);
#2956=ORIENTED_EDGE('',*,*,#4274,.T.);
#2957=ORIENTED_EDGE('',*,*,#4270,.T.);
#2958=ORIENTED_EDGE('',*,*,#3421,.F.);
#2959=ORIENTED_EDGE('',*,*,#4275,.F.);
#2960=ORIENTED_EDGE('',*,*,#4276,.T.);
#2961=ORIENTED_EDGE('',*,*,#4273,.T.);
#2962=ORIENTED_EDGE('',*,*,#3420,.F.);
#2963=ORIENTED_EDGE('',*,*,#4277,.F.);
#2964=ORIENTED_EDGE('',*,*,#4278,.T.);
#2965=ORIENTED_EDGE('',*,*,#4275,.T.);
#2966=ORIENTED_EDGE('',*,*,#3419,.F.);
#2967=ORIENTED_EDGE('',*,*,#4279,.F.);
#2968=ORIENTED_EDGE('',*,*,#4280,.T.);
#2969=ORIENTED_EDGE('',*,*,#4277,.T.);
#2970=ORIENTED_EDGE('',*,*,#3418,.F.);
#2971=ORIENTED_EDGE('',*,*,#4281,.F.);
#2972=ORIENTED_EDGE('',*,*,#4282,.T.);
#2973=ORIENTED_EDGE('',*,*,#4279,.T.);
#2974=ORIENTED_EDGE('',*,*,#3417,.F.);
#2975=ORIENTED_EDGE('',*,*,#4283,.F.);
#2976=ORIENTED_EDGE('',*,*,#4284,.T.);
#2977=ORIENTED_EDGE('',*,*,#4281,.T.);
#2978=ORIENTED_EDGE('',*,*,#3416,.F.);
#2979=ORIENTED_EDGE('',*,*,#4285,.F.);
#2980=ORIENTED_EDGE('',*,*,#4286,.T.);
#2981=ORIENTED_EDGE('',*,*,#4283,.T.);
#2982=ORIENTED_EDGE('',*,*,#3415,.F.);
#2983=ORIENTED_EDGE('',*,*,#4287,.F.);
#2984=ORIENTED_EDGE('',*,*,#4288,.T.);
#2985=ORIENTED_EDGE('',*,*,#4285,.T.);
#2986=ORIENTED_EDGE('',*,*,#3414,.F.);
#2987=ORIENTED_EDGE('',*,*,#4289,.F.);
#2988=ORIENTED_EDGE('',*,*,#4290,.T.);
#2989=ORIENTED_EDGE('',*,*,#4287,.T.);
#2990=ORIENTED_EDGE('',*,*,#3413,.F.);
#2991=ORIENTED_EDGE('',*,*,#4291,.F.);
#2992=ORIENTED_EDGE('',*,*,#4292,.T.);
#2993=ORIENTED_EDGE('',*,*,#4289,.T.);
#2994=ORIENTED_EDGE('',*,*,#3412,.F.);
#2995=ORIENTED_EDGE('',*,*,#4293,.F.);
#2996=ORIENTED_EDGE('',*,*,#4294,.T.);
#2997=ORIENTED_EDGE('',*,*,#4291,.T.);
#2998=ORIENTED_EDGE('',*,*,#3411,.F.);
#2999=ORIENTED_EDGE('',*,*,#4272,.F.);
#3000=ORIENTED_EDGE('',*,*,#4295,.T.);
#3001=ORIENTED_EDGE('',*,*,#4293,.T.);
#3002=ORIENTED_EDGE('',*,*,#4271,.F.);
#3003=ORIENTED_EDGE('',*,*,#4274,.F.);
#3004=ORIENTED_EDGE('',*,*,#4276,.F.);
#3005=ORIENTED_EDGE('',*,*,#4278,.F.);
#3006=ORIENTED_EDGE('',*,*,#4280,.F.);
#3007=ORIENTED_EDGE('',*,*,#4282,.F.);
#3008=ORIENTED_EDGE('',*,*,#4284,.F.);
#3009=ORIENTED_EDGE('',*,*,#4286,.F.);
#3010=ORIENTED_EDGE('',*,*,#4288,.F.);
#3011=ORIENTED_EDGE('',*,*,#4290,.F.);
#3012=ORIENTED_EDGE('',*,*,#4292,.F.);
#3013=ORIENTED_EDGE('',*,*,#4294,.F.);
#3014=ORIENTED_EDGE('',*,*,#4295,.F.);
#3015=ORIENTED_EDGE('',*,*,#3748,.T.);
#3016=ORIENTED_EDGE('',*,*,#3744,.T.);
#3017=ORIENTED_EDGE('',*,*,#3817,.T.);
#3018=ORIENTED_EDGE('',*,*,#3766,.T.);
#3019=ORIENTED_EDGE('',*,*,#3763,.T.);
#3020=ORIENTED_EDGE('',*,*,#3760,.T.);
#3021=ORIENTED_EDGE('',*,*,#3757,.T.);
#3022=ORIENTED_EDGE('',*,*,#3754,.T.);
#3023=ORIENTED_EDGE('',*,*,#3751,.T.);
#3024=ORIENTED_EDGE('',*,*,#3995,.T.);
#3025=ORIENTED_EDGE('',*,*,#3991,.T.);
#3026=ORIENTED_EDGE('',*,*,#4064,.T.);
#3027=ORIENTED_EDGE('',*,*,#4013,.T.);
#3028=ORIENTED_EDGE('',*,*,#4010,.T.);
#3029=ORIENTED_EDGE('',*,*,#4007,.T.);
#3030=ORIENTED_EDGE('',*,*,#4004,.T.);
#3031=ORIENTED_EDGE('',*,*,#4001,.T.);
#3032=ORIENTED_EDGE('',*,*,#3998,.T.);
#3033=ORIENTED_EDGE('',*,*,#4070,.T.);
#3034=ORIENTED_EDGE('',*,*,#4066,.T.);
#3035=ORIENTED_EDGE('',*,*,#4134,.T.);
#3036=ORIENTED_EDGE('',*,*,#4103,.T.);
#3037=ORIENTED_EDGE('',*,*,#4100,.T.);
#3038=ORIENTED_EDGE('',*,*,#4097,.T.);
#3039=ORIENTED_EDGE('',*,*,#4094,.T.);
#3040=ORIENTED_EDGE('',*,*,#4091,.T.);
#3041=ORIENTED_EDGE('',*,*,#4088,.T.);
#3042=ORIENTED_EDGE('',*,*,#4085,.T.);
#3043=ORIENTED_EDGE('',*,*,#4082,.T.);
#3044=ORIENTED_EDGE('',*,*,#4079,.T.);
#3045=ORIENTED_EDGE('',*,*,#4076,.T.);
#3046=ORIENTED_EDGE('',*,*,#4073,.T.);
#3047=ORIENTED_EDGE('',*,*,#4140,.T.);
#3048=ORIENTED_EDGE('',*,*,#4136,.T.);
#3049=ORIENTED_EDGE('',*,*,#4204,.T.);
#3050=ORIENTED_EDGE('',*,*,#4173,.T.);
#3051=ORIENTED_EDGE('',*,*,#4170,.T.);
#3052=ORIENTED_EDGE('',*,*,#4167,.T.);
#3053=ORIENTED_EDGE('',*,*,#4164,.T.);
#3054=ORIENTED_EDGE('',*,*,#4161,.T.);
#3055=ORIENTED_EDGE('',*,*,#4158,.T.);
#3056=ORIENTED_EDGE('',*,*,#4155,.T.);
#3057=ORIENTED_EDGE('',*,*,#4152,.T.);
#3058=ORIENTED_EDGE('',*,*,#4149,.T.);
#3059=ORIENTED_EDGE('',*,*,#4146,.T.);
#3060=ORIENTED_EDGE('',*,*,#4143,.T.);
#3061=ORIENTED_EDGE('',*,*,#3213,.F.);
#3062=ORIENTED_EDGE('',*,*,#3211,.F.);
#3063=ORIENTED_EDGE('',*,*,#3209,.F.);
#3064=ORIENTED_EDGE('',*,*,#4296,.T.);
#3065=ORIENTED_EDGE('',*,*,#4297,.F.);
#3066=ORIENTED_EDGE('',*,*,#4298,.F.);
#3067=ORIENTED_EDGE('',*,*,#4298,.T.);
#3068=ORIENTED_EDGE('',*,*,#4297,.T.);
#3069=ORIENTED_EDGE('',*,*,#4299,.T.);
#3070=ORIENTED_EDGE('',*,*,#4300,.F.);
#3071=ORIENTED_EDGE('',*,*,#4301,.F.);
#3072=ORIENTED_EDGE('',*,*,#4301,.T.);
#3073=ORIENTED_EDGE('',*,*,#4300,.T.);
#3074=ORIENTED_EDGE('',*,*,#3540,.F.);
#3075=ORIENTED_EDGE('',*,*,#4296,.F.);
#3076=ORIENTED_EDGE('',*,*,#3541,.F.);
#3077=ORIENTED_EDGE('',*,*,#4299,.F.);
#3078=ORIENTED_EDGE('',*,*,#3682,.F.);
#3079=ORIENTED_EDGE('',*,*,#4302,.T.);
#3080=ORIENTED_EDGE('',*,*,#3519,.T.);
#3081=ORIENTED_EDGE('',*,*,#4303,.F.);
#3082=ORIENTED_EDGE('',*,*,#3683,.F.);
#3083=ORIENTED_EDGE('',*,*,#4303,.T.);
#3084=ORIENTED_EDGE('',*,*,#3518,.T.);
#3085=ORIENTED_EDGE('',*,*,#4304,.F.);
#3086=ORIENTED_EDGE('',*,*,#3517,.T.);
#3087=ORIENTED_EDGE('',*,*,#4305,.T.);
#3088=ORIENTED_EDGE('',*,*,#3684,.F.);
#3089=ORIENTED_EDGE('',*,*,#4304,.T.);
#3090=ORIENTED_EDGE('',*,*,#3681,.F.);
#3091=ORIENTED_EDGE('',*,*,#4306,.T.);
#3092=ORIENTED_EDGE('',*,*,#3520,.T.);
#3093=ORIENTED_EDGE('',*,*,#4302,.F.);
#3094=ORIENTED_EDGE('',*,*,#3689,.F.);
#3095=ORIENTED_EDGE('',*,*,#4307,.T.);
#3096=ORIENTED_EDGE('',*,*,#3512,.T.);
#3097=ORIENTED_EDGE('',*,*,#4308,.T.);
#3098=ORIENTED_EDGE('',*,*,#3508,.T.);
#3099=ORIENTED_EDGE('',*,*,#4309,.T.);
#3100=ORIENTED_EDGE('',*,*,#3692,.F.);
#3101=ORIENTED_EDGE('',*,*,#4310,.T.);
#3102=ORIENTED_EDGE('',*,*,#3678,.F.);
#3103=ORIENTED_EDGE('',*,*,#4311,.T.);
#3104=ORIENTED_EDGE('',*,*,#3504,.T.);
#3105=ORIENTED_EDGE('',*,*,#4312,.T.);
#3106=ORIENTED_EDGE('',*,*,#4313,.F.);
#3107=ORIENTED_EDGE('',*,*,#3675,.F.);
#3108=ORIENTED_EDGE('',*,*,#4314,.F.);
#3109=ORIENTED_EDGE('',*,*,#3538,.F.);
#3110=ORIENTED_EDGE('',*,*,#4314,.T.);
#3111=ORIENTED_EDGE('',*,*,#3674,.F.);
#3112=ORIENTED_EDGE('',*,*,#4315,.F.);
#3113=ORIENTED_EDGE('',*,*,#3502,.F.);
#3114=ORIENTED_EDGE('',*,*,#4313,.T.);
#3115=ORIENTED_EDGE('',*,*,#3163,.F.);
#3116=ORIENTED_EDGE('',*,*,#4316,.F.);
#3117=ORIENTED_EDGE('',*,*,#3676,.F.);
#3118=ORIENTED_EDGE('',*,*,#4315,.T.);
#3119=ORIENTED_EDGE('',*,*,#3673,.F.);
#3120=ORIENTED_EDGE('',*,*,#4317,.F.);
#3121=ORIENTED_EDGE('',*,*,#3428,.F.);
#3122=ORIENTED_EDGE('',*,*,#4316,.T.);
#3123=ORIENTED_EDGE('',*,*,#3435,.F.);
#3124=ORIENTED_EDGE('',*,*,#4318,.F.);
#3125=ORIENTED_EDGE('',*,*,#3671,.F.);
#3126=ORIENTED_EDGE('',*,*,#4317,.T.);
#3127=ORIENTED_EDGE('',*,*,#3672,.F.);
#3128=ORIENTED_EDGE('',*,*,#4318,.T.);
#3129=ORIENTED_EDGE('',*,*,#3431,.F.);
#3130=ORIENTED_EDGE('',*,*,#3677,.F.);
#3131=ORIENTED_EDGE('',*,*,#3193,.F.);
#3132=ORIENTED_EDGE('',*,*,#3505,.F.);
#3133=ORIENTED_EDGE('',*,*,#4311,.F.);
#3134=ORIENTED_EDGE('',*,*,#3693,.F.);
#3135=ORIENTED_EDGE('',*,*,#4309,.F.);
#3136=ORIENTED_EDGE('',*,*,#3507,.F.);
#3137=ORIENTED_EDGE('',*,*,#3189,.F.);
#3138=ORIENTED_EDGE('',*,*,#3679,.F.);
#3139=ORIENTED_EDGE('',*,*,#4312,.F.);
#3140=ORIENTED_EDGE('',*,*,#3523,.F.);
#3141=ORIENTED_EDGE('',*,*,#3181,.F.);
#3142=ORIENTED_EDGE('',*,*,#3680,.F.);
#3143=ORIENTED_EDGE('',*,*,#3185,.F.);
#3144=ORIENTED_EDGE('',*,*,#3521,.F.);
#3145=ORIENTED_EDGE('',*,*,#4306,.F.);
#3146=ORIENTED_EDGE('',*,*,#3516,.F.);
#3147=ORIENTED_EDGE('',*,*,#3695,.F.);
#3148=ORIENTED_EDGE('',*,*,#3685,.F.);
#3149=ORIENTED_EDGE('',*,*,#4305,.F.);
#3150=ORIENTED_EDGE('',*,*,#3688,.F.);
#3151=ORIENTED_EDGE('',*,*,#3205,.F.);
#3152=ORIENTED_EDGE('',*,*,#3513,.F.);
#3153=ORIENTED_EDGE('',*,*,#4307,.F.);
#3154=ORIENTED_EDGE('',*,*,#3690,.F.);
#3155=ORIENTED_EDGE('',*,*,#4308,.F.);
#3156=ORIENTED_EDGE('',*,*,#3511,.F.);
#3157=ORIENTED_EDGE('',*,*,#3197,.F.);
#3158=ORIENTED_EDGE('',*,*,#3691,.F.);
#3159=ORIENTED_EDGE('',*,*,#3201,.F.);
#3160=ORIENTED_EDGE('',*,*,#3509,.F.);
#3161=ORIENTED_EDGE('',*,*,#4310,.F.);
#3162=EDGE_CURVE('',#4319,#4320,#5076,.T.);
#3163=EDGE_CURVE('',#4320,#4321,#5077,.T.);
#3164=EDGE_CURVE('',#4321,#4322,#5078,.F.);
#3165=EDGE_CURVE('',#4322,#4323,#5079,.T.);
#3166=EDGE_CURVE('',#4323,#4324,#5080,.T.);
#3167=EDGE_CURVE('',#4324,#4325,#600,.F.);
#3168=EDGE_CURVE('',#4325,#4326,#5081,.F.);
#3169=EDGE_CURVE('',#4326,#4327,#5082,.F.);
#3170=EDGE_CURVE('',#4327,#4328,#5083,.F.);
#3171=EDGE_CURVE('',#4328,#4329,#5084,.F.);
#3172=EDGE_CURVE('',#4329,#4330,#5085,.F.);
#3173=EDGE_CURVE('',#4330,#4331,#601,.F.);
#3174=EDGE_CURVE('',#4331,#4332,#5086,.F.);
#3175=EDGE_CURVE('',#4332,#4333,#602,.F.);
#3176=EDGE_CURVE('',#4333,#4334,#5087,.F.);
#3177=EDGE_CURVE('',#4335,#4334,#5088,.T.);
#3178=EDGE_CURVE('',#4335,#4336,#603,.F.);
#3179=EDGE_CURVE('',#4336,#4319,#5089,.T.);
#3180=EDGE_CURVE('',#4337,#4338,#5090,.T.);
#3181=EDGE_CURVE('',#4338,#4339,#5091,.T.);
#3182=EDGE_CURVE('',#4340,#4339,#5092,.T.);
#3183=EDGE_CURVE('',#4337,#4340,#5093,.T.);
#3184=EDGE_CURVE('',#4341,#4342,#5094,.T.);
#3185=EDGE_CURVE('',#4342,#4343,#5095,.F.);
#3186=EDGE_CURVE('',#4344,#4343,#5096,.T.);
#3187=EDGE_CURVE('',#4344,#4341,#5097,.T.);
#3188=EDGE_CURVE('',#4345,#4346,#5098,.T.);
#3189=EDGE_CURVE('',#4346,#4347,#5099,.T.);
#3190=EDGE_CURVE('',#4348,#4347,#5100,.T.);
#3191=EDGE_CURVE('',#4345,#4348,#5101,.T.);
#3192=EDGE_CURVE('',#4349,#4350,#5102,.T.);
#3193=EDGE_CURVE('',#4350,#4351,#5103,.F.);
#3194=EDGE_CURVE('',#4352,#4351,#5104,.T.);
#3195=EDGE_CURVE('',#4352,#4349,#5105,.T.);
#3196=EDGE_CURVE('',#4353,#4354,#5106,.T.);
#3197=EDGE_CURVE('',#4354,#4355,#5107,.T.);
#3198=EDGE_CURVE('',#4356,#4355,#5108,.T.);
#3199=EDGE_CURVE('',#4353,#4356,#5109,.T.);
#3200=EDGE_CURVE('',#4357,#4358,#5110,.T.);
#3201=EDGE_CURVE('',#4358,#4359,#5111,.T.);
#3202=EDGE_CURVE('',#4360,#4359,#5112,.T.);
#3203=EDGE_CURVE('',#4360,#4357,#5113,.T.);
#3204=EDGE_CURVE('',#4361,#4362,#5114,.T.);
#3205=EDGE_CURVE('',#4362,#4363,#5115,.F.);
#3206=EDGE_CURVE('',#4364,#4363,#5116,.T.);
#3207=EDGE_CURVE('',#4364,#4361,#5117,.T.);
#3208=EDGE_CURVE('',#4365,#4365,#604,.F.);
#3209=EDGE_CURVE('',#4366,#4366,#605,.T.);
#3210=EDGE_CURVE('',#4367,#4367,#606,.F.);
#3211=EDGE_CURVE('',#4368,#4368,#607,.T.);
#3212=EDGE_CURVE('',#4369,#4369,#608,.F.);
#3213=EDGE_CURVE('',#4370,#4370,#609,.T.);
#3214=EDGE_CURVE('',#4371,#4372,#194,.T.);
#3215=EDGE_CURVE('',#4372,#4373,#195,.T.);
#3216=EDGE_CURVE('',#4373,#4374,#196,.T.);
#3217=EDGE_CURVE('',#4374,#4375,#197,.T.);
#3218=EDGE_CURVE('',#4375,#4376,#5118,.T.);
#3219=EDGE_CURVE('',#4376,#4377,#198,.T.);
#3220=EDGE_CURVE('',#4377,#4378,#199,.T.);
#3221=EDGE_CURVE('',#4378,#4379,#200,.T.);
#3222=EDGE_CURVE('',#4379,#4380,#201,.T.);
#3223=EDGE_CURVE('',#4380,#4381,#610,.F.);
#3224=EDGE_CURVE('',#4381,#4382,#202,.T.);
#3225=EDGE_CURVE('',#4382,#4383,#5119,.T.);
#3226=EDGE_CURVE('',#4383,#4384,#203,.T.);
#3227=EDGE_CURVE('',#4384,#4371,#611,.F.);
#3228=EDGE_CURVE('',#4385,#4386,#5120,.T.);
#3229=EDGE_CURVE('',#4386,#4387,#5121,.T.);
#3230=EDGE_CURVE('',#4387,#4388,#5122,.T.);
#3231=EDGE_CURVE('',#4388,#4389,#5123,.T.);
#3232=EDGE_CURVE('',#4389,#4390,#204,.T.);
#3233=EDGE_CURVE('',#4390,#4391,#612,.F.);
#3234=EDGE_CURVE('',#4391,#4392,#205,.T.);
#3235=EDGE_CURVE('',#4392,#4393,#206,.T.);
#3236=EDGE_CURVE('',#4393,#4394,#207,.T.);
#3237=EDGE_CURVE('',#4394,#4395,#5124,.T.);
#3238=EDGE_CURVE('',#4395,#4396,#5125,.T.);
#3239=EDGE_CURVE('',#4396,#4397,#5126,.T.);
#3240=EDGE_CURVE('',#4397,#4398,#208,.T.);
#3241=EDGE_CURVE('',#4398,#4399,#209,.T.);
#3242=EDGE_CURVE('',#4399,#4400,#210,.T.);
#3243=EDGE_CURVE('',#4400,#4401,#613,.T.);
#3244=EDGE_CURVE('',#4401,#4385,#5127,.T.);
#3245=EDGE_CURVE('',#4402,#4403,#211,.T.);
#3246=EDGE_CURVE('',#4403,#4404,#212,.T.);
#3247=EDGE_CURVE('',#4404,#4405,#213,.T.);
#3248=EDGE_CURVE('',#4405,#4406,#214,.T.);
#3249=EDGE_CURVE('',#4406,#4407,#5128,.T.);
#3250=EDGE_CURVE('',#4407,#4408,#215,.T.);
#3251=EDGE_CURVE('',#4408,#4409,#216,.T.);
#3252=EDGE_CURVE('',#4409,#4410,#614,.T.);
#3253=EDGE_CURVE('',#4410,#4411,#217,.T.);
#3254=EDGE_CURVE('',#4411,#4412,#615,.T.);
#3255=EDGE_CURVE('',#4412,#4413,#218,.T.);
#3256=EDGE_CURVE('',#4413,#4414,#219,.T.);
#3257=EDGE_CURVE('',#4414,#4415,#5129,.T.);
#3258=EDGE_CURVE('',#4415,#4416,#616,.F.);
#3259=EDGE_CURVE('',#4416,#4417,#220,.T.);
#3260=EDGE_CURVE('',#4417,#4418,#221,.T.);
#3261=EDGE_CURVE('',#4418,#4419,#222,.T.);
#3262=EDGE_CURVE('',#4419,#4420,#223,.T.);
#3263=EDGE_CURVE('',#4420,#4421,#224,.T.);
#3264=EDGE_CURVE('',#4421,#4422,#617,.F.);
#3265=EDGE_CURVE('',#4422,#4423,#618,.F.);
#3266=EDGE_CURVE('',#4423,#4424,#5130,.T.);
#3267=EDGE_CURVE('',#4424,#4425,#619,.T.);
#3268=EDGE_CURVE('',#4425,#4426,#225,.T.);
#3269=EDGE_CURVE('',#4426,#4427,#226,.T.);
#3270=EDGE_CURVE('',#4427,#4428,#227,.T.);
#3271=EDGE_CURVE('',#4428,#4429,#228,.T.);
#3272=EDGE_CURVE('',#4429,#4430,#229,.T.);
#3273=EDGE_CURVE('',#4430,#4431,#230,.T.);
#3274=EDGE_CURVE('',#4431,#4432,#5131,.T.);
#3275=EDGE_CURVE('',#4432,#4433,#620,.F.);
#3276=EDGE_CURVE('',#4433,#4434,#231,.T.);
#3277=EDGE_CURVE('',#4434,#4435,#232,.T.);
#3278=EDGE_CURVE('',#4435,#4402,#621,.F.);
#3279=EDGE_CURVE('',#4436,#4437,#5132,.T.);
#3280=EDGE_CURVE('',#4437,#4438,#5133,.T.);
#3281=EDGE_CURVE('',#4438,#4439,#5134,.T.);
#3282=EDGE_CURVE('',#4439,#4440,#5135,.T.);
#3283=EDGE_CURVE('',#4440,#4441,#233,.T.);
#3284=EDGE_CURVE('',#4441,#4442,#234,.T.);
#3285=EDGE_CURVE('',#4442,#4443,#622,.F.);
#3286=EDGE_CURVE('',#4443,#4444,#623,.F.);
#3287=EDGE_CURVE('',#4444,#4445,#5136,.T.);
#3288=EDGE_CURVE('',#4445,#4446,#624,.T.);
#3289=EDGE_CURVE('',#4446,#4447,#625,.T.);
#3290=EDGE_CURVE('',#4447,#4448,#626,.T.);
#3291=EDGE_CURVE('',#4448,#4449,#235,.T.);
#3292=EDGE_CURVE('',#4449,#4436,#5137,.T.);
#3293=EDGE_CURVE('',#4450,#4451,#627,.F.);
#3294=EDGE_CURVE('',#4451,#4452,#236,.T.);
#3295=EDGE_CURVE('',#4452,#4453,#237,.T.);
#3296=EDGE_CURVE('',#4453,#4454,#238,.T.);
#3297=EDGE_CURVE('',#4454,#4455,#5138,.T.);
#3298=EDGE_CURVE('',#4455,#4456,#5139,.T.);
#3299=EDGE_CURVE('',#4456,#4457,#5140,.T.);
#3300=EDGE_CURVE('',#4457,#4458,#5141,.T.);
#3301=EDGE_CURVE('',#4458,#4459,#5142,.T.);
#3302=EDGE_CURVE('',#4459,#4460,#5143,.T.);
#3303=EDGE_CURVE('',#4460,#4461,#5144,.T.);
#3304=EDGE_CURVE('',#4461,#4462,#5145,.T.);
#3305=EDGE_CURVE('',#4462,#4463,#5146,.T.);
#3306=EDGE_CURVE('',#4463,#4464,#5147,.T.);
#3307=EDGE_CURVE('',#4464,#4465,#5148,.T.);
#3308=EDGE_CURVE('',#4465,#4466,#239,.T.);
#3309=EDGE_CURVE('',#4466,#4467,#240,.T.);
#3310=EDGE_CURVE('',#4467,#4468,#628,.T.);
#3311=EDGE_CURVE('',#4468,#4469,#629,.F.);
#3312=EDGE_CURVE('',#4469,#4470,#5149,.T.);
#3313=EDGE_CURVE('',#4470,#4450,#630,.F.);
#3314=EDGE_CURVE('',#4471,#4472,#241,.T.);
#3315=EDGE_CURVE('',#4472,#4473,#242,.T.);
#3316=EDGE_CURVE('',#4473,#4474,#631,.F.);
#3317=EDGE_CURVE('',#4474,#4475,#243,.T.);
#3318=EDGE_CURVE('',#4475,#4476,#5150,.T.);
#3319=EDGE_CURVE('',#4476,#4477,#244,.T.);
#3320=EDGE_CURVE('',#4477,#4478,#245,.T.);
#3321=EDGE_CURVE('',#4478,#4479,#246,.T.);
#3322=EDGE_CURVE('',#4479,#4480,#247,.T.);
#3323=EDGE_CURVE('',#4480,#4481,#632,.F.);
#3324=EDGE_CURVE('',#4481,#4482,#248,.T.);
#3325=EDGE_CURVE('',#4482,#4483,#5151,.T.);
#3326=EDGE_CURVE('',#4483,#4484,#5152,.T.);
#3327=EDGE_CURVE('',#4484,#4485,#5153,.T.);
#3328=EDGE_CURVE('',#4485,#4486,#249,.T.);
#3329=EDGE_CURVE('',#4486,#4487,#250,.T.);
#3330=EDGE_CURVE('',#4487,#4488,#633,.T.);
#3331=EDGE_CURVE('',#4488,#4489,#634,.T.);
#3332=EDGE_CURVE('',#4489,#4490,#251,.T.);
#3333=EDGE_CURVE('',#4490,#4491,#252,.T.);
#3334=EDGE_CURVE('',#4491,#4492,#5154,.T.);
#3335=EDGE_CURVE('',#4492,#4493,#5155,.T.);
#3336=EDGE_CURVE('',#4493,#4494,#5156,.T.);
#3337=EDGE_CURVE('',#4494,#4471,#253,.T.);
#3338=EDGE_CURVE('',#4495,#4495,#635,.T.);
#3339=EDGE_CURVE('',#4496,#4497,#254,.T.);
#3340=EDGE_CURVE('',#4497,#4498,#255,.T.);
#3341=EDGE_CURVE('',#4498,#4499,#636,.F.);
#3342=EDGE_CURVE('',#4499,#4500,#256,.T.);
#3343=EDGE_CURVE('',#4500,#4501,#5157,.T.);
#3344=EDGE_CURVE('',#4501,#4502,#257,.T.);
#3345=EDGE_CURVE('',#4502,#4503,#258,.T.);
#3346=EDGE_CURVE('',#4503,#4504,#259,.T.);
#3347=EDGE_CURVE('',#4504,#4505,#260,.T.);
#3348=EDGE_CURVE('',#4505,#4506,#637,.F.);
#3349=EDGE_CURVE('',#4506,#4507,#261,.T.);
#3350=EDGE_CURVE('',#4507,#4508,#5158,.T.);
#3351=EDGE_CURVE('',#4508,#4509,#5159,.T.);
#3352=EDGE_CURVE('',#4509,#4510,#5160,.T.);
#3353=EDGE_CURVE('',#4510,#4511,#262,.T.);
#3354=EDGE_CURVE('',#4511,#4512,#263,.T.);
#3355=EDGE_CURVE('',#4512,#4513,#638,.T.);
#3356=EDGE_CURVE('',#4513,#4514,#639,.T.);
#3357=EDGE_CURVE('',#4514,#4515,#264,.T.);
#3358=EDGE_CURVE('',#4515,#4516,#265,.T.);
#3359=EDGE_CURVE('',#4516,#4517,#5161,.T.);
#3360=EDGE_CURVE('',#4517,#4518,#5162,.T.);
#3361=EDGE_CURVE('',#4518,#4519,#5163,.T.);
#3362=EDGE_CURVE('',#4519,#4496,#266,.T.);
#3363=EDGE_CURVE('',#4520,#4521,#267,.T.);
#3364=EDGE_CURVE('',#4521,#4522,#268,.T.);
#3365=EDGE_CURVE('',#4522,#4523,#269,.T.);
#3366=EDGE_CURVE('',#4523,#4524,#270,.T.);
#3367=EDGE_CURVE('',#4524,#4525,#5164,.T.);
#3368=EDGE_CURVE('',#4525,#4526,#271,.T.);
#3369=EDGE_CURVE('',#4526,#4527,#272,.T.);
#3370=EDGE_CURVE('',#4527,#4528,#273,.T.);
#3371=EDGE_CURVE('',#4528,#4529,#274,.T.);
#3372=EDGE_CURVE('',#4529,#4530,#640,.F.);
#3373=EDGE_CURVE('',#4530,#4531,#275,.T.);
#3374=EDGE_CURVE('',#4531,#4532,#5165,.T.);
#3375=EDGE_CURVE('',#4532,#4533,#276,.T.);
#3376=EDGE_CURVE('',#4533,#4520,#641,.F.);
#3377=EDGE_CURVE('',#4534,#4535,#642,.F.);
#3378=EDGE_CURVE('',#4535,#4536,#277,.T.);
#3379=EDGE_CURVE('',#4536,#4537,#278,.T.);
#3380=EDGE_CURVE('',#4537,#4538,#5166,.T.);
#3381=EDGE_CURVE('',#4538,#4539,#279,.T.);
#3382=EDGE_CURVE('',#4539,#4540,#280,.T.);
#3383=EDGE_CURVE('',#4540,#4541,#281,.T.);
#3384=EDGE_CURVE('',#4541,#4542,#282,.T.);
#3385=EDGE_CURVE('',#4542,#4543,#283,.T.);
#3386=EDGE_CURVE('',#4543,#4544,#284,.T.);
#3387=EDGE_CURVE('',#4544,#4545,#5167,.T.);
#3388=EDGE_CURVE('',#4545,#4546,#285,.T.);
#3389=EDGE_CURVE('',#4546,#4547,#286,.T.);
#3390=EDGE_CURVE('',#4547,#4548,#287,.T.);
#3391=EDGE_CURVE('',#4548,#4549,#288,.T.);
#3392=EDGE_CURVE('',#4549,#4550,#643,.F.);
#3393=EDGE_CURVE('',#4550,#4551,#289,.T.);
#3394=EDGE_CURVE('',#4551,#4552,#290,.T.);
#3395=EDGE_CURVE('',#4552,#4553,#5168,.T.);
#3396=EDGE_CURVE('',#4553,#4554,#644,.T.);
#3397=EDGE_CURVE('',#4554,#4555,#645,.T.);
#3398=EDGE_CURVE('',#4555,#4556,#291,.T.);
#3399=EDGE_CURVE('',#4556,#4557,#292,.T.);
#3400=EDGE_CURVE('',#4557,#4558,#293,.T.);
#3401=EDGE_CURVE('',#4558,#4559,#294,.T.);
#3402=EDGE_CURVE('',#4559,#4560,#295,.T.);
#3403=EDGE_CURVE('',#4560,#4561,#5169,.T.);
#3404=EDGE_CURVE('',#4561,#4562,#646,.F.);
#3405=EDGE_CURVE('',#4562,#4563,#647,.F.);
#3406=EDGE_CURVE('',#4563,#4564,#296,.T.);
#3407=EDGE_CURVE('',#4564,#4565,#297,.T.);
#3408=EDGE_CURVE('',#4565,#4534,#648,.F.);
#3409=EDGE_CURVE('',#4566,#4567,#5170,.T.);
#3410=EDGE_CURVE('',#4567,#4568,#5171,.T.);
#3411=EDGE_CURVE('',#4568,#4569,#5172,.T.);
#3412=EDGE_CURVE('',#4569,#4570,#5173,.T.);
#3413=EDGE_CURVE('',#4570,#4571,#5174,.T.);
#3414=EDGE_CURVE('',#4571,#4572,#5175,.T.);
#3415=EDGE_CURVE('',#4572,#4573,#5176,.T.);
#3416=EDGE_CURVE('',#4573,#4574,#5177,.T.);
#3417=EDGE_CURVE('',#4574,#4575,#5178,.T.);
#3418=EDGE_CURVE('',#4575,#4576,#5179,.T.);
#3419=EDGE_CURVE('',#4576,#4577,#5180,.T.);
#3420=EDGE_CURVE('',#4577,#4578,#5181,.T.);
#3421=EDGE_CURVE('',#4578,#4566,#5182,.T.);
#3422=EDGE_CURVE('',#4579,#4580,#5183,.T.);
#3423=EDGE_CURVE('',#4580,#4581,#649,.T.);
#3424=EDGE_CURVE('',#4581,#4582,#5184,.T.);
#3425=EDGE_CURVE('',#4582,#4583,#5185,.T.);
#3426=EDGE_CURVE('',#4579,#4583,#5186,.T.);
#3427=EDGE_CURVE('',#4584,#4585,#5187,.F.);
#3428=EDGE_CURVE('',#4584,#4586,#650,.T.);
#3429=EDGE_CURVE('',#4587,#4586,#5188,.T.);
#3430=EDGE_CURVE('',#4585,#4587,#651,.T.);
#3431=EDGE_CURVE('',#4586,#4588,#5189,.T.);
#3432=EDGE_CURVE('',#4589,#4588,#5190,.T.);
#3433=EDGE_CURVE('',#4589,#4587,#5191,.F.);
#3434=EDGE_CURVE('',#4590,#4590,#652,.F.);
#3435=EDGE_CURVE('',#4588,#4320,#653,.T.);
#3436=EDGE_CURVE('',#4319,#4591,#298,.F.);
#3437=EDGE_CURVE('',#4591,#4592,#654,.T.);
#3438=EDGE_CURVE('',#4592,#4589,#299,.T.);
#3439=EDGE_CURVE('',#4593,#4594,#5192,.F.);
#3440=EDGE_CURVE('',#4594,#4323,#655,.F.);
#3441=EDGE_CURVE('',#4322,#4595,#656,.T.);
#3442=EDGE_CURVE('',#4596,#4595,#5193,.F.);
#3443=EDGE_CURVE('',#4596,#4319,#300,.T.);
#3444=EDGE_CURVE('',#4336,#4593,#301,.T.);
#3445=EDGE_CURVE('',#4597,#4598,#5194,.T.);
#3446=EDGE_CURVE('',#4597,#4599,#5195,.F.);
#3447=EDGE_CURVE('',#4599,#4579,#5196,.T.);
#3448=EDGE_CURVE('',#4583,#4600,#5197,.T.);
#3449=EDGE_CURVE('',#4601,#4600,#657,.F.);
#3450=EDGE_CURVE('',#4602,#4601,#5198,.T.);
#3451=EDGE_CURVE('',#4602,#4603,#658,.F.);
#3452=EDGE_CURVE('',#4603,#4604,#659,.F.);
#3453=EDGE_CURVE('',#4605,#4604,#5199,.T.);
#3454=EDGE_CURVE('',#4605,#4606,#660,.F.);
#3455=EDGE_CURVE('',#4607,#4606,#5200,.T.);
#3456=EDGE_CURVE('',#4607,#4608,#5201,.T.);
#3457=EDGE_CURVE('',#4608,#4609,#5202,.T.);
#3458=EDGE_CURVE('',#4609,#4610,#302,.F.);
#3459=EDGE_CURVE('',#4611,#4610,#5203,.T.);
#3460=EDGE_CURVE('',#4612,#4611,#5204,.T.);
#3461=EDGE_CURVE('',#4598,#4612,#5205,.T.);
#3462=EDGE_CURVE('',#4613,#4614,#5206,.T.);
#3463=EDGE_CURVE('',#4614,#4615,#5207,.F.);
#3464=EDGE_CURVE('',#4615,#4616,#5208,.F.);
#3465=EDGE_CURVE('',#4616,#4613,#5209,.T.);
#3466=EDGE_CURVE('',#4617,#4618,#5210,.T.);
#3467=EDGE_CURVE('',#4618,#4619,#5211,.F.);
#3468=EDGE_CURVE('',#4620,#4619,#5212,.T.);
#3469=EDGE_CURVE('',#4620,#4617,#5213,.T.);
#3470=EDGE_CURVE('',#4619,#4621,#5214,.F.);
#3471=EDGE_CURVE('',#4621,#4622,#5215,.F.);
#3472=EDGE_CURVE('',#4622,#4620,#5216,.T.);
#3473=EDGE_CURVE('',#4623,#4624,#5217,.T.);
#3474=EDGE_CURVE('',#4624,#4625,#5218,.F.);
#3475=EDGE_CURVE('',#4626,#4625,#5219,.T.);
#3476=EDGE_CURVE('',#4626,#4623,#5220,.T.);
#3477=EDGE_CURVE('',#4627,#4628,#661,.T.);
#3478=EDGE_CURVE('',#4628,#4602,#5221,.T.);
#3479=EDGE_CURVE('',#4629,#4601,#5222,.T.);
#3480=EDGE_CURVE('',#4629,#4630,#5223,.T.);
#3481=EDGE_CURVE('',#4631,#4630,#5224,.F.);
#3482=EDGE_CURVE('',#4632,#4631,#5225,.T.);
#3483=EDGE_CURVE('',#4611,#4632,#5226,.T.);
#3484=EDGE_CURVE('',#4610,#4633,#662,.T.);
#3485=EDGE_CURVE('',#4633,#4634,#5227,.F.);
#3486=EDGE_CURVE('',#4634,#4635,#663,.T.);
#3487=EDGE_CURVE('',#4635,#4636,#5228,.F.);
#3488=EDGE_CURVE('',#4636,#4637,#5229,.F.);
#3489=EDGE_CURVE('',#4637,#4638,#5230,.F.);
#3490=EDGE_CURVE('',#4638,#4639,#5231,.F.);
#3491=EDGE_CURVE('',#4639,#4627,#5232,.F.);
#3492=EDGE_CURVE('',#4640,#4600,#5233,.F.);
#3493=EDGE_CURVE('',#4640,#4641,#664,.T.);
#3494=EDGE_CURVE('',#4641,#4642,#5234,.F.);
#3495=EDGE_CURVE('',#4642,#4629,#665,.F.);
#3496=EDGE_CURVE('',#4643,#4644,#666,.F.);
#3497=EDGE_CURVE('',#4643,#4645,#5235,.T.);
#3498=EDGE_CURVE('',#4645,#4596,#667,.F.);
#3499=EDGE_CURVE('',#4646,#4595,#668,.F.);
#3500=EDGE_CURVE('',#4646,#4644,#5236,.T.);
#3501=EDGE_CURVE('',#4647,#4648,#5237,.T.);
#3502=EDGE_CURVE('',#4648,#4584,#5238,.T.);
#3503=EDGE_CURVE('',#4585,#4647,#5239,.F.);
#3504=EDGE_CURVE('',#4649,#4650,#5240,.T.);
#3505=EDGE_CURVE('',#4649,#4350,#669,.T.);
#3506=EDGE_CURVE('',#4349,#4348,#670,.T.);
#3507=EDGE_CURVE('',#4347,#4651,#671,.T.);
#3508=EDGE_CURVE('',#4652,#4651,#672,.T.);
#3509=EDGE_CURVE('',#4652,#4358,#673,.T.);
#3510=EDGE_CURVE('',#4357,#4356,#674,.T.);
#3511=EDGE_CURVE('',#4355,#4653,#675,.T.);
#3512=EDGE_CURVE('',#4654,#4653,#5241,.T.);
#3513=EDGE_CURVE('',#4654,#4362,#676,.T.);
#3514=EDGE_CURVE('',#4361,#4655,#677,.T.);
#3515=EDGE_CURVE('',#4655,#4656,#5242,.T.);
#3516=EDGE_CURVE('',#4656,#4657,#678,.T.);
#3517=EDGE_CURVE('',#4658,#4657,#679,.T.);
#3518=EDGE_CURVE('',#4659,#4658,#5243,.T.);
#3519=EDGE_CURVE('',#4660,#4659,#680,.T.);
#3520=EDGE_CURVE('',#4661,#4660,#5244,.T.);
#3521=EDGE_CURVE('',#4661,#4342,#681,.T.);
#3522=EDGE_CURVE('',#4341,#4340,#682,.T.);
#3523=EDGE_CURVE('',#4339,#4650,#683,.T.);
#3524=EDGE_CURVE('',#4662,#4662,#684,.T.);
#3525=EDGE_CURVE('',#4663,#4663,#685,.T.);
#3526=EDGE_CURVE('',#4664,#4664,#686,.T.);
#3527=EDGE_CURVE('',#4665,#4665,#687,.T.);
#3528=EDGE_CURVE('',#4666,#4667,#688,.F.);
#3529=EDGE_CURVE('',#4666,#4668,#5245,.T.);
#3530=EDGE_CURVE('',#4668,#4630,#689,.T.);
#3531=EDGE_CURVE('',#4642,#4667,#5246,.T.);
#3532=EDGE_CURVE('',#4592,#4645,#690,.T.);
#3533=EDGE_CURVE('',#4596,#4591,#691,.T.);
#3534=EDGE_CURVE('',#4589,#4645,#303,.F.);
#3535=EDGE_CURVE('',#4643,#4587,#692,.T.);
#3536=EDGE_CURVE('',#4585,#4644,#693,.T.);
#3537=EDGE_CURVE('',#4646,#4647,#694,.T.);
#3538=EDGE_CURVE('',#4321,#4648,#695,.T.);
#3539=EDGE_CURVE('',#4322,#4647,#696,.T.);
#3540=EDGE_CURVE('',#4669,#4669,#697,.T.);
#3541=EDGE_CURVE('',#4670,#4670,#698,.T.);
#3542=EDGE_CURVE('',#4671,#4672,#5247,.F.);
#3543=EDGE_CURVE('',#4672,#4673,#5248,.T.);
#3544=EDGE_CURVE('',#4674,#4673,#5249,.F.);
#3545=EDGE_CURVE('',#4675,#4674,#699,.F.);
#3546=EDGE_CURVE('',#4676,#4675,#5250,.T.);
#3547=EDGE_CURVE('',#4676,#4677,#700,.F.);
#3548=EDGE_CURVE('',#4678,#4677,#5251,.T.);
#3549=EDGE_CURVE('',#4678,#4679,#701,.F.);
#3550=EDGE_CURVE('',#4679,#4671,#5252,.F.);
#3551=EDGE_CURVE('',#4680,#4681,#5253,.F.);
#3552=EDGE_CURVE('',#4680,#4668,#5254,.T.);
#3553=EDGE_CURVE('',#4681,#4666,#5255,.F.);
#3554=EDGE_CURVE('',#4682,#4682,#702,.T.);
#3555=EDGE_CURVE('',#4683,#4680,#304,.T.);
#3556=EDGE_CURVE('',#4684,#4683,#703,.F.);
#3557=EDGE_CURVE('',#4631,#4684,#305,.F.);
#3558=EDGE_CURVE('',#4685,#4641,#5256,.T.);
#3559=EDGE_CURVE('',#4667,#4685,#5257,.T.);
#3560=EDGE_CURVE('',#4686,#4686,#704,.T.);
#3561=EDGE_CURVE('',#4683,#4675,#705,.T.);
#3562=EDGE_CURVE('',#4674,#4684,#706,.T.);
#3563=EDGE_CURVE('',#4674,#4631,#306,.T.);
#3564=EDGE_CURVE('',#4680,#4675,#307,.F.);
#3565=EDGE_CURVE('',#4673,#4632,#149,.F.);
#3566=EDGE_CURVE('',#4676,#4681,#707,.F.);
#3567=EDGE_CURVE('',#4678,#4641,#708,.F.);
#3568=EDGE_CURVE('',#4685,#4677,#709,.T.);
#3569=EDGE_CURVE('',#4640,#4679,#308,.T.);
#3570=EDGE_CURVE('',#4685,#4681,#710,.T.);
#3571=EDGE_CURVE('',#4632,#4687,#5258,.F.);
#3572=EDGE_CURVE('',#4687,#4688,#5259,.F.);
#3573=EDGE_CURVE('',#4688,#4689,#5260,.T.);
#3574=EDGE_CURVE('',#4689,#4612,#5261,.T.);
#3575=EDGE_CURVE('',#4690,#4582,#5262,.T.);
#3576=EDGE_CURVE('',#4690,#4691,#5263,.T.);
#3577=EDGE_CURVE('',#4691,#4640,#5264,.T.);
#3578=EDGE_CURVE('',#4692,#4693,#5265,.T.);
#3579=EDGE_CURVE('',#4693,#4694,#5266,.F.);
#3580=EDGE_CURVE('',#4695,#4694,#5267,.T.);
#3581=EDGE_CURVE('',#4695,#4692,#5268,.T.);
#3582=EDGE_CURVE('',#4625,#4696,#5269,.F.);
#3583=EDGE_CURVE('',#4697,#4696,#5270,.T.);
#3584=EDGE_CURVE('',#4697,#4626,#5271,.T.);
#3585=EDGE_CURVE('',#4696,#4614,#5272,.F.);
#3586=EDGE_CURVE('',#4613,#4697,#5273,.T.);
#3587=EDGE_CURVE('',#4622,#4623,#711,.T.);
#3588=EDGE_CURVE('',#4616,#4617,#712,.T.);
#3589=EDGE_CURVE('',#4698,#4699,#5274,.F.);
#3590=EDGE_CURVE('',#4698,#4700,#5275,.T.);
#3591=EDGE_CURVE('',#4700,#4701,#5276,.T.);
#3592=EDGE_CURVE('',#4699,#4701,#5277,.F.);
#3593=EDGE_CURVE('',#4702,#4702,#713,.T.);
#3594=EDGE_CURVE('',#4703,#4704,#5278,.T.);
#3595=EDGE_CURVE('',#4704,#4705,#5279,.T.);
#3596=EDGE_CURVE('',#4705,#4706,#714,.T.);
#3597=EDGE_CURVE('',#4706,#4707,#5280,.T.);
#3598=EDGE_CURVE('',#4707,#4708,#5281,.T.);
#3599=EDGE_CURVE('',#4708,#4709,#5282,.T.);
#3600=EDGE_CURVE('',#4709,#4710,#5283,.T.);
#3601=EDGE_CURVE('',#4710,#4703,#715,.T.);
#3602=EDGE_CURVE('',#4711,#4711,#716,.F.);
#3603=EDGE_CURVE('',#4712,#4712,#717,.T.);
#3604=EDGE_CURVE('',#4621,#4624,#718,.F.);
#3605=EDGE_CURVE('',#4615,#4618,#719,.F.);
#3606=EDGE_CURVE('',#4713,#4689,#5284,.T.);
#3607=EDGE_CURVE('',#4713,#4714,#720,.F.);
#3608=EDGE_CURVE('',#4714,#4598,#5285,.T.);
#3609=EDGE_CURVE('',#4694,#4690,#721,.T.);
#3610=EDGE_CURVE('',#4581,#4715,#5286,.F.);
#3611=EDGE_CURVE('',#4715,#4716,#5287,.F.);
#3612=EDGE_CURVE('',#4716,#4713,#5288,.T.);
#3613=EDGE_CURVE('',#4688,#4695,#722,.T.);
#3614=EDGE_CURVE('',#4717,#4603,#5289,.F.);
#3615=EDGE_CURVE('',#4603,#4718,#5290,.F.);
#3616=EDGE_CURVE('',#4718,#4719,#5291,.F.);
#3617=EDGE_CURVE('',#4719,#4720,#5292,.F.);
#3618=EDGE_CURVE('',#4720,#4721,#723,.T.);
#3619=EDGE_CURVE('',#4721,#4717,#5293,.T.);
#3620=EDGE_CURVE('',#4722,#4723,#5294,.T.);
#3621=EDGE_CURVE('',#4723,#4724,#5295,.T.);
#3622=EDGE_CURVE('',#4724,#4725,#5296,.F.);
#3623=EDGE_CURVE('',#4725,#4722,#5297,.T.);
#3624=EDGE_CURVE('',#4726,#4727,#5298,.T.);
#3625=EDGE_CURVE('',#4727,#4728,#5299,.T.);
#3626=EDGE_CURVE('',#4729,#4728,#5300,.T.);
#3627=EDGE_CURVE('',#4729,#4726,#5301,.T.);
#3628=EDGE_CURVE('',#4728,#4730,#5302,.T.);
#3629=EDGE_CURVE('',#4731,#4730,#5303,.T.);
#3630=EDGE_CURVE('',#4731,#4729,#5304,.T.);
#3631=EDGE_CURVE('',#4730,#4732,#5305,.T.);
#3632=EDGE_CURVE('',#4732,#4733,#5306,.F.);
#3633=EDGE_CURVE('',#4733,#4731,#5307,.T.);
#3634=EDGE_CURVE('',#4734,#4735,#5308,.T.);
#3635=EDGE_CURVE('',#4735,#4736,#5309,.T.);
#3636=EDGE_CURVE('',#4736,#4737,#5310,.F.);
#3637=EDGE_CURVE('',#4737,#4734,#5311,.T.);
#3638=EDGE_CURVE('',#4738,#4739,#5312,.T.);
#3639=EDGE_CURVE('',#4739,#4740,#5313,.T.);
#3640=EDGE_CURVE('',#4740,#4741,#5314,.F.);
#3641=EDGE_CURVE('',#4741,#4738,#5315,.T.);
#3642=EDGE_CURVE('',#4334,#4607,#724,.F.);
#3643=EDGE_CURVE('',#4606,#4742,#5316,.T.);
#3644=EDGE_CURVE('',#4742,#4335,#5317,.F.);
#3645=EDGE_CURVE('',#4593,#4743,#5318,.T.);
#3646=EDGE_CURVE('',#4743,#4717,#5319,.F.);
#3647=EDGE_CURVE('',#4721,#4594,#309,.T.);
#3648=EDGE_CURVE('',#4604,#4744,#5320,.T.);
#3649=EDGE_CURVE('',#4744,#4745,#5321,.T.);
#3650=EDGE_CURVE('',#4745,#4605,#5322,.F.);
#3651=EDGE_CURVE('',#4740,#4609,#725,.F.);
#3652=EDGE_CURVE('',#4608,#4741,#726,.T.);
#3653=EDGE_CURVE('',#4736,#4739,#727,.F.);
#3654=EDGE_CURVE('',#4738,#4737,#728,.T.);
#3655=EDGE_CURVE('',#4718,#4723,#729,.F.);
#3656=EDGE_CURVE('',#4722,#4719,#730,.T.);
#3657=EDGE_CURVE('',#4724,#4727,#731,.F.);
#3658=EDGE_CURVE('',#4726,#4725,#732,.T.);
#3659=EDGE_CURVE('',#4732,#4735,#733,.F.);
#3660=EDGE_CURVE('',#4734,#4733,#734,.T.);
#3661=EDGE_CURVE('',#4691,#4671,#150,.F.);
#3662=EDGE_CURVE('',#4671,#4693,#151,.T.);
#3663=EDGE_CURVE('',#4692,#4672,#152,.F.);
#3664=EDGE_CURVE('',#4672,#4687,#153,.T.);
#3665=EDGE_CURVE('',#4344,#4337,#735,.T.);
#3666=EDGE_CURVE('',#4746,#4746,#736,.T.);
#3667=EDGE_CURVE('',#4352,#4345,#737,.T.);
#3668=EDGE_CURVE('',#4747,#4747,#738,.T.);
#3669=EDGE_CURVE('',#4360,#4353,#739,.T.);
#3670=EDGE_CURVE('',#4748,#4748,#740,.T.);
#3671=EDGE_CURVE('',#4749,#4750,#741,.F.);
#3672=EDGE_CURVE('',#4750,#4751,#5323,.F.);
#3673=EDGE_CURVE('',#4751,#4752,#742,.F.);
#3674=EDGE_CURVE('',#4752,#4753,#5324,.F.);
#3675=EDGE_CURVE('',#4753,#4754,#743,.F.);
#3676=EDGE_CURVE('',#4754,#4749,#5325,.F.);
#3677=EDGE_CURVE('',#4351,#4755,#744,.F.);
#3678=EDGE_CURVE('',#4755,#4756,#5326,.T.);
#3679=EDGE_CURVE('',#4756,#4338,#745,.F.);
#3680=EDGE_CURVE('',#4343,#4757,#746,.F.);
#3681=EDGE_CURVE('',#4757,#4758,#5327,.T.);
#3682=EDGE_CURVE('',#4758,#4759,#747,.T.);
#3683=EDGE_CURVE('',#4759,#4760,#5328,.T.);
#3684=EDGE_CURVE('',#4760,#4761,#748,.T.);
#3685=EDGE_CURVE('',#4761,#4762,#749,.F.);
#3686=EDGE_CURVE('',#4763,#4762,#5329,.T.);
#3687=EDGE_CURVE('',#4364,#4763,#750,.T.);
#3688=EDGE_CURVE('',#4363,#4764,#751,.F.);
#3689=EDGE_CURVE('',#4764,#4765,#5330,.T.);
#3690=EDGE_CURVE('',#4765,#4354,#752,.F.);
#3691=EDGE_CURVE('',#4359,#4766,#753,.F.);
#3692=EDGE_CURVE('',#4766,#4767,#754,.T.);
#3693=EDGE_CURVE('',#4767,#4346,#755,.F.);
#3694=EDGE_CURVE('',#4768,#4768,#756,.T.);
#3695=EDGE_CURVE('',#4762,#4656,#5331,.T.);
#3696=EDGE_CURVE('',#4763,#4655,#5332,.T.);
#3697=EDGE_CURVE('',#4624,#4710,#310,.T.);
#3698=EDGE_CURVE('',#4703,#4621,#311,.F.);
#3699=EDGE_CURVE('',#4704,#4619,#154,.F.);
#3700=EDGE_CURVE('',#4625,#4709,#155,.T.);
#3701=EDGE_CURVE('',#4705,#4618,#312,.F.);
#3702=EDGE_CURVE('',#4696,#4708,#156,.T.);
#3703=EDGE_CURVE('',#4706,#4615,#313,.F.);
#3704=EDGE_CURVE('',#4614,#4707,#157,.T.);
#3705=EDGE_CURVE('',#4608,#4333,#757,.T.);
#3706=EDGE_CURVE('',#4741,#4332,#758,.T.);
#3707=EDGE_CURVE('',#4738,#4331,#759,.T.);
#3708=EDGE_CURVE('',#4737,#4330,#760,.T.);
#3709=EDGE_CURVE('',#4734,#4329,#761,.T.);
#3710=EDGE_CURVE('',#4733,#4329,#762,.T.);
#3711=EDGE_CURVE('',#4731,#4328,#158,.F.);
#3712=EDGE_CURVE('',#4729,#4327,#159,.F.);
#3713=EDGE_CURVE('',#4726,#4326,#763,.T.);
#3714=EDGE_CURVE('',#4725,#4326,#764,.T.);
#3715=EDGE_CURVE('',#4722,#4325,#765,.T.);
#3716=EDGE_CURVE('',#4719,#4324,#766,.T.);
#3717=EDGE_CURVE('',#4720,#4323,#767,.T.);
#3718=EDGE_CURVE('',#4742,#4745,#768,.T.);
#3719=EDGE_CURVE('',#4743,#4742,#769,.T.);
#3720=EDGE_CURVE('',#4743,#4745,#770,.F.);
#3721=EDGE_CURVE('',#4717,#4744,#160,.T.);
#3722=EDGE_CURVE('',#4769,#4698,#5333,.T.);
#3723=EDGE_CURVE('',#4769,#4770,#5334,.T.);
#3724=EDGE_CURVE('',#4770,#4700,#5335,.T.);
#3725=EDGE_CURVE('',#4714,#4769,#5336,.F.);
#3726=EDGE_CURVE('',#4597,#4699,#5337,.T.);
#3727=EDGE_CURVE('',#4599,#4701,#5338,.T.);
#3728=EDGE_CURVE('',#4770,#4580,#5339,.T.);
#3729=EDGE_CURVE('',#4715,#4770,#161,.F.);
#3730=EDGE_CURVE('',#4716,#4769,#162,.F.);
#3731=EDGE_CURVE('',#4691,#4693,#771,.T.);
#3732=EDGE_CURVE('',#4692,#4687,#772,.T.);
#3733=EDGE_CURVE('',#4633,#4740,#773,.T.);
#3734=EDGE_CURVE('',#4634,#4739,#774,.T.);
#3735=EDGE_CURVE('',#4635,#4736,#775,.T.);
#3736=EDGE_CURVE('',#4636,#4735,#776,.T.);
#3737=EDGE_CURVE('',#4636,#4732,#777,.T.);
#3738=EDGE_CURVE('',#4637,#4730,#163,.F.);
#3739=EDGE_CURVE('',#4638,#4728,#164,.F.);
#3740=EDGE_CURVE('',#4639,#4727,#778,.T.);
#3741=EDGE_CURVE('',#4639,#4724,#779,.T.);
#3742=EDGE_CURVE('',#4627,#4723,#780,.T.);
#3743=EDGE_CURVE('',#4628,#4718,#781,.T.);
#3744=EDGE_CURVE('',#4771,#4772,#5340,.T.);
#3745=EDGE_CURVE('',#4773,#4771,#5341,.T.);
#3746=EDGE_CURVE('',#4773,#4774,#5342,.T.);
#3747=EDGE_CURVE('',#4774,#4772,#5343,.T.);
#3748=EDGE_CURVE('',#4775,#4771,#5344,.T.);
#3749=EDGE_CURVE('',#4776,#4775,#5345,.T.);
#3750=EDGE_CURVE('',#4776,#4773,#5346,.T.);
#3751=EDGE_CURVE('',#4777,#4775,#314,.T.);
#3752=EDGE_CURVE('',#4778,#4777,#5347,.T.);
#3753=EDGE_CURVE('',#4778,#4776,#315,.T.);
#3754=EDGE_CURVE('',#4779,#4777,#316,.T.);
#3755=EDGE_CURVE('',#4780,#4779,#5348,.T.);
#3756=EDGE_CURVE('',#4780,#4778,#317,.T.);
#3757=EDGE_CURVE('',#4781,#4779,#782,.T.);
#3758=EDGE_CURVE('',#4782,#4781,#5349,.T.);
#3759=EDGE_CURVE('',#4782,#4780,#783,.T.);
#3760=EDGE_CURVE('',#4783,#4781,#784,.T.);
#3761=EDGE_CURVE('',#4784,#4783,#5350,.T.);
#3762=EDGE_CURVE('',#4784,#4782,#785,.T.);
#3763=EDGE_CURVE('',#4785,#4783,#318,.T.);
#3764=EDGE_CURVE('',#4786,#4785,#5351,.T.);
#3765=EDGE_CURVE('',#4786,#4784,#319,.T.);
#3766=EDGE_CURVE('',#4787,#4785,#320,.T.);
#3767=EDGE_CURVE('',#4788,#4787,#5352,.T.);
#3768=EDGE_CURVE('',#4788,#4786,#321,.T.);
#3769=EDGE_CURVE('',#4789,#4472,#5353,.T.);
#3770=EDGE_CURVE('',#4789,#4790,#322,.T.);
#3771=EDGE_CURVE('',#4790,#4473,#5354,.T.);
#3772=EDGE_CURVE('',#4791,#4471,#5355,.T.);
#3773=EDGE_CURVE('',#4791,#4789,#323,.T.);
#3774=EDGE_CURVE('',#4792,#4494,#5356,.T.);
#3775=EDGE_CURVE('',#4792,#4791,#324,.T.);
#3776=EDGE_CURVE('',#4793,#4493,#5357,.T.);
#3777=EDGE_CURVE('',#4793,#4792,#5358,.T.);
#3778=EDGE_CURVE('',#4794,#4492,#5359,.T.);
#3779=EDGE_CURVE('',#4794,#4793,#5360,.T.);
#3780=EDGE_CURVE('',#4795,#4491,#5361,.T.);
#3781=EDGE_CURVE('',#4795,#4794,#5362,.T.);
#3782=EDGE_CURVE('',#4796,#4490,#5363,.T.);
#3783=EDGE_CURVE('',#4796,#4795,#325,.T.);
#3784=EDGE_CURVE('',#4797,#4489,#5364,.T.);
#3785=EDGE_CURVE('',#4797,#4796,#326,.T.);
#3786=EDGE_CURVE('',#4798,#4488,#5365,.T.);
#3787=EDGE_CURVE('',#4798,#4797,#786,.T.);
#3788=EDGE_CURVE('',#4799,#4487,#5366,.T.);
#3789=EDGE_CURVE('',#4799,#4798,#787,.T.);
#3790=EDGE_CURVE('',#4800,#4486,#5367,.T.);
#3791=EDGE_CURVE('',#4800,#4799,#327,.T.);
#3792=EDGE_CURVE('',#4801,#4485,#5368,.T.);
#3793=EDGE_CURVE('',#4801,#4800,#328,.T.);
#3794=EDGE_CURVE('',#4802,#4484,#5369,.T.);
#3795=EDGE_CURVE('',#4802,#4801,#5370,.T.);
#3796=EDGE_CURVE('',#4803,#4483,#5371,.T.);
#3797=EDGE_CURVE('',#4803,#4802,#5372,.T.);
#3798=EDGE_CURVE('',#4804,#4482,#5373,.T.);
#3799=EDGE_CURVE('',#4804,#4803,#5374,.T.);
#3800=EDGE_CURVE('',#4805,#4481,#5375,.T.);
#3801=EDGE_CURVE('',#4805,#4804,#329,.T.);
#3802=EDGE_CURVE('',#4806,#4480,#5376,.T.);
#3803=EDGE_CURVE('',#4806,#4805,#788,.F.);
#3804=EDGE_CURVE('',#4807,#4479,#5377,.T.);
#3805=EDGE_CURVE('',#4807,#4806,#330,.T.);
#3806=EDGE_CURVE('',#4808,#4478,#5378,.T.);
#3807=EDGE_CURVE('',#4808,#4807,#331,.T.);
#3808=EDGE_CURVE('',#4809,#4477,#5379,.T.);
#3809=EDGE_CURVE('',#4809,#4808,#332,.T.);
#3810=EDGE_CURVE('',#4810,#4476,#5380,.T.);
#3811=EDGE_CURVE('',#4810,#4809,#333,.T.);
#3812=EDGE_CURVE('',#4811,#4475,#5381,.T.);
#3813=EDGE_CURVE('',#4811,#4810,#5382,.T.);
#3814=EDGE_CURVE('',#4812,#4474,#5383,.T.);
#3815=EDGE_CURVE('',#4812,#4811,#334,.T.);
#3816=EDGE_CURVE('',#4790,#4812,#789,.F.);
#3817=EDGE_CURVE('',#4772,#4787,#5384,.T.);
#3818=EDGE_CURVE('',#4774,#4788,#5385,.T.);
#3819=EDGE_CURVE('',#4813,#4451,#5386,.T.);
#3820=EDGE_CURVE('',#4813,#4814,#335,.T.);
#3821=EDGE_CURVE('',#4814,#4452,#5387,.T.);
#3822=EDGE_CURVE('',#4815,#4450,#5388,.T.);
#3823=EDGE_CURVE('',#4815,#4813,#790,.F.);
#3824=EDGE_CURVE('',#4816,#4470,#5389,.T.);
#3825=EDGE_CURVE('',#4816,#4815,#791,.F.);
#3826=EDGE_CURVE('',#4817,#4469,#5390,.T.);
#3827=EDGE_CURVE('',#4817,#4816,#5391,.T.);
#3828=EDGE_CURVE('',#4818,#4468,#5392,.T.);
#3829=EDGE_CURVE('',#4818,#4817,#792,.F.);
#3830=EDGE_CURVE('',#4819,#4467,#5393,.T.);
#3831=EDGE_CURVE('',#4819,#4818,#793,.T.);
#3832=EDGE_CURVE('',#4820,#4466,#5394,.T.);
#3833=EDGE_CURVE('',#4820,#4819,#336,.T.);
#3834=EDGE_CURVE('',#4821,#4465,#5395,.T.);
#3835=EDGE_CURVE('',#4821,#4820,#337,.T.);
#3836=EDGE_CURVE('',#4822,#4464,#5396,.T.);
#3837=EDGE_CURVE('',#4822,#4821,#5397,.T.);
#3838=EDGE_CURVE('',#4823,#4463,#5398,.T.);
#3839=EDGE_CURVE('',#4823,#4822,#5399,.T.);
#3840=EDGE_CURVE('',#4824,#4462,#5400,.T.);
#3841=EDGE_CURVE('',#4824,#4823,#5401,.T.);
#3842=EDGE_CURVE('',#4825,#4461,#5402,.T.);
#3843=EDGE_CURVE('',#4825,#4824,#5403,.T.);
#3844=EDGE_CURVE('',#4826,#4460,#5404,.T.);
#3845=EDGE_CURVE('',#4826,#4825,#5405,.T.);
#3846=EDGE_CURVE('',#4827,#4459,#5406,.T.);
#3847=EDGE_CURVE('',#4827,#4826,#5407,.T.);
#3848=EDGE_CURVE('',#4828,#4458,#5408,.T.);
#3849=EDGE_CURVE('',#4828,#4827,#5409,.T.);
#3850=EDGE_CURVE('',#4829,#4457,#5410,.T.);
#3851=EDGE_CURVE('',#4829,#4828,#5411,.T.);
#3852=EDGE_CURVE('',#4830,#4456,#5412,.T.);
#3853=EDGE_CURVE('',#4830,#4829,#5413,.T.);
#3854=EDGE_CURVE('',#4831,#4455,#5414,.T.);
#3855=EDGE_CURVE('',#4831,#4830,#5415,.T.);
#3856=EDGE_CURVE('',#4832,#4454,#5416,.T.);
#3857=EDGE_CURVE('',#4832,#4831,#5417,.T.);
#3858=EDGE_CURVE('',#4833,#4453,#5418,.T.);
#3859=EDGE_CURVE('',#4833,#4832,#338,.T.);
#3860=EDGE_CURVE('',#4814,#4833,#339,.T.);
#3861=EDGE_CURVE('',#4834,#4437,#5419,.T.);
#3862=EDGE_CURVE('',#4834,#4835,#5420,.T.);
#3863=EDGE_CURVE('',#4835,#4438,#5421,.T.);
#3864=EDGE_CURVE('',#4836,#4436,#5422,.T.);
#3865=EDGE_CURVE('',#4836,#4834,#5423,.T.);
#3866=EDGE_CURVE('',#4837,#4449,#5424,.T.);
#3867=EDGE_CURVE('',#4837,#4836,#5425,.T.);
#3868=EDGE_CURVE('',#4838,#4448,#5426,.T.);
#3869=EDGE_CURVE('',#4838,#4837,#340,.T.);
#3870=EDGE_CURVE('',#4839,#4447,#5427,.T.);
#3871=EDGE_CURVE('',#4839,#4838,#794,.T.);
#3872=EDGE_CURVE('',#4840,#4446,#5428,.T.);
#3873=EDGE_CURVE('',#4840,#4839,#795,.T.);
#3874=EDGE_CURVE('',#4841,#4445,#5429,.T.);
#3875=EDGE_CURVE('',#4841,#4840,#796,.T.);
#3876=EDGE_CURVE('',#4842,#4444,#5430,.T.);
#3877=EDGE_CURVE('',#4842,#4841,#5431,.T.);
#3878=EDGE_CURVE('',#4843,#4443,#5432,.T.);
#3879=EDGE_CURVE('',#4843,#4842,#797,.F.);
#3880=EDGE_CURVE('',#4844,#4442,#5433,.T.);
#3881=EDGE_CURVE('',#4844,#4843,#798,.F.);
#3882=EDGE_CURVE('',#4845,#4441,#5434,.T.);
#3883=EDGE_CURVE('',#4845,#4844,#341,.T.);
#3884=EDGE_CURVE('',#4846,#4440,#5435,.T.);
#3885=EDGE_CURVE('',#4846,#4845,#342,.T.);
#3886=EDGE_CURVE('',#4847,#4439,#5436,.T.);
#3887=EDGE_CURVE('',#4847,#4846,#5437,.T.);
#3888=EDGE_CURVE('',#4835,#4847,#5438,.T.);
#3889=EDGE_CURVE('',#4848,#4403,#5439,.T.);
#3890=EDGE_CURVE('',#4848,#4849,#343,.T.);
#3891=EDGE_CURVE('',#4849,#4404,#5440,.T.);
#3892=EDGE_CURVE('',#4850,#4402,#5441,.T.);
#3893=EDGE_CURVE('',#4850,#4848,#344,.T.);
#3894=EDGE_CURVE('',#4851,#4435,#5442,.T.);
#3895=EDGE_CURVE('',#4851,#4850,#799,.F.);
#3896=EDGE_CURVE('',#4852,#4434,#5443,.T.);
#3897=EDGE_CURVE('',#4852,#4851,#345,.T.);
#3898=EDGE_CURVE('',#4853,#4433,#5444,.T.);
#3899=EDGE_CURVE('',#4853,#4852,#346,.T.);
#3900=EDGE_CURVE('',#4854,#4432,#5445,.T.);
#3901=EDGE_CURVE('',#4854,#4853,#800,.F.);
#3902=EDGE_CURVE('',#4855,#4431,#5446,.T.);
#3903=EDGE_CURVE('',#4855,#4854,#5447,.T.);
#3904=EDGE_CURVE('',#4856,#4430,#5448,.T.);
#3905=EDGE_CURVE('',#4856,#4855,#347,.T.);
#3906=EDGE_CURVE('',#4857,#4429,#5449,.T.);
#3907=EDGE_CURVE('',#4857,#4856,#348,.T.);
#3908=EDGE_CURVE('',#4858,#4428,#5450,.T.);
#3909=EDGE_CURVE('',#4858,#4857,#349,.T.);
#3910=EDGE_CURVE('',#4859,#4427,#5451,.T.);
#3911=EDGE_CURVE('',#4859,#4858,#350,.T.);
#3912=EDGE_CURVE('',#4860,#4426,#5452,.T.);
#3913=EDGE_CURVE('',#4860,#4859,#351,.T.);
#3914=EDGE_CURVE('',#4861,#4425,#5453,.T.);
#3915=EDGE_CURVE('',#4861,#4860,#352,.T.);
#3916=EDGE_CURVE('',#4862,#4424,#5454,.T.);
#3917=EDGE_CURVE('',#4862,#4861,#801,.T.);
#3918=EDGE_CURVE('',#4863,#4423,#5455,.T.);
#3919=EDGE_CURVE('',#4863,#4862,#5456,.T.);
#3920=EDGE_CURVE('',#4864,#4422,#5457,.T.);
#3921=EDGE_CURVE('',#4864,#4863,#802,.F.);
#3922=EDGE_CURVE('',#4865,#4421,#5458,.T.);
#3923=EDGE_CURVE('',#4865,#4864,#803,.F.);
#3924=EDGE_CURVE('',#4866,#4420,#5459,.T.);
#3925=EDGE_CURVE('',#4866,#4865,#353,.T.);
#3926=EDGE_CURVE('',#4867,#4419,#5460,.T.);
#3927=EDGE_CURVE('',#4867,#4866,#354,.T.);
#3928=EDGE_CURVE('',#4868,#4418,#5461,.T.);
#3929=EDGE_CURVE('',#4868,#4867,#355,.T.);
#3930=EDGE_CURVE('',#4869,#4417,#5462,.T.);
#3931=EDGE_CURVE('',#4869,#4868,#356,.T.);
#3932=EDGE_CURVE('',#4870,#4416,#5463,.T.);
#3933=EDGE_CURVE('',#4870,#4869,#357,.T.);
#3934=EDGE_CURVE('',#4871,#4415,#5464,.T.);
#3935=EDGE_CURVE('',#4871,#4870,#804,.F.);
#3936=EDGE_CURVE('',#4872,#4414,#5465,.T.);
#3937=EDGE_CURVE('',#4872,#4871,#5466,.T.);
#3938=EDGE_CURVE('',#4873,#4413,#5467,.T.);
#3939=EDGE_CURVE('',#4873,#4872,#358,.T.);
#3940=EDGE_CURVE('',#4874,#4412,#5468,.T.);
#3941=EDGE_CURVE('',#4874,#4873,#359,.T.);
#3942=EDGE_CURVE('',#4875,#4411,#5469,.T.);
#3943=EDGE_CURVE('',#4875,#4874,#805,.T.);
#3944=EDGE_CURVE('',#4876,#4410,#5470,.T.);
#3945=EDGE_CURVE('',#4876,#4875,#360,.T.);
#3946=EDGE_CURVE('',#4877,#4409,#5471,.T.);
#3947=EDGE_CURVE('',#4877,#4876,#806,.T.);
#3948=EDGE_CURVE('',#4878,#4408,#5472,.T.);
#3949=EDGE_CURVE('',#4878,#4877,#361,.T.);
#3950=EDGE_CURVE('',#4879,#4407,#5473,.T.);
#3951=EDGE_CURVE('',#4879,#4878,#362,.T.);
#3952=EDGE_CURVE('',#4880,#4406,#5474,.T.);
#3953=EDGE_CURVE('',#4880,#4879,#5475,.T.);
#3954=EDGE_CURVE('',#4881,#4405,#5476,.T.);
#3955=EDGE_CURVE('',#4881,#4880,#363,.T.);
#3956=EDGE_CURVE('',#4849,#4881,#364,.T.);
#3957=EDGE_CURVE('',#4882,#4386,#5477,.T.);
#3958=EDGE_CURVE('',#4882,#4883,#5478,.T.);
#3959=EDGE_CURVE('',#4883,#4387,#5479,.T.);
#3960=EDGE_CURVE('',#4884,#4385,#5480,.T.);
#3961=EDGE_CURVE('',#4884,#4882,#5481,.T.);
#3962=EDGE_CURVE('',#4885,#4401,#5482,.T.);
#3963=EDGE_CURVE('',#4885,#4884,#5483,.T.);
#3964=EDGE_CURVE('',#4886,#4400,#5484,.T.);
#3965=EDGE_CURVE('',#4886,#4885,#807,.T.);
#3966=EDGE_CURVE('',#4887,#4399,#5485,.T.);
#3967=EDGE_CURVE('',#4887,#4886,#365,.T.);
#3968=EDGE_CURVE('',#4888,#4398,#5486,.T.);
#3969=EDGE_CURVE('',#4888,#4887,#366,.T.);
#3970=EDGE_CURVE('',#4889,#4397,#5487,.T.);
#3971=EDGE_CURVE('',#4889,#4888,#367,.T.);
#3972=EDGE_CURVE('',#4890,#4396,#5488,.T.);
#3973=EDGE_CURVE('',#4890,#4889,#5489,.T.);
#3974=EDGE_CURVE('',#4891,#4395,#5490,.T.);
#3975=EDGE_CURVE('',#4891,#4890,#5491,.T.);
#3976=EDGE_CURVE('',#4892,#4394,#5492,.T.);
#3977=EDGE_CURVE('',#4892,#4891,#5493,.T.);
#3978=EDGE_CURVE('',#4893,#4393,#5494,.T.);
#3979=EDGE_CURVE('',#4893,#4892,#368,.T.);
#3980=EDGE_CURVE('',#4894,#4392,#5495,.T.);
#3981=EDGE_CURVE('',#4894,#4893,#369,.T.);
#3982=EDGE_CURVE('',#4895,#4391,#5496,.T.);
#3983=EDGE_CURVE('',#4895,#4894,#370,.T.);
#3984=EDGE_CURVE('',#4896,#4390,#5497,.T.);
#3985=EDGE_CURVE('',#4896,#4895,#808,.F.);
#3986=EDGE_CURVE('',#4897,#4389,#5498,.T.);
#3987=EDGE_CURVE('',#4897,#4896,#371,.T.);
#3988=EDGE_CURVE('',#4898,#4388,#5499,.T.);
#3989=EDGE_CURVE('',#4898,#4897,#5500,.T.);
#3990=EDGE_CURVE('',#4883,#4898,#5501,.T.);
#3991=EDGE_CURVE('',#4899,#4900,#5502,.T.);
#3992=EDGE_CURVE('',#4901,#4899,#5503,.T.);
#3993=EDGE_CURVE('',#4901,#4902,#5504,.T.);
#3994=EDGE_CURVE('',#4902,#4900,#5505,.T.);
#3995=EDGE_CURVE('',#4903,#4899,#5506,.T.);
#3996=EDGE_CURVE('',#4904,#4903,#5507,.T.);
#3997=EDGE_CURVE('',#4904,#4901,#5508,.T.);
#3998=EDGE_CURVE('',#4905,#4903,#372,.T.);
#3999=EDGE_CURVE('',#4906,#4905,#5509,.T.);
#4000=EDGE_CURVE('',#4906,#4904,#373,.T.);
#4001=EDGE_CURVE('',#4907,#4905,#374,.T.);
#4002=EDGE_CURVE('',#4908,#4907,#5510,.T.);
#4003=EDGE_CURVE('',#4908,#4906,#375,.T.);
#4004=EDGE_CURVE('',#4909,#4907,#809,.T.);
#4005=EDGE_CURVE('',#4910,#4909,#5511,.T.);
#4006=EDGE_CURVE('',#4910,#4908,#810,.T.);
#4007=EDGE_CURVE('',#4911,#4909,#811,.T.);
#4008=EDGE_CURVE('',#4912,#4911,#5512,.T.);
#4009=EDGE_CURVE('',#4912,#4910,#812,.T.);
#4010=EDGE_CURVE('',#4913,#4911,#376,.T.);
#4011=EDGE_CURVE('',#4914,#4913,#5513,.T.);
#4012=EDGE_CURVE('',#4914,#4912,#377,.T.);
#4013=EDGE_CURVE('',#4915,#4913,#378,.T.);
#4014=EDGE_CURVE('',#4916,#4915,#5514,.T.);
#4015=EDGE_CURVE('',#4916,#4914,#379,.T.);
#4016=EDGE_CURVE('',#4917,#4497,#5515,.T.);
#4017=EDGE_CURVE('',#4917,#4918,#380,.T.);
#4018=EDGE_CURVE('',#4918,#4498,#5516,.T.);
#4019=EDGE_CURVE('',#4919,#4496,#5517,.T.);
#4020=EDGE_CURVE('',#4919,#4917,#381,.T.);
#4021=EDGE_CURVE('',#4920,#4519,#5518,.T.);
#4022=EDGE_CURVE('',#4920,#4919,#382,.T.);
#4023=EDGE_CURVE('',#4921,#4518,#5519,.T.);
#4024=EDGE_CURVE('',#4921,#4920,#5520,.T.);
#4025=EDGE_CURVE('',#4922,#4517,#5521,.T.);
#4026=EDGE_CURVE('',#4922,#4921,#5522,.T.);
#4027=EDGE_CURVE('',#4923,#4516,#5523,.T.);
#4028=EDGE_CURVE('',#4923,#4922,#5524,.T.);
#4029=EDGE_CURVE('',#4924,#4515,#5525,.T.);
#4030=EDGE_CURVE('',#4924,#4923,#383,.T.);
#4031=EDGE_CURVE('',#4925,#4514,#5526,.T.);
#4032=EDGE_CURVE('',#4925,#4924,#384,.T.);
#4033=EDGE_CURVE('',#4926,#4513,#5527,.T.);
#4034=EDGE_CURVE('',#4926,#4925,#813,.T.);
#4035=EDGE_CURVE('',#4927,#4512,#5528,.T.);
#4036=EDGE_CURVE('',#4927,#4926,#814,.T.);
#4037=EDGE_CURVE('',#4928,#4511,#5529,.T.);
#4038=EDGE_CURVE('',#4928,#4927,#385,.T.);
#4039=EDGE_CURVE('',#4929,#4510,#5530,.T.);
#4040=EDGE_CURVE('',#4929,#4928,#386,.T.);
#4041=EDGE_CURVE('',#4930,#4509,#5531,.T.);
#4042=EDGE_CURVE('',#4930,#4929,#5532,.T.);
#4043=EDGE_CURVE('',#4931,#4508,#5533,.T.);
#4044=EDGE_CURVE('',#4931,#4930,#5534,.T.);
#4045=EDGE_CURVE('',#4932,#4507,#5535,.T.);
#4046=EDGE_CURVE('',#4932,#4931,#5536,.T.);
#4047=EDGE_CURVE('',#4933,#4506,#5537,.T.);
#4048=EDGE_CURVE('',#4933,#4932,#387,.T.);
#4049=EDGE_CURVE('',#4934,#4505,#5538,.T.);
#4050=EDGE_CURVE('',#4934,#4933,#815,.F.);
#4051=EDGE_CURVE('',#4935,#4504,#5539,.T.);
#4052=EDGE_CURVE('',#4935,#4934,#388,.T.);
#4053=EDGE_CURVE('',#4936,#4503,#5540,.T.);
#4054=EDGE_CURVE('',#4936,#4935,#389,.T.);
#4055=EDGE_CURVE('',#4937,#4502,#5541,.T.);
#4056=EDGE_CURVE('',#4937,#4936,#390,.T.);
#4057=EDGE_CURVE('',#4938,#4501,#5542,.T.);
#4058=EDGE_CURVE('',#4938,#4937,#391,.T.);
#4059=EDGE_CURVE('',#4939,#4500,#5543,.T.);
#4060=EDGE_CURVE('',#4939,#4938,#5544,.T.);
#4061=EDGE_CURVE('',#4940,#4499,#5545,.T.);
#4062=EDGE_CURVE('',#4940,#4939,#392,.T.);
#4063=EDGE_CURVE('',#4918,#4940,#816,.F.);
#4064=EDGE_CURVE('',#4900,#4915,#5546,.T.);
#4065=EDGE_CURVE('',#4902,#4916,#5547,.T.);
#4066=EDGE_CURVE('',#4941,#4942,#393,.T.);
#4067=EDGE_CURVE('',#4943,#4941,#5548,.T.);
#4068=EDGE_CURVE('',#4943,#4944,#394,.T.);
#4069=EDGE_CURVE('',#4944,#4942,#5549,.T.);
#4070=EDGE_CURVE('',#4945,#4941,#395,.T.);
#4071=EDGE_CURVE('',#4946,#4945,#5550,.T.);
#4072=EDGE_CURVE('',#4946,#4943,#396,.T.);
#4073=EDGE_CURVE('',#4947,#4945,#397,.T.);
#4074=EDGE_CURVE('',#4948,#4947,#5551,.T.);
#4075=EDGE_CURVE('',#4948,#4946,#398,.T.);
#4076=EDGE_CURVE('',#4949,#4947,#399,.T.);
#4077=EDGE_CURVE('',#4950,#4949,#5552,.T.);
#4078=EDGE_CURVE('',#4950,#4948,#400,.T.);
#4079=EDGE_CURVE('',#4951,#4949,#5553,.T.);
#4080=EDGE_CURVE('',#4952,#4951,#5554,.T.);
#4081=EDGE_CURVE('',#4952,#4950,#5555,.T.);
#4082=EDGE_CURVE('',#4953,#4951,#401,.T.);
#4083=EDGE_CURVE('',#4954,#4953,#5556,.T.);
#4084=EDGE_CURVE('',#4954,#4952,#402,.T.);
#4085=EDGE_CURVE('',#4955,#4953,#403,.T.);
#4086=EDGE_CURVE('',#4956,#4955,#5557,.T.);
#4087=EDGE_CURVE('',#4956,#4954,#404,.T.);
#4088=EDGE_CURVE('',#4957,#4955,#405,.T.);
#4089=EDGE_CURVE('',#4958,#4957,#5558,.T.);
#4090=EDGE_CURVE('',#4958,#4956,#406,.T.);
#4091=EDGE_CURVE('',#4959,#4957,#407,.T.);
#4092=EDGE_CURVE('',#4960,#4959,#5559,.T.);
#4093=EDGE_CURVE('',#4960,#4958,#408,.T.);
#4094=EDGE_CURVE('',#4961,#4959,#409,.T.);
#4095=EDGE_CURVE('',#4962,#4961,#5560,.T.);
#4096=EDGE_CURVE('',#4962,#4960,#410,.T.);
#4097=EDGE_CURVE('',#4963,#4961,#817,.T.);
#4098=EDGE_CURVE('',#4964,#4963,#5561,.T.);
#4099=EDGE_CURVE('',#4964,#4962,#818,.T.);
#4100=EDGE_CURVE('',#4965,#4963,#5562,.T.);
#4101=EDGE_CURVE('',#4966,#4965,#5563,.T.);
#4102=EDGE_CURVE('',#4966,#4964,#5564,.T.);
#4103=EDGE_CURVE('',#4967,#4965,#819,.T.);
#4104=EDGE_CURVE('',#4968,#4967,#5565,.T.);
#4105=EDGE_CURVE('',#4968,#4966,#820,.T.);
#4106=EDGE_CURVE('',#4969,#4372,#5566,.T.);
#4107=EDGE_CURVE('',#4969,#4970,#411,.T.);
#4108=EDGE_CURVE('',#4970,#4373,#5567,.T.);
#4109=EDGE_CURVE('',#4971,#4371,#5568,.T.);
#4110=EDGE_CURVE('',#4971,#4969,#412,.T.);
#4111=EDGE_CURVE('',#4972,#4384,#5569,.T.);
#4112=EDGE_CURVE('',#4972,#4971,#821,.F.);
#4113=EDGE_CURVE('',#4973,#4383,#5570,.T.);
#4114=EDGE_CURVE('',#4973,#4972,#413,.T.);
#4115=EDGE_CURVE('',#4974,#4382,#5571,.T.);
#4116=EDGE_CURVE('',#4974,#4973,#5572,.T.);
#4117=EDGE_CURVE('',#4975,#4381,#5573,.T.);
#4118=EDGE_CURVE('',#4975,#4974,#414,.T.);
#4119=EDGE_CURVE('',#4976,#4380,#5574,.T.);
#4120=EDGE_CURVE('',#4976,#4975,#822,.F.);
#4121=EDGE_CURVE('',#4977,#4379,#5575,.T.);
#4122=EDGE_CURVE('',#4977,#4976,#415,.T.);
#4123=EDGE_CURVE('',#4978,#4378,#5576,.T.);
#4124=EDGE_CURVE('',#4978,#4977,#416,.T.);
#4125=EDGE_CURVE('',#4979,#4377,#5577,.T.);
#4126=EDGE_CURVE('',#4979,#4978,#417,.T.);
#4127=EDGE_CURVE('',#4980,#4376,#5578,.T.);
#4128=EDGE_CURVE('',#4980,#4979,#418,.T.);
#4129=EDGE_CURVE('',#4981,#4375,#5579,.T.);
#4130=EDGE_CURVE('',#4981,#4980,#5580,.T.);
#4131=EDGE_CURVE('',#4982,#4374,#5581,.T.);
#4132=EDGE_CURVE('',#4982,#4981,#419,.T.);
#4133=EDGE_CURVE('',#4970,#4982,#420,.T.);
#4134=EDGE_CURVE('',#4942,#4967,#421,.T.);
#4135=EDGE_CURVE('',#4944,#4968,#422,.T.);
#4136=EDGE_CURVE('',#4983,#4984,#423,.T.);
#4137=EDGE_CURVE('',#4985,#4983,#5582,.T.);
#4138=EDGE_CURVE('',#4985,#4986,#424,.T.);
#4139=EDGE_CURVE('',#4986,#4984,#5583,.T.);
#4140=EDGE_CURVE('',#4987,#4983,#425,.T.);
#4141=EDGE_CURVE('',#4988,#4987,#5584,.T.);
#4142=EDGE_CURVE('',#4988,#4985,#426,.T.);
#4143=EDGE_CURVE('',#4989,#4987,#427,.T.);
#4144=EDGE_CURVE('',#4990,#4989,#5585,.T.);
#4145=EDGE_CURVE('',#4990,#4988,#428,.T.);
#4146=EDGE_CURVE('',#4991,#4989,#429,.T.);
#4147=EDGE_CURVE('',#4992,#4991,#5586,.T.);
#4148=EDGE_CURVE('',#4992,#4990,#430,.T.);
#4149=EDGE_CURVE('',#4993,#4991,#5587,.T.);
#4150=EDGE_CURVE('',#4994,#4993,#5588,.T.);
#4151=EDGE_CURVE('',#4994,#4992,#5589,.T.);
#4152=EDGE_CURVE('',#4995,#4993,#431,.T.);
#4153=EDGE_CURVE('',#4996,#4995,#5590,.T.);
#4154=EDGE_CURVE('',#4996,#4994,#432,.T.);
#4155=EDGE_CURVE('',#4997,#4995,#433,.T.);
#4156=EDGE_CURVE('',#4998,#4997,#5591,.T.);
#4157=EDGE_CURVE('',#4998,#4996,#434,.T.);
#4158=EDGE_CURVE('',#4999,#4997,#435,.T.);
#4159=EDGE_CURVE('',#5000,#4999,#5592,.T.);
#4160=EDGE_CURVE('',#5000,#4998,#436,.T.);
#4161=EDGE_CURVE('',#5001,#4999,#437,.T.);
#4162=EDGE_CURVE('',#5002,#5001,#5593,.T.);
#4163=EDGE_CURVE('',#5002,#5000,#438,.T.);
#4164=EDGE_CURVE('',#5003,#5001,#439,.T.);
#4165=EDGE_CURVE('',#5004,#5003,#5594,.T.);
#4166=EDGE_CURVE('',#5004,#5002,#440,.T.);
#4167=EDGE_CURVE('',#5005,#5003,#823,.T.);
#4168=EDGE_CURVE('',#5006,#5005,#5595,.T.);
#4169=EDGE_CURVE('',#5006,#5004,#824,.T.);
#4170=EDGE_CURVE('',#5007,#5005,#5596,.T.);
#4171=EDGE_CURVE('',#5008,#5007,#5597,.T.);
#4172=EDGE_CURVE('',#5008,#5006,#5598,.T.);
#4173=EDGE_CURVE('',#5009,#5007,#825,.T.);
#4174=EDGE_CURVE('',#5010,#5009,#5599,.T.);
#4175=EDGE_CURVE('',#5010,#5008,#826,.T.);
#4176=EDGE_CURVE('',#5011,#4521,#5600,.T.);
#4177=EDGE_CURVE('',#5011,#5012,#441,.T.);
#4178=EDGE_CURVE('',#5012,#4522,#5601,.T.);
#4179=EDGE_CURVE('',#5013,#4520,#5602,.T.);
#4180=EDGE_CURVE('',#5013,#5011,#442,.T.);
#4181=EDGE_CURVE('',#5014,#4533,#5603,.T.);
#4182=EDGE_CURVE('',#5014,#5013,#827,.F.);
#4183=EDGE_CURVE('',#5015,#4532,#5604,.T.);
#4184=EDGE_CURVE('',#5015,#5014,#443,.T.);
#4185=EDGE_CURVE('',#5016,#4531,#5605,.T.);
#4186=EDGE_CURVE('',#5016,#5015,#5606,.T.);
#4187=EDGE_CURVE('',#5017,#4530,#5607,.T.);
#4188=EDGE_CURVE('',#5017,#5016,#444,.T.);
#4189=EDGE_CURVE('',#5018,#4529,#5608,.T.);
#4190=EDGE_CURVE('',#5018,#5017,#828,.F.);
#4191=EDGE_CURVE('',#5019,#4528,#5609,.T.);
#4192=EDGE_CURVE('',#5019,#5018,#445,.T.);
#4193=EDGE_CURVE('',#5020,#4527,#5610,.T.);
#4194=EDGE_CURVE('',#5020,#5019,#446,.T.);
#4195=EDGE_CURVE('',#5021,#4526,#5611,.T.);
#4196=EDGE_CURVE('',#5021,#5020,#447,.T.);
#4197=EDGE_CURVE('',#5022,#4525,#5612,.T.);
#4198=EDGE_CURVE('',#5022,#5021,#448,.T.);
#4199=EDGE_CURVE('',#5023,#4524,#5613,.T.);
#4200=EDGE_CURVE('',#5023,#5022,#5614,.T.);
#4201=EDGE_CURVE('',#5024,#4523,#5615,.T.);
#4202=EDGE_CURVE('',#5024,#5023,#449,.T.);
#4203=EDGE_CURVE('',#5012,#5024,#450,.T.);
#4204=EDGE_CURVE('',#4984,#5009,#451,.T.);
#4205=EDGE_CURVE('',#4986,#5010,#452,.T.);
#4206=EDGE_CURVE('',#5025,#4535,#5616,.T.);
#4207=EDGE_CURVE('',#5025,#5026,#453,.T.);
#4208=EDGE_CURVE('',#5026,#4536,#5617,.T.);
#4209=EDGE_CURVE('',#5027,#4534,#5618,.T.);
#4210=EDGE_CURVE('',#5027,#5025,#829,.F.);
#4211=EDGE_CURVE('',#5028,#4565,#5619,.T.);
#4212=EDGE_CURVE('',#5028,#5027,#830,.F.);
#4213=EDGE_CURVE('',#5029,#4564,#5620,.T.);
#4214=EDGE_CURVE('',#5029,#5028,#454,.T.);
#4215=EDGE_CURVE('',#5030,#4563,#5621,.T.);
#4216=EDGE_CURVE('',#5030,#5029,#455,.T.);
#4217=EDGE_CURVE('',#5031,#4562,#5622,.T.);
#4218=EDGE_CURVE('',#5031,#5030,#831,.F.);
#4219=EDGE_CURVE('',#5032,#4561,#5623,.T.);
#4220=EDGE_CURVE('',#5032,#5031,#832,.F.);
#4221=EDGE_CURVE('',#5033,#4560,#5624,.T.);
#4222=EDGE_CURVE('',#5033,#5032,#5625,.T.);
#4223=EDGE_CURVE('',#5034,#4559,#5626,.T.);
#4224=EDGE_CURVE('',#5034,#5033,#456,.T.);
#4225=EDGE_CURVE('',#5035,#4558,#5627,.T.);
#4226=EDGE_CURVE('',#5035,#5034,#457,.T.);
#4227=EDGE_CURVE('',#5036,#4557,#5628,.T.);
#4228=EDGE_CURVE('',#5036,#5035,#458,.T.);
#4229=EDGE_CURVE('',#5037,#4556,#5629,.T.);
#4230=EDGE_CURVE('',#5037,#5036,#459,.T.);
#4231=EDGE_CURVE('',#5038,#4555,#5630,.T.);
#4232=EDGE_CURVE('',#5038,#5037,#460,.T.);
#4233=EDGE_CURVE('',#5039,#4554,#5631,.T.);
#4234=EDGE_CURVE('',#5039,#5038,#833,.T.);
#4235=EDGE_CURVE('',#5040,#4553,#5632,.T.);
#4236=EDGE_CURVE('',#5040,#5039,#834,.T.);
#4237=EDGE_CURVE('',#5041,#4552,#5633,.T.);
#4238=EDGE_CURVE('',#5041,#5040,#5634,.T.);
#4239=EDGE_CURVE('',#5042,#4551,#5635,.T.);
#4240=EDGE_CURVE('',#5042,#5041,#461,.T.);
#4241=EDGE_CURVE('',#5043,#4550,#5636,.T.);
#4242=EDGE_CURVE('',#5043,#5042,#462,.T.);
#4243=EDGE_CURVE('',#5044,#4549,#5637,.T.);
#4244=EDGE_CURVE('',#5044,#5043,#835,.F.);
#4245=EDGE_CURVE('',#5045,#4548,#5638,.T.);
#4246=EDGE_CURVE('',#5045,#5044,#463,.T.);
#4247=EDGE_CURVE('',#5046,#4547,#5639,.T.);
#4248=EDGE_CURVE('',#5046,#5045,#464,.T.);
#4249=EDGE_CURVE('',#5047,#4546,#5640,.T.);
#4250=EDGE_CURVE('',#5047,#5046,#465,.T.);
#4251=EDGE_CURVE('',#5048,#4545,#5641,.T.);
#4252=EDGE_CURVE('',#5048,#5047,#466,.T.);
#4253=EDGE_CURVE('',#5049,#4544,#5642,.T.);
#4254=EDGE_CURVE('',#5049,#5048,#5643,.T.);
#4255=EDGE_CURVE('',#5050,#4543,#5644,.T.);
#4256=EDGE_CURVE('',#5050,#5049,#467,.T.);
#4257=EDGE_CURVE('',#5051,#4542,#5645,.T.);
#4258=EDGE_CURVE('',#5051,#5050,#468,.T.);
#4259=EDGE_CURVE('',#5052,#4541,#5646,.T.);
#4260=EDGE_CURVE('',#5052,#5051,#469,.T.);
#4261=EDGE_CURVE('',#5053,#4540,#5647,.T.);
#4262=EDGE_CURVE('',#5053,#5052,#470,.T.);
#4263=EDGE_CURVE('',#5054,#4539,#5648,.T.);
#4264=EDGE_CURVE('',#5054,#5053,#471,.T.);
#4265=EDGE_CURVE('',#5055,#4538,#5649,.T.);
#4266=EDGE_CURVE('',#5055,#5054,#472,.T.);
#4267=EDGE_CURVE('',#5056,#4537,#5650,.T.);
#4268=EDGE_CURVE('',#5056,#5055,#5651,.T.);
#4269=EDGE_CURVE('',#5026,#5056,#473,.T.);
#4270=EDGE_CURVE('',#5057,#4567,#5652,.T.);
#4271=EDGE_CURVE('',#5057,#5058,#5653,.T.);
#4272=EDGE_CURVE('',#5058,#4568,#5654,.T.);
#4273=EDGE_CURVE('',#5059,#4566,#5655,.T.);
#4274=EDGE_CURVE('',#5059,#5057,#5656,.T.);
#4275=EDGE_CURVE('',#5060,#4578,#5657,.T.);
#4276=EDGE_CURVE('',#5060,#5059,#5658,.T.);
#4277=EDGE_CURVE('',#5061,#4577,#5659,.T.);
#4278=EDGE_CURVE('',#5061,#5060,#5660,.T.);
#4279=EDGE_CURVE('',#5062,#4576,#5661,.T.);
#4280=EDGE_CURVE('',#5062,#5061,#5662,.T.);
#4281=EDGE_CURVE('',#5063,#4575,#5663,.T.);
#4282=EDGE_CURVE('',#5063,#5062,#5664,.T.);
#4283=EDGE_CURVE('',#5064,#4574,#5665,.T.);
#4284=EDGE_CURVE('',#5064,#5063,#5666,.T.);
#4285=EDGE_CURVE('',#5065,#4573,#5667,.T.);
#4286=EDGE_CURVE('',#5065,#5064,#5668,.T.);
#4287=EDGE_CURVE('',#5066,#4572,#5669,.T.);
#4288=EDGE_CURVE('',#5066,#5065,#5670,.T.);
#4289=EDGE_CURVE('',#5067,#4571,#5671,.T.);
#4290=EDGE_CURVE('',#5067,#5066,#5672,.T.);
#4291=EDGE_CURVE('',#5068,#4570,#5673,.T.);
#4292=EDGE_CURVE('',#5068,#5067,#5674,.T.);
#4293=EDGE_CURVE('',#5069,#4569,#5675,.T.);
#4294=EDGE_CURVE('',#5069,#5068,#5676,.T.);
#4295=EDGE_CURVE('',#5058,#5069,#5677,.T.);
#4296=EDGE_CURVE('',#5070,#5070,#836,.T.);
#4297=EDGE_CURVE('',#5071,#5071,#837,.T.);
#4298=EDGE_CURVE('',#5072,#5072,#838,.T.);
#4299=EDGE_CURVE('',#5073,#5073,#839,.T.);
#4300=EDGE_CURVE('',#5074,#5074,#840,.T.);
#4301=EDGE_CURVE('',#5075,#5075,#841,.T.);
#4302=EDGE_CURVE('',#4758,#4660,#5678,.T.);
#4303=EDGE_CURVE('',#4759,#4659,#5679,.T.);
#4304=EDGE_CURVE('',#4760,#4658,#5680,.T.);
#4305=EDGE_CURVE('',#4657,#4761,#5681,.F.);
#4306=EDGE_CURVE('',#4757,#4661,#5682,.T.);
#4307=EDGE_CURVE('',#4764,#4654,#5683,.T.);
#4308=EDGE_CURVE('',#4653,#4765,#5684,.F.);
#4309=EDGE_CURVE('',#4651,#4767,#5685,.F.);
#4310=EDGE_CURVE('',#4766,#4652,#5686,.T.);
#4311=EDGE_CURVE('',#4755,#4649,#5687,.T.);
#4312=EDGE_CURVE('',#4650,#4756,#5688,.F.);
#4313=EDGE_CURVE('',#4754,#4321,#842,.T.);
#4314=EDGE_CURVE('',#4648,#4753,#843,.T.);
#4315=EDGE_CURVE('',#4584,#4752,#844,.T.);
#4316=EDGE_CURVE('',#4749,#4320,#845,.T.);
#4317=EDGE_CURVE('',#4586,#4751,#846,.T.);
#4318=EDGE_CURVE('',#4750,#4588,#847,.T.);
#4319=VERTEX_POINT('',#10213);
#4320=VERTEX_POINT('',#10214);
#4321=VERTEX_POINT('',#10216);
#4322=VERTEX_POINT('',#10218);
#4323=VERTEX_POINT('',#10220);
#4324=VERTEX_POINT('',#10222);
#4325=VERTEX_POINT('',#10224);
#4326=VERTEX_POINT('',#10226);
#4327=VERTEX_POINT('',#10228);
#4328=VERTEX_POINT('',#10230);
#4329=VERTEX_POINT('',#10232);
#4330=VERTEX_POINT('',#10234);
#4331=VERTEX_POINT('',#10236);
#4332=VERTEX_POINT('',#10238);
#4333=VERTEX_POINT('',#10240);
#4334=VERTEX_POINT('',#10242);
#4335=VERTEX_POINT('',#10244);
#4336=VERTEX_POINT('',#10246);
#4337=VERTEX_POINT('',#10250);
#4338=VERTEX_POINT('',#10251);
#4339=VERTEX_POINT('',#10253);
#4340=VERTEX_POINT('',#10255);
#4341=VERTEX_POINT('',#10259);
#4342=VERTEX_POINT('',#10260);
#4343=VERTEX_POINT('',#10262);
#4344=VERTEX_POINT('',#10264);
#4345=VERTEX_POINT('',#10268);
#4346=VERTEX_POINT('',#10269);
#4347=VERTEX_POINT('',#10271);
#4348=VERTEX_POINT('',#10273);
#4349=VERTEX_POINT('',#10277);
#4350=VERTEX_POINT('',#10278);
#4351=VERTEX_POINT('',#10280);
#4352=VERTEX_POINT('',#10282);
#4353=VERTEX_POINT('',#10286);
#4354=VERTEX_POINT('',#10287);
#4355=VERTEX_POINT('',#10289);
#4356=VERTEX_POINT('',#10291);
#4357=VERTEX_POINT('',#10295);
#4358=VERTEX_POINT('',#10296);
#4359=VERTEX_POINT('',#10298);
#4360=VERTEX_POINT('',#10300);
#4361=VERTEX_POINT('',#10304);
#4362=VERTEX_POINT('',#10305);
#4363=VERTEX_POINT('',#10307);
#4364=VERTEX_POINT('',#10309);
#4365=VERTEX_POINT('',#10313);
#4366=VERTEX_POINT('',#10315);
#4367=VERTEX_POINT('',#10318);
#4368=VERTEX_POINT('',#10320);
#4369=VERTEX_POINT('',#10323);
#4370=VERTEX_POINT('',#10325);
#4371=VERTEX_POINT('',#10330);
#4372=VERTEX_POINT('',#10331);
#4373=VERTEX_POINT('',#10335);
#4374=VERTEX_POINT('',#10339);
#4375=VERTEX_POINT('',#10343);
#4376=VERTEX_POINT('',#10345);
#4377=VERTEX_POINT('',#10349);
#4378=VERTEX_POINT('',#10353);
#4379=VERTEX_POINT('',#10357);
#4380=VERTEX_POINT('',#10361);
#4381=VERTEX_POINT('',#10363);
#4382=VERTEX_POINT('',#10367);
#4383=VERTEX_POINT('',#10369);
#4384=VERTEX_POINT('',#10373);
#4385=VERTEX_POINT('',#10376);
#4386=VERTEX_POINT('',#10377);
#4387=VERTEX_POINT('',#10379);
#4388=VERTEX_POINT('',#10381);
#4389=VERTEX_POINT('',#10383);
#4390=VERTEX_POINT('',#10387);
#4391=VERTEX_POINT('',#10389);
#4392=VERTEX_POINT('',#10393);
#4393=VERTEX_POINT('',#10397);
#4394=VERTEX_POINT('',#10401);
#4395=VERTEX_POINT('',#10403);
#4396=VERTEX_POINT('',#10405);
#4397=VERTEX_POINT('',#10407);
#4398=VERTEX_POINT('',#10411);
#4399=VERTEX_POINT('',#10415);
#4400=VERTEX_POINT('',#10419);
#4401=VERTEX_POINT('',#10421);
#4402=VERTEX_POINT('',#10426);
#4403=VERTEX_POINT('',#10427);
#4404=VERTEX_POINT('',#10431);
#4405=VERTEX_POINT('',#10435);
#4406=VERTEX_POINT('',#10439);
#4407=VERTEX_POINT('',#10441);
#4408=VERTEX_POINT('',#10445);
#4409=VERTEX_POINT('',#10449);
#4410=VERTEX_POINT('',#10451);
#4411=VERTEX_POINT('',#10455);
#4412=VERTEX_POINT('',#10457);
#4413=VERTEX_POINT('',#10461);
#4414=VERTEX_POINT('',#10465);
#4415=VERTEX_POINT('',#10467);
#4416=VERTEX_POINT('',#10469);
#4417=VERTEX_POINT('',#10473);
#4418=VERTEX_POINT('',#10477);
#4419=VERTEX_POINT('',#10481);
#4420=VERTEX_POINT('',#10485);
#4421=VERTEX_POINT('',#10489);
#4422=VERTEX_POINT('',#10491);
#4423=VERTEX_POINT('',#10493);
#4424=VERTEX_POINT('',#10495);
#4425=VERTEX_POINT('',#10497);
#4426=VERTEX_POINT('',#10501);
#4427=VERTEX_POINT('',#10505);
#4428=VERTEX_POINT('',#10509);
#4429=VERTEX_POINT('',#10513);
#4430=VERTEX_POINT('',#10517);
#4431=VERTEX_POINT('',#10521);
#4432=VERTEX_POINT('',#10523);
#4433=VERTEX_POINT('',#10525);
#4434=VERTEX_POINT('',#10529);
#4435=VERTEX_POINT('',#10533);
#4436=VERTEX_POINT('',#10536);
#4437=VERTEX_POINT('',#10537);
#4438=VERTEX_POINT('',#10539);
#4439=VERTEX_POINT('',#10541);
#4440=VERTEX_POINT('',#10543);
#4441=VERTEX_POINT('',#10547);
#4442=VERTEX_POINT('',#10551);
#4443=VERTEX_POINT('',#10553);
#4444=VERTEX_POINT('',#10555);
#4445=VERTEX_POINT('',#10557);
#4446=VERTEX_POINT('',#10559);
#4447=VERTEX_POINT('',#10561);
#4448=VERTEX_POINT('',#10563);
#4449=VERTEX_POINT('',#10567);
#4450=VERTEX_POINT('',#10570);
#4451=VERTEX_POINT('',#10571);
#4452=VERTEX_POINT('',#10575);
#4453=VERTEX_POINT('',#10579);
#4454=VERTEX_POINT('',#10583);
#4455=VERTEX_POINT('',#10585);
#4456=VERTEX_POINT('',#10587);
#4457=VERTEX_POINT('',#10589);
#4458=VERTEX_POINT('',#10591);
#4459=VERTEX_POINT('',#10593);
#4460=VERTEX_POINT('',#10595);
#4461=VERTEX_POINT('',#10597);
#4462=VERTEX_POINT('',#10599);
#4463=VERTEX_POINT('',#10601);
#4464=VERTEX_POINT('',#10603);
#4465=VERTEX_POINT('',#10605);
#4466=VERTEX_POINT('',#10609);
#4467=VERTEX_POINT('',#10613);
#4468=VERTEX_POINT('',#10615);
#4469=VERTEX_POINT('',#10617);
#4470=VERTEX_POINT('',#10619);
#4471=VERTEX_POINT('',#10624);
#4472=VERTEX_POINT('',#10625);
#4473=VERTEX_POINT('',#10629);
#4474=VERTEX_POINT('',#10631);
#4475=VERTEX_POINT('',#10635);
#4476=VERTEX_POINT('',#10637);
#4477=VERTEX_POINT('',#10641);
#4478=VERTEX_POINT('',#10645);
#4479=VERTEX_POINT('',#10649);
#4480=VERTEX_POINT('',#10653);
#4481=VERTEX_POINT('',#10655);
#4482=VERTEX_POINT('',#10659);
#4483=VERTEX_POINT('',#10661);
#4484=VERTEX_POINT('',#10663);
#4485=VERTEX_POINT('',#10665);
#4486=VERTEX_POINT('',#10669);
#4487=VERTEX_POINT('',#10673);
#4488=VERTEX_POINT('',#10675);
#4489=VERTEX_POINT('',#10677);
#4490=VERTEX_POINT('',#10681);
#4491=VERTEX_POINT('',#10685);
#4492=VERTEX_POINT('',#10687);
#4493=VERTEX_POINT('',#10689);
#4494=VERTEX_POINT('',#10691);
#4495=VERTEX_POINT('',#10696);
#4496=VERTEX_POINT('',#10700);
#4497=VERTEX_POINT('',#10701);
#4498=VERTEX_POINT('',#10705);
#4499=VERTEX_POINT('',#10707);
#4500=VERTEX_POINT('',#10711);
#4501=VERTEX_POINT('',#10713);
#4502=VERTEX_POINT('',#10717);
#4503=VERTEX_POINT('',#10721);
#4504=VERTEX_POINT('',#10725);
#4505=VERTEX_POINT('',#10729);
#4506=VERTEX_POINT('',#10731);
#4507=VERTEX_POINT('',#10735);
#4508=VERTEX_POINT('',#10737);
#4509=VERTEX_POINT('',#10739);
#4510=VERTEX_POINT('',#10741);
#4511=VERTEX_POINT('',#10745);
#4512=VERTEX_POINT('',#10749);
#4513=VERTEX_POINT('',#10751);
#4514=VERTEX_POINT('',#10753);
#4515=VERTEX_POINT('',#10757);
#4516=VERTEX_POINT('',#10761);
#4517=VERTEX_POINT('',#10763);
#4518=VERTEX_POINT('',#10765);
#4519=VERTEX_POINT('',#10767);
#4520=VERTEX_POINT('',#10774);
#4521=VERTEX_POINT('',#10775);
#4522=VERTEX_POINT('',#10779);
#4523=VERTEX_POINT('',#10783);
#4524=VERTEX_POINT('',#10787);
#4525=VERTEX_POINT('',#10789);
#4526=VERTEX_POINT('',#10793);
#4527=VERTEX_POINT('',#10797);
#4528=VERTEX_POINT('',#10801);
#4529=VERTEX_POINT('',#10805);
#4530=VERTEX_POINT('',#10807);
#4531=VERTEX_POINT('',#10811);
#4532=VERTEX_POINT('',#10813);
#4533=VERTEX_POINT('',#10817);
#4534=VERTEX_POINT('',#10820);
#4535=VERTEX_POINT('',#10821);
#4536=VERTEX_POINT('',#10825);
#4537=VERTEX_POINT('',#10829);
#4538=VERTEX_POINT('',#10831);
#4539=VERTEX_POINT('',#10835);
#4540=VERTEX_POINT('',#10839);
#4541=VERTEX_POINT('',#10843);
#4542=VERTEX_POINT('',#10847);
#4543=VERTEX_POINT('',#10851);
#4544=VERTEX_POINT('',#10855);
#4545=VERTEX_POINT('',#10857);
#4546=VERTEX_POINT('',#10861);
#4547=VERTEX_POINT('',#10865);
#4548=VERTEX_POINT('',#10869);
#4549=VERTEX_POINT('',#10873);
#4550=VERTEX_POINT('',#10875);
#4551=VERTEX_POINT('',#10879);
#4552=VERTEX_POINT('',#10883);
#4553=VERTEX_POINT('',#10885);
#4554=VERTEX_POINT('',#10887);
#4555=VERTEX_POINT('',#10889);
#4556=VERTEX_POINT('',#10893);
#4557=VERTEX_POINT('',#10897);
#4558=VERTEX_POINT('',#10901);
#4559=VERTEX_POINT('',#10905);
#4560=VERTEX_POINT('',#10909);
#4561=VERTEX_POINT('',#10911);
#4562=VERTEX_POINT('',#10913);
#4563=VERTEX_POINT('',#10915);
#4564=VERTEX_POINT('',#10919);
#4565=VERTEX_POINT('',#10923);
#4566=VERTEX_POINT('',#10926);
#4567=VERTEX_POINT('',#10927);
#4568=VERTEX_POINT('',#10929);
#4569=VERTEX_POINT('',#10931);
#4570=VERTEX_POINT('',#10933);
#4571=VERTEX_POINT('',#10935);
#4572=VERTEX_POINT('',#10937);
#4573=VERTEX_POINT('',#10939);
#4574=VERTEX_POINT('',#10941);
#4575=VERTEX_POINT('',#10943);
#4576=VERTEX_POINT('',#10945);
#4577=VERTEX_POINT('',#10947);
#4578=VERTEX_POINT('',#10949);
#4579=VERTEX_POINT('',#10953);
#4580=VERTEX_POINT('',#10954);
#4581=VERTEX_POINT('',#10956);
#4582=VERTEX_POINT('',#10958);
#4583=VERTEX_POINT('',#10960);
#4584=VERTEX_POINT('',#10964);
#4585=VERTEX_POINT('',#10965);
#4586=VERTEX_POINT('',#10967);
#4587=VERTEX_POINT('',#10969);
#4588=VERTEX_POINT('',#10973);
#4589=VERTEX_POINT('',#10975);
#4590=VERTEX_POINT('',#10979);
#4591=VERTEX_POINT('',#10989);
#4592=VERTEX_POINT('',#10991);
#4593=VERTEX_POINT('',#11002);
#4594=VERTEX_POINT('',#11003);
#4595=VERTEX_POINT('',#11006);
#4596=VERTEX_POINT('',#11008);
#4597=VERTEX_POINT('',#11022);
#4598=VERTEX_POINT('',#11023);
#4599=VERTEX_POINT('',#11025);
#4600=VERTEX_POINT('',#11028);
#4601=VERTEX_POINT('',#11030);
#4602=VERTEX_POINT('',#11032);
#4603=VERTEX_POINT('',#11034);
#4604=VERTEX_POINT('',#11036);
#4605=VERTEX_POINT('',#11038);
#4606=VERTEX_POINT('',#11040);
#4607=VERTEX_POINT('',#11042);
#4608=VERTEX_POINT('',#11044);
#4609=VERTEX_POINT('',#11046);
#4610=VERTEX_POINT('',#11052);
#4611=VERTEX_POINT('',#11054);
#4612=VERTEX_POINT('',#11056);
#4613=VERTEX_POINT('',#11060);
#4614=VERTEX_POINT('',#11061);
#4615=VERTEX_POINT('',#11063);
#4616=VERTEX_POINT('',#11065);
#4617=VERTEX_POINT('',#11069);
#4618=VERTEX_POINT('',#11070);
#4619=VERTEX_POINT('',#11072);
#4620=VERTEX_POINT('',#11074);
#4621=VERTEX_POINT('',#11078);
#4622=VERTEX_POINT('',#11080);
#4623=VERTEX_POINT('',#11084);
#4624=VERTEX_POINT('',#11085);
#4625=VERTEX_POINT('',#11087);
#4626=VERTEX_POINT('',#11089);
#4627=VERTEX_POINT('',#11093);
#4628=VERTEX_POINT('',#11094);
#4629=VERTEX_POINT('',#11097);
#4630=VERTEX_POINT('',#11099);
#4631=VERTEX_POINT('',#11101);
#4632=VERTEX_POINT('',#11103);
#4633=VERTEX_POINT('',#11106);
#4634=VERTEX_POINT('',#11108);
#4635=VERTEX_POINT('',#11110);
#4636=VERTEX_POINT('',#11112);
#4637=VERTEX_POINT('',#11114);
#4638=VERTEX_POINT('',#11116);
#4639=VERTEX_POINT('',#11118);
#4640=VERTEX_POINT('',#11122);
#4641=VERTEX_POINT('',#11124);
#4642=VERTEX_POINT('',#11126);
#4643=VERTEX_POINT('',#11130);
#4644=VERTEX_POINT('',#11131);
#4645=VERTEX_POINT('',#11133);
#4646=VERTEX_POINT('',#11136);
#4647=VERTEX_POINT('',#11140);
#4648=VERTEX_POINT('',#11141);
#4649=VERTEX_POINT('',#11146);
#4650=VERTEX_POINT('',#11147);
#4651=VERTEX_POINT('',#11151);
#4652=VERTEX_POINT('',#11153);
#4653=VERTEX_POINT('',#11157);
#4654=VERTEX_POINT('',#11159);
#4655=VERTEX_POINT('',#11162);
#4656=VERTEX_POINT('',#11164);
#4657=VERTEX_POINT('',#11166);
#4658=VERTEX_POINT('',#11168);
#4659=VERTEX_POINT('',#11170);
#4660=VERTEX_POINT('',#11172);
#4661=VERTEX_POINT('',#11174);
#4662=VERTEX_POINT('',#11179);
#4663=VERTEX_POINT('',#11181);
#4664=VERTEX_POINT('',#11183);
#4665=VERTEX_POINT('',#11185);
#4666=VERTEX_POINT('',#11187);
#4667=VERTEX_POINT('',#11188);
#4668=VERTEX_POINT('',#11190);
#4669=VERTEX_POINT('',#11264);
#4670=VERTEX_POINT('',#11266);
#4671=VERTEX_POINT('',#11268);
#4672=VERTEX_POINT('',#11269);
#4673=VERTEX_POINT('',#11271);
#4674=VERTEX_POINT('',#11273);
#4675=VERTEX_POINT('',#11275);
#4676=VERTEX_POINT('',#11277);
#4677=VERTEX_POINT('',#11279);
#4678=VERTEX_POINT('',#11281);
#4679=VERTEX_POINT('',#11283);
#4680=VERTEX_POINT('',#11287);
#4681=VERTEX_POINT('',#11288);
#4682=VERTEX_POINT('',#11293);
#4683=VERTEX_POINT('',#11302);
#4684=VERTEX_POINT('',#11304);
#4685=VERTEX_POINT('',#11315);
#4686=VERTEX_POINT('',#11319);
#4687=VERTEX_POINT('',#11410);
#4688=VERTEX_POINT('',#11412);
#4689=VERTEX_POINT('',#11414);
#4690=VERTEX_POINT('',#11418);
#4691=VERTEX_POINT('',#11420);
#4692=VERTEX_POINT('',#11424);
#4693=VERTEX_POINT('',#11425);
#4694=VERTEX_POINT('',#11427);
#4695=VERTEX_POINT('',#11429);
#4696=VERTEX_POINT('',#11433);
#4697=VERTEX_POINT('',#11435);
#4698=VERTEX_POINT('',#11444);
#4699=VERTEX_POINT('',#11445);
#4700=VERTEX_POINT('',#11447);
#4701=VERTEX_POINT('',#11449);
#4702=VERTEX_POINT('',#11453);
#4703=VERTEX_POINT('',#11455);
#4704=VERTEX_POINT('',#11456);
#4705=VERTEX_POINT('',#11458);
#4706=VERTEX_POINT('',#11460);
#4707=VERTEX_POINT('',#11462);
#4708=VERTEX_POINT('',#11464);
#4709=VERTEX_POINT('',#11466);
#4710=VERTEX_POINT('',#11468);
#4711=VERTEX_POINT('',#11472);
#4712=VERTEX_POINT('',#11474);
#4713=VERTEX_POINT('',#11482);
#4714=VERTEX_POINT('',#11484);
#4715=VERTEX_POINT('',#11489);
#4716=VERTEX_POINT('',#11491);
#4717=VERTEX_POINT('',#11496);
#4718=VERTEX_POINT('',#11498);
#4719=VERTEX_POINT('',#11500);
#4720=VERTEX_POINT('',#11502);
#4721=VERTEX_POINT('',#11504);
#4722=VERTEX_POINT('',#11508);
#4723=VERTEX_POINT('',#11509);
#4724=VERTEX_POINT('',#11511);
#4725=VERTEX_POINT('',#11513);
#4726=VERTEX_POINT('',#11517);
#4727=VERTEX_POINT('',#11518);
#4728=VERTEX_POINT('',#11520);
#4729=VERTEX_POINT('',#11522);
#4730=VERTEX_POINT('',#11526);
#4731=VERTEX_POINT('',#11528);
#4732=VERTEX_POINT('',#11532);
#4733=VERTEX_POINT('',#11534);
#4734=VERTEX_POINT('',#11538);
#4735=VERTEX_POINT('',#11539);
#4736=VERTEX_POINT('',#11541);
#4737=VERTEX_POINT('',#11543);
#4738=VERTEX_POINT('',#11547);
#4739=VERTEX_POINT('',#11548);
#4740=VERTEX_POINT('',#11550);
#4741=VERTEX_POINT('',#11552);
#4742=VERTEX_POINT('',#11557);
#4743=VERTEX_POINT('',#11561);
#4744=VERTEX_POINT('',#11570);
#4745=VERTEX_POINT('',#11572);
#4746=VERTEX_POINT('',#11600);
#4747=VERTEX_POINT('',#11605);
#4748=VERTEX_POINT('',#11610);
#4749=VERTEX_POINT('',#11613);
#4750=VERTEX_POINT('',#11614);
#4751=VERTEX_POINT('',#11616);
#4752=VERTEX_POINT('',#11618);
#4753=VERTEX_POINT('',#11620);
#4754=VERTEX_POINT('',#11622);
#4755=VERTEX_POINT('',#11625);
#4756=VERTEX_POINT('',#11627);
#4757=VERTEX_POINT('',#11630);
#4758=VERTEX_POINT('',#11632);
#4759=VERTEX_POINT('',#11634);
#4760=VERTEX_POINT('',#11636);
#4761=VERTEX_POINT('',#11638);
#4762=VERTEX_POINT('',#11640);
#4763=VERTEX_POINT('',#11642);
#4764=VERTEX_POINT('',#11645);
#4765=VERTEX_POINT('',#11647);
#4766=VERTEX_POINT('',#11650);
#4767=VERTEX_POINT('',#11652);
#4768=VERTEX_POINT('',#11655);
#4769=VERTEX_POINT('',#11740);
#4770=VERTEX_POINT('',#11742);
#4771=VERTEX_POINT('',#11827);
#4772=VERTEX_POINT('',#11828);
#4773=VERTEX_POINT('',#11830);
#4774=VERTEX_POINT('',#11832);
#4775=VERTEX_POINT('',#11836);
#4776=VERTEX_POINT('',#11838);
#4777=VERTEX_POINT('',#11851);
#4778=VERTEX_POINT('',#11853);
#4779=VERTEX_POINT('',#11868);
#4780=VERTEX_POINT('',#11870);
#4781=VERTEX_POINT('',#11876);
#4782=VERTEX_POINT('',#11878);
#4783=VERTEX_POINT('',#11882);
#4784=VERTEX_POINT('',#11884);
#4785=VERTEX_POINT('',#11897);
#4786=VERTEX_POINT('',#11899);
#4787=VERTEX_POINT('',#11914);
#4788=VERTEX_POINT('',#11916);
#4789=VERTEX_POINT('',#11929);
#4790=VERTEX_POINT('',#11933);
#4791=VERTEX_POINT('',#11944);
#4792=VERTEX_POINT('',#11957);
#4793=VERTEX_POINT('',#11963);
#4794=VERTEX_POINT('',#11967);
#4795=VERTEX_POINT('',#11971);
#4796=VERTEX_POINT('',#11982);
#4797=VERTEX_POINT('',#11995);
#4798=VERTEX_POINT('',#12001);
#4799=VERTEX_POINT('',#12005);
#4800=VERTEX_POINT('',#12016);
#4801=VERTEX_POINT('',#12029);
#4802=VERTEX_POINT('',#12035);
#4803=VERTEX_POINT('',#12039);
#4804=VERTEX_POINT('',#12043);
#4805=VERTEX_POINT('',#12054);
#4806=VERTEX_POINT('',#12060);
#4807=VERTEX_POINT('',#12071);
#4808=VERTEX_POINT('',#12084);
#4809=VERTEX_POINT('',#12097);
#4810=VERTEX_POINT('',#12110);
#4811=VERTEX_POINT('',#12116);
#4812=VERTEX_POINT('',#12127);
#4813=VERTEX_POINT('',#12146);
#4814=VERTEX_POINT('',#12150);
#4815=VERTEX_POINT('',#12154);
#4816=VERTEX_POINT('',#12158);
#4817=VERTEX_POINT('',#12162);
#4818=VERTEX_POINT('',#12166);
#4819=VERTEX_POINT('',#12170);
#4820=VERTEX_POINT('',#12181);
#4821=VERTEX_POINT('',#12194);
#4822=VERTEX_POINT('',#12200);
#4823=VERTEX_POINT('',#12204);
#4824=VERTEX_POINT('',#12208);
#4825=VERTEX_POINT('',#12212);
#4826=VERTEX_POINT('',#12216);
#4827=VERTEX_POINT('',#12220);
#4828=VERTEX_POINT('',#12224);
#4829=VERTEX_POINT('',#12228);
#4830=VERTEX_POINT('',#12232);
#4831=VERTEX_POINT('',#12236);
#4832=VERTEX_POINT('',#12240);
#4833=VERTEX_POINT('',#12251);
#4834=VERTEX_POINT('',#12269);
#4835=VERTEX_POINT('',#12271);
#4836=VERTEX_POINT('',#12275);
#4837=VERTEX_POINT('',#12279);
#4838=VERTEX_POINT('',#12290);
#4839=VERTEX_POINT('',#12296);
#4840=VERTEX_POINT('',#12300);
#4841=VERTEX_POINT('',#12304);
#4842=VERTEX_POINT('',#12308);
#4843=VERTEX_POINT('',#12312);
#4844=VERTEX_POINT('',#12316);
#4845=VERTEX_POINT('',#12327);
#4846=VERTEX_POINT('',#12340);
#4847=VERTEX_POINT('',#12346);
#4848=VERTEX_POINT('',#12360);
#4849=VERTEX_POINT('',#12364);
#4850=VERTEX_POINT('',#12375);
#4851=VERTEX_POINT('',#12381);
#4852=VERTEX_POINT('',#12392);
#4853=VERTEX_POINT('',#12405);
#4854=VERTEX_POINT('',#12411);
#4855=VERTEX_POINT('',#12415);
#4856=VERTEX_POINT('',#12426);
#4857=VERTEX_POINT('',#12439);
#4858=VERTEX_POINT('',#12452);
#4859=VERTEX_POINT('',#12465);
#4860=VERTEX_POINT('',#12478);
#4861=VERTEX_POINT('',#12491);
#4862=VERTEX_POINT('',#12497);
#4863=VERTEX_POINT('',#12501);
#4864=VERTEX_POINT('',#12505);
#4865=VERTEX_POINT('',#12509);
#4866=VERTEX_POINT('',#12520);
#4867=VERTEX_POINT('',#12533);
#4868=VERTEX_POINT('',#12546);
#4869=VERTEX_POINT('',#12559);
#4870=VERTEX_POINT('',#12572);
#4871=VERTEX_POINT('',#12578);
#4872=VERTEX_POINT('',#12582);
#4873=VERTEX_POINT('',#12593);
#4874=VERTEX_POINT('',#12606);
#4875=VERTEX_POINT('',#12612);
#4876=VERTEX_POINT('',#12623);
#4877=VERTEX_POINT('',#12629);
#4878=VERTEX_POINT('',#12640);
#4879=VERTEX_POINT('',#12653);
#4880=VERTEX_POINT('',#12659);
#4881=VERTEX_POINT('',#12670);
#4882=VERTEX_POINT('',#12688);
#4883=VERTEX_POINT('',#12690);
#4884=VERTEX_POINT('',#12694);
#4885=VERTEX_POINT('',#12698);
#4886=VERTEX_POINT('',#12702);
#4887=VERTEX_POINT('',#12713);
#4888=VERTEX_POINT('',#12726);
#4889=VERTEX_POINT('',#12739);
#4890=VERTEX_POINT('',#12745);
#4891=VERTEX_POINT('',#12749);
#4892=VERTEX_POINT('',#12753);
#4893=VERTEX_POINT('',#12764);
#4894=VERTEX_POINT('',#12777);
#4895=VERTEX_POINT('',#12790);
#4896=VERTEX_POINT('',#12796);
#4897=VERTEX_POINT('',#12807);
#4898=VERTEX_POINT('',#12813);
#4899=VERTEX_POINT('',#12820);
#4900=VERTEX_POINT('',#12821);
#4901=VERTEX_POINT('',#12823);
#4902=VERTEX_POINT('',#12825);
#4903=VERTEX_POINT('',#12829);
#4904=VERTEX_POINT('',#12831);
#4905=VERTEX_POINT('',#12844);
#4906=VERTEX_POINT('',#12846);
#4907=VERTEX_POINT('',#12861);
#4908=VERTEX_POINT('',#12863);
#4909=VERTEX_POINT('',#12869);
#4910=VERTEX_POINT('',#12871);
#4911=VERTEX_POINT('',#12875);
#4912=VERTEX_POINT('',#12877);
#4913=VERTEX_POINT('',#12890);
#4914=VERTEX_POINT('',#12892);
#4915=VERTEX_POINT('',#12907);
#4916=VERTEX_POINT('',#12909);
#4917=VERTEX_POINT('',#12922);
#4918=VERTEX_POINT('',#12926);
#4919=VERTEX_POINT('',#12937);
#4920=VERTEX_POINT('',#12950);
#4921=VERTEX_POINT('',#12956);
#4922=VERTEX_POINT('',#12960);
#4923=VERTEX_POINT('',#12964);
#4924=VERTEX_POINT('',#12975);
#4925=VERTEX_POINT('',#12988);
#4926=VERTEX_POINT('',#12994);
#4927=VERTEX_POINT('',#12998);
#4928=VERTEX_POINT('',#13009);
#4929=VERTEX_POINT('',#13022);
#4930=VERTEX_POINT('',#13028);
#4931=VERTEX_POINT('',#13032);
#4932=VERTEX_POINT('',#13036);
#4933=VERTEX_POINT('',#13047);
#4934=VERTEX_POINT('',#13053);
#4935=VERTEX_POINT('',#13064);
#4936=VERTEX_POINT('',#13077);
#4937=VERTEX_POINT('',#13090);
#4938=VERTEX_POINT('',#13103);
#4939=VERTEX_POINT('',#13109);
#4940=VERTEX_POINT('',#13120);
#4941=VERTEX_POINT('',#13141);
#4942=VERTEX_POINT('',#13142);
#4943=VERTEX_POINT('',#13144);
#4944=VERTEX_POINT('',#13148);
#4945=VERTEX_POINT('',#13161);
#4946=VERTEX_POINT('',#13163);
#4947=VERTEX_POINT('',#13178);
#4948=VERTEX_POINT('',#13180);
#4949=VERTEX_POINT('',#13195);
#4950=VERTEX_POINT('',#13197);
#4951=VERTEX_POINT('',#13203);
#4952=VERTEX_POINT('',#13205);
#4953=VERTEX_POINT('',#13218);
#4954=VERTEX_POINT('',#13220);
#4955=VERTEX_POINT('',#13235);
#4956=VERTEX_POINT('',#13237);
#4957=VERTEX_POINT('',#13252);
#4958=VERTEX_POINT('',#13254);
#4959=VERTEX_POINT('',#13269);
#4960=VERTEX_POINT('',#13271);
#4961=VERTEX_POINT('',#13286);
#4962=VERTEX_POINT('',#13288);
#4963=VERTEX_POINT('',#13294);
#4964=VERTEX_POINT('',#13296);
#4965=VERTEX_POINT('',#13300);
#4966=VERTEX_POINT('',#13302);
#4967=VERTEX_POINT('',#13306);
#4968=VERTEX_POINT('',#13308);
#4969=VERTEX_POINT('',#13319);
#4970=VERTEX_POINT('',#13323);
#4971=VERTEX_POINT('',#13334);
#4972=VERTEX_POINT('',#13340);
#4973=VERTEX_POINT('',#13351);
#4974=VERTEX_POINT('',#13357);
#4975=VERTEX_POINT('',#13368);
#4976=VERTEX_POINT('',#13374);
#4977=VERTEX_POINT('',#13385);
#4978=VERTEX_POINT('',#13398);
#4979=VERTEX_POINT('',#13411);
#4980=VERTEX_POINT('',#13424);
#4981=VERTEX_POINT('',#13430);
#4982=VERTEX_POINT('',#13441);
#4983=VERTEX_POINT('',#13482);
#4984=VERTEX_POINT('',#13483);
#4985=VERTEX_POINT('',#13485);
#4986=VERTEX_POINT('',#13489);
#4987=VERTEX_POINT('',#13502);
#4988=VERTEX_POINT('',#13504);
#4989=VERTEX_POINT('',#13519);
#4990=VERTEX_POINT('',#13521);
#4991=VERTEX_POINT('',#13536);
#4992=VERTEX_POINT('',#13538);
#4993=VERTEX_POINT('',#13544);
#4994=VERTEX_POINT('',#13546);
#4995=VERTEX_POINT('',#13559);
#4996=VERTEX_POINT('',#13561);
#4997=VERTEX_POINT('',#13576);
#4998=VERTEX_POINT('',#13578);
#4999=VERTEX_POINT('',#13593);
#5000=VERTEX_POINT('',#13595);
#5001=VERTEX_POINT('',#13610);
#5002=VERTEX_POINT('',#13612);
#5003=VERTEX_POINT('',#13627);
#5004=VERTEX_POINT('',#13629);
#5005=VERTEX_POINT('',#13635);
#5006=VERTEX_POINT('',#13637);
#5007=VERTEX_POINT('',#13641);
#5008=VERTEX_POINT('',#13643);
#5009=VERTEX_POINT('',#13647);
#5010=VERTEX_POINT('',#13649);
#5011=VERTEX_POINT('',#13660);
#5012=VERTEX_POINT('',#13664);
#5013=VERTEX_POINT('',#13675);
#5014=VERTEX_POINT('',#13681);
#5015=VERTEX_POINT('',#13692);
#5016=VERTEX_POINT('',#13698);
#5017=VERTEX_POINT('',#13709);
#5018=VERTEX_POINT('',#13715);
#5019=VERTEX_POINT('',#13726);
#5020=VERTEX_POINT('',#13739);
#5021=VERTEX_POINT('',#13752);
#5022=VERTEX_POINT('',#13765);
#5023=VERTEX_POINT('',#13771);
#5024=VERTEX_POINT('',#13782);
#5025=VERTEX_POINT('',#13821);
#5026=VERTEX_POINT('',#13825);
#5027=VERTEX_POINT('',#13829);
#5028=VERTEX_POINT('',#13833);
#5029=VERTEX_POINT('',#13844);
#5030=VERTEX_POINT('',#13857);
#5031=VERTEX_POINT('',#13863);
#5032=VERTEX_POINT('',#13867);
#5033=VERTEX_POINT('',#13871);
#5034=VERTEX_POINT('',#13882);
#5035=VERTEX_POINT('',#13895);
#5036=VERTEX_POINT('',#13908);
#5037=VERTEX_POINT('',#13921);
#5038=VERTEX_POINT('',#13934);
#5039=VERTEX_POINT('',#13940);
#5040=VERTEX_POINT('',#13944);
#5041=VERTEX_POINT('',#13948);
#5042=VERTEX_POINT('',#13959);
#5043=VERTEX_POINT('',#13972);
#5044=VERTEX_POINT('',#13978);
#5045=VERTEX_POINT('',#13989);
#5046=VERTEX_POINT('',#14002);
#5047=VERTEX_POINT('',#14015);
#5048=VERTEX_POINT('',#14028);
#5049=VERTEX_POINT('',#14034);
#5050=VERTEX_POINT('',#14045);
#5051=VERTEX_POINT('',#14058);
#5052=VERTEX_POINT('',#14071);
#5053=VERTEX_POINT('',#14084);
#5054=VERTEX_POINT('',#14097);
#5055=VERTEX_POINT('',#14110);
#5056=VERTEX_POINT('',#14116);
#5057=VERTEX_POINT('',#14132);
#5058=VERTEX_POINT('',#14134);
#5059=VERTEX_POINT('',#14138);
#5060=VERTEX_POINT('',#14142);
#5061=VERTEX_POINT('',#14146);
#5062=VERTEX_POINT('',#14150);
#5063=VERTEX_POINT('',#14154);
#5064=VERTEX_POINT('',#14158);
#5065=VERTEX_POINT('',#14162);
#5066=VERTEX_POINT('',#14166);
#5067=VERTEX_POINT('',#14170);
#5068=VERTEX_POINT('',#14174);
#5069=VERTEX_POINT('',#14178);
#5070=VERTEX_POINT('',#14192);
#5071=VERTEX_POINT('',#14194);
#5072=VERTEX_POINT('',#14197);
#5073=VERTEX_POINT('',#14201);
#5074=VERTEX_POINT('',#14203);
#5075=VERTEX_POINT('',#14206);
#5076=LINE('',#10212,#5689);
#5077=LINE('',#10215,#5690);
#5078=LINE('',#10217,#5691);
#5079=LINE('',#10219,#5692);
#5080=LINE('',#10221,#5693);
#5081=LINE('',#10225,#5694);
#5082=LINE('',#10227,#5695);
#5083=LINE('',#10229,#5696);
#5084=LINE('',#10231,#5697);
#5085=LINE('',#10233,#5698);
#5086=LINE('',#10237,#5699);
#5087=LINE('',#10241,#5700);
#5088=LINE('',#10243,#5701);
#5089=LINE('',#10247,#5702);
#5090=LINE('',#10249,#5703);
#5091=LINE('',#10252,#5704);
#5092=LINE('',#10254,#5705);
#5093=LINE('',#10256,#5706);
#5094=LINE('',#10258,#5707);
#5095=LINE('',#10261,#5708);
#5096=LINE('',#10263,#5709);
#5097=LINE('',#10265,#5710);
#5098=LINE('',#10267,#5711);
#5099=LINE('',#10270,#5712);
#5100=LINE('',#10272,#5713);
#5101=LINE('',#10274,#5714);
#5102=LINE('',#10276,#5715);
#5103=LINE('',#10279,#5716);
#5104=LINE('',#10281,#5717);
#5105=LINE('',#10283,#5718);
#5106=LINE('',#10285,#5719);
#5107=LINE('',#10288,#5720);
#5108=LINE('',#10290,#5721);
#5109=LINE('',#10292,#5722);
#5110=LINE('',#10294,#5723);
#5111=LINE('',#10297,#5724);
#5112=LINE('',#10299,#5725);
#5113=LINE('',#10301,#5726);
#5114=LINE('',#10303,#5727);
#5115=LINE('',#10306,#5728);
#5116=LINE('',#10308,#5729);
#5117=LINE('',#10310,#5730);
#5118=LINE('',#10344,#5731);
#5119=LINE('',#10368,#5732);
#5120=LINE('',#10375,#5733);
#5121=LINE('',#10378,#5734);
#5122=LINE('',#10380,#5735);
#5123=LINE('',#10382,#5736);
#5124=LINE('',#10402,#5737);
#5125=LINE('',#10404,#5738);
#5126=LINE('',#10406,#5739);
#5127=LINE('',#10422,#5740);
#5128=LINE('',#10440,#5741);
#5129=LINE('',#10466,#5742);
#5130=LINE('',#10494,#5743);
#5131=LINE('',#10522,#5744);
#5132=LINE('',#10535,#5745);
#5133=LINE('',#10538,#5746);
#5134=LINE('',#10540,#5747);
#5135=LINE('',#10542,#5748);
#5136=LINE('',#10556,#5749);
#5137=LINE('',#10568,#5750);
#5138=LINE('',#10584,#5751);
#5139=LINE('',#10586,#5752);
#5140=LINE('',#10588,#5753);
#5141=LINE('',#10590,#5754);
#5142=LINE('',#10592,#5755);
#5143=LINE('',#10594,#5756);
#5144=LINE('',#10596,#5757);
#5145=LINE('',#10598,#5758);
#5146=LINE('',#10600,#5759);
#5147=LINE('',#10602,#5760);
#5148=LINE('',#10604,#5761);
#5149=LINE('',#10618,#5762);
#5150=LINE('',#10636,#5763);
#5151=LINE('',#10660,#5764);
#5152=LINE('',#10662,#5765);
#5153=LINE('',#10664,#5766);
#5154=LINE('',#10686,#5767);
#5155=LINE('',#10688,#5768);
#5156=LINE('',#10690,#5769);
#5157=LINE('',#10712,#5770);
#5158=LINE('',#10736,#5771);
#5159=LINE('',#10738,#5772);
#5160=LINE('',#10740,#5773);
#5161=LINE('',#10762,#5774);
#5162=LINE('',#10764,#5775);
#5163=LINE('',#10766,#5776);
#5164=LINE('',#10788,#5777);
#5165=LINE('',#10812,#5778);
#5166=LINE('',#10830,#5779);
#5167=LINE('',#10856,#5780);
#5168=LINE('',#10884,#5781);
#5169=LINE('',#10910,#5782);
#5170=LINE('',#10925,#5783);
#5171=LINE('',#10928,#5784);
#5172=LINE('',#10930,#5785);
#5173=LINE('',#10932,#5786);
#5174=LINE('',#10934,#5787);
#5175=LINE('',#10936,#5788);
#5176=LINE('',#10938,#5789);
#5177=LINE('',#10940,#5790);
#5178=LINE('',#10942,#5791);
#5179=LINE('',#10944,#5792);
#5180=LINE('',#10946,#5793);
#5181=LINE('',#10948,#5794);
#5182=LINE('',#10950,#5795);
#5183=LINE('',#10952,#5796);
#5184=LINE('',#10957,#5797);
#5185=LINE('',#10959,#5798);
#5186=LINE('',#10961,#5799);
#5187=LINE('',#10963,#5800);
#5188=LINE('',#10968,#5801);
#5189=LINE('',#10972,#5802);
#5190=LINE('',#10974,#5803);
#5191=LINE('',#10976,#5804);
#5192=LINE('',#11001,#5805);
#5193=LINE('',#11007,#5806);
#5194=LINE('',#11021,#5807);
#5195=LINE('',#11024,#5808);
#5196=LINE('',#11026,#5809);
#5197=LINE('',#11027,#5810);
#5198=LINE('',#11031,#5811);
#5199=LINE('',#11037,#5812);
#5200=LINE('',#11041,#5813);
#5201=LINE('',#11043,#5814);
#5202=LINE('',#11045,#5815);
#5203=LINE('',#11053,#5816);
#5204=LINE('',#11055,#5817);
#5205=LINE('',#11057,#5818);
#5206=LINE('',#11059,#5819);
#5207=LINE('',#11062,#5820);
#5208=LINE('',#11064,#5821);
#5209=LINE('',#11066,#5822);
#5210=LINE('',#11068,#5823);
#5211=LINE('',#11071,#5824);
#5212=LINE('',#11073,#5825);
#5213=LINE('',#11075,#5826);
#5214=LINE('',#11077,#5827);
#5215=LINE('',#11079,#5828);
#5216=LINE('',#11081,#5829);
#5217=LINE('',#11083,#5830);
#5218=LINE('',#11086,#5831);
#5219=LINE('',#11088,#5832);
#5220=LINE('',#11090,#5833);
#5221=LINE('',#11095,#5834);
#5222=LINE('',#11096,#5835);
#5223=LINE('',#11098,#5836);
#5224=LINE('',#11100,#5837);
#5225=LINE('',#11102,#5838);
#5226=LINE('',#11104,#5839);
#5227=LINE('',#11107,#5840);
#5228=LINE('',#11111,#5841);
#5229=LINE('',#11113,#5842);
#5230=LINE('',#11115,#5843);
#5231=LINE('',#11117,#5844);
#5232=LINE('',#11119,#5845);
#5233=LINE('',#11121,#5846);
#5234=LINE('',#11125,#5847);
#5235=LINE('',#11132,#5848);
#5236=LINE('',#11137,#5849);
#5237=LINE('',#11139,#5850);
#5238=LINE('',#11142,#5851);
#5239=LINE('',#11143,#5852);
#5240=LINE('',#11145,#5853);
#5241=LINE('',#11158,#5854);
#5242=LINE('',#11163,#5855);
#5243=LINE('',#11169,#5856);
#5244=LINE('',#11173,#5857);
#5245=LINE('',#11189,#5858);
#5246=LINE('',#11192,#5859);
#5247=LINE('',#11267,#5860);
#5248=LINE('',#11270,#5861);
#5249=LINE('',#11272,#5862);
#5250=LINE('',#11276,#5863);
#5251=LINE('',#11280,#5864);
#5252=LINE('',#11284,#5865);
#5253=LINE('',#11286,#5866);
#5254=LINE('',#11289,#5867);
#5255=LINE('',#11290,#5868);
#5256=LINE('',#11314,#5869);
#5257=LINE('',#11316,#5870);
#5258=LINE('',#11409,#5871);
#5259=LINE('',#11411,#5872);
#5260=LINE('',#11413,#5873);
#5261=LINE('',#11415,#5874);
#5262=LINE('',#11417,#5875);
#5263=LINE('',#11419,#5876);
#5264=LINE('',#11421,#5877);
#5265=LINE('',#11423,#5878);
#5266=LINE('',#11426,#5879);
#5267=LINE('',#11428,#5880);
#5268=LINE('',#11430,#5881);
#5269=LINE('',#11432,#5882);
#5270=LINE('',#11434,#5883);
#5271=LINE('',#11436,#5884);
#5272=LINE('',#11438,#5885);
#5273=LINE('',#11439,#5886);
#5274=LINE('',#11443,#5887);
#5275=LINE('',#11446,#5888);
#5276=LINE('',#11448,#5889);
#5277=LINE('',#11450,#5890);
#5278=LINE('',#11454,#5891);
#5279=LINE('',#11457,#5892);
#5280=LINE('',#11461,#5893);
#5281=LINE('',#11463,#5894);
#5282=LINE('',#11465,#5895);
#5283=LINE('',#11467,#5896);
#5284=LINE('',#11481,#5897);
#5285=LINE('',#11485,#5898);
#5286=LINE('',#11488,#5899);
#5287=LINE('',#11490,#5900);
#5288=LINE('',#11492,#5901);
#5289=LINE('',#11495,#5902);
#5290=LINE('',#11497,#5903);
#5291=LINE('',#11499,#5904);
#5292=LINE('',#11501,#5905);
#5293=LINE('',#11505,#5906);
#5294=LINE('',#11507,#5907);
#5295=LINE('',#11510,#5908);
#5296=LINE('',#11512,#5909);
#5297=LINE('',#11514,#5910);
#5298=LINE('',#11516,#5911);
#5299=LINE('',#11519,#5912);
#5300=LINE('',#11521,#5913);
#5301=LINE('',#11523,#5914);
#5302=LINE('',#11525,#5915);
#5303=LINE('',#11527,#5916);
#5304=LINE('',#11529,#5917);
#5305=LINE('',#11531,#5918);
#5306=LINE('',#11533,#5919);
#5307=LINE('',#11535,#5920);
#5308=LINE('',#11537,#5921);
#5309=LINE('',#11540,#5922);
#5310=LINE('',#11542,#5923);
#5311=LINE('',#11544,#5924);
#5312=LINE('',#11546,#5925);
#5313=LINE('',#11549,#5926);
#5314=LINE('',#11551,#5927);
#5315=LINE('',#11553,#5928);
#5316=LINE('',#11556,#5929);
#5317=LINE('',#11558,#5930);
#5318=LINE('',#11560,#5931);
#5319=LINE('',#11562,#5932);
#5320=LINE('',#11569,#5933);
#5321=LINE('',#11571,#5934);
#5322=LINE('',#11573,#5935);
#5323=LINE('',#11615,#5936);
#5324=LINE('',#11619,#5937);
#5325=LINE('',#11623,#5938);
#5326=LINE('',#11626,#5939);
#5327=LINE('',#11631,#5940);
#5328=LINE('',#11635,#5941);
#5329=LINE('',#11641,#5942);
#5330=LINE('',#11646,#5943);
#5331=LINE('',#11657,#5944);
#5332=LINE('',#11658,#5945);
#5333=LINE('',#11739,#5946);
#5334=LINE('',#11741,#5947);
#5335=LINE('',#11743,#5948);
#5336=LINE('',#11745,#5949);
#5337=LINE('',#11746,#5950);
#5338=LINE('',#11748,#5951);
#5339=LINE('',#11750,#5952);
#5340=LINE('',#11826,#5953);
#5341=LINE('',#11829,#5954);
#5342=LINE('',#11831,#5955);
#5343=LINE('',#11833,#5956);
#5344=LINE('',#11835,#5957);
#5345=LINE('',#11837,#5958);
#5346=LINE('',#11839,#5959);
#5347=LINE('',#11852,#5960);
#5348=LINE('',#11869,#5961);
#5349=LINE('',#11877,#5962);
#5350=LINE('',#11883,#5963);
#5351=LINE('',#11898,#5964);
#5352=LINE('',#11915,#5965);
#5353=LINE('',#11928,#5966);
#5354=LINE('',#11934,#5967);
#5355=LINE('',#11943,#5968);
#5356=LINE('',#11956,#5969);
#5357=LINE('',#11962,#5970);
#5358=LINE('',#11964,#5971);
#5359=LINE('',#11966,#5972);
#5360=LINE('',#11968,#5973);
#5361=LINE('',#11970,#5974);
#5362=LINE('',#11972,#5975);
#5363=LINE('',#11981,#5976);
#5364=LINE('',#11994,#5977);
#5365=LINE('',#12000,#5978);
#5366=LINE('',#12004,#5979);
#5367=LINE('',#12015,#5980);
#5368=LINE('',#12028,#5981);
#5369=LINE('',#12034,#5982);
#5370=LINE('',#12036,#5983);
#5371=LINE('',#12038,#5984);
#5372=LINE('',#12040,#5985);
#5373=LINE('',#12042,#5986);
#5374=LINE('',#12044,#5987);
#5375=LINE('',#12053,#5988);
#5376=LINE('',#12059,#5989);
#5377=LINE('',#12070,#5990);
#5378=LINE('',#12083,#5991);
#5379=LINE('',#12096,#5992);
#5380=LINE('',#12109,#5993);
#5381=LINE('',#12115,#5994);
#5382=LINE('',#12117,#5995);
#5383=LINE('',#12126,#5996);
#5384=LINE('',#12134,#5997);
#5385=LINE('',#12135,#5998);
#5386=LINE('',#12145,#5999);
#5387=LINE('',#12151,#6000);
#5388=LINE('',#12153,#6001);
#5389=LINE('',#12157,#6002);
#5390=LINE('',#12161,#6003);
#5391=LINE('',#12163,#6004);
#5392=LINE('',#12165,#6005);
#5393=LINE('',#12169,#6006);
#5394=LINE('',#12180,#6007);
#5395=LINE('',#12193,#6008);
#5396=LINE('',#12199,#6009);
#5397=LINE('',#12201,#6010);
#5398=LINE('',#12203,#6011);
#5399=LINE('',#12205,#6012);
#5400=LINE('',#12207,#6013);
#5401=LINE('',#12209,#6014);
#5402=LINE('',#12211,#6015);
#5403=LINE('',#12213,#6016);
#5404=LINE('',#12215,#6017);
#5405=LINE('',#12217,#6018);
#5406=LINE('',#12219,#6019);
#5407=LINE('',#12221,#6020);
#5408=LINE('',#12223,#6021);
#5409=LINE('',#12225,#6022);
#5410=LINE('',#12227,#6023);
#5411=LINE('',#12229,#6024);
#5412=LINE('',#12231,#6025);
#5413=LINE('',#12233,#6026);
#5414=LINE('',#12235,#6027);
#5415=LINE('',#12237,#6028);
#5416=LINE('',#12239,#6029);
#5417=LINE('',#12241,#6030);
#5418=LINE('',#12250,#6031);
#5419=LINE('',#12268,#6032);
#5420=LINE('',#12270,#6033);
#5421=LINE('',#12272,#6034);
#5422=LINE('',#12274,#6035);
#5423=LINE('',#12276,#6036);
#5424=LINE('',#12278,#6037);
#5425=LINE('',#12280,#6038);
#5426=LINE('',#12289,#6039);
#5427=LINE('',#12295,#6040);
#5428=LINE('',#12299,#6041);
#5429=LINE('',#12303,#6042);
#5430=LINE('',#12307,#6043);
#5431=LINE('',#12309,#6044);
#5432=LINE('',#12311,#6045);
#5433=LINE('',#12315,#6046);
#5434=LINE('',#12326,#6047);
#5435=LINE('',#12339,#6048);
#5436=LINE('',#12345,#6049);
#5437=LINE('',#12347,#6050);
#5438=LINE('',#12349,#6051);
#5439=LINE('',#12359,#6052);
#5440=LINE('',#12365,#6053);
#5441=LINE('',#12374,#6054);
#5442=LINE('',#12380,#6055);
#5443=LINE('',#12391,#6056);
#5444=LINE('',#12404,#6057);
#5445=LINE('',#12410,#6058);
#5446=LINE('',#12414,#6059);
#5447=LINE('',#12416,#6060);
#5448=LINE('',#12425,#6061);
#5449=LINE('',#12438,#6062);
#5450=LINE('',#12451,#6063);
#5451=LINE('',#12464,#6064);
#5452=LINE('',#12477,#6065);
#5453=LINE('',#12490,#6066);
#5454=LINE('',#12496,#6067);
#5455=LINE('',#12500,#6068);
#5456=LINE('',#12502,#6069);
#5457=LINE('',#12504,#6070);
#5458=LINE('',#12508,#6071);
#5459=LINE('',#12519,#6072);
#5460=LINE('',#12532,#6073);
#5461=LINE('',#12545,#6074);
#5462=LINE('',#12558,#6075);
#5463=LINE('',#12571,#6076);
#5464=LINE('',#12577,#6077);
#5465=LINE('',#12581,#6078);
#5466=LINE('',#12583,#6079);
#5467=LINE('',#12592,#6080);
#5468=LINE('',#12605,#6081);
#5469=LINE('',#12611,#6082);
#5470=LINE('',#12622,#6083);
#5471=LINE('',#12628,#6084);
#5472=LINE('',#12639,#6085);
#5473=LINE('',#12652,#6086);
#5474=LINE('',#12658,#6087);
#5475=LINE('',#12660,#6088);
#5476=LINE('',#12669,#6089);
#5477=LINE('',#12687,#6090);
#5478=LINE('',#12689,#6091);
#5479=LINE('',#12691,#6092);
#5480=LINE('',#12693,#6093);
#5481=LINE('',#12695,#6094);
#5482=LINE('',#12697,#6095);
#5483=LINE('',#12699,#6096);
#5484=LINE('',#12701,#6097);
#5485=LINE('',#12712,#6098);
#5486=LINE('',#12725,#6099);
#5487=LINE('',#12738,#6100);
#5488=LINE('',#12744,#6101);
#5489=LINE('',#12746,#6102);
#5490=LINE('',#12748,#6103);
#5491=LINE('',#12750,#6104);
#5492=LINE('',#12752,#6105);
#5493=LINE('',#12754,#6106);
#5494=LINE('',#12763,#6107);
#5495=LINE('',#12776,#6108);
#5496=LINE('',#12789,#6109);
#5497=LINE('',#12795,#6110);
#5498=LINE('',#12806,#6111);
#5499=LINE('',#12812,#6112);
#5500=LINE('',#12814,#6113);
#5501=LINE('',#12816,#6114);
#5502=LINE('',#12819,#6115);
#5503=LINE('',#12822,#6116);
#5504=LINE('',#12824,#6117);
#5505=LINE('',#12826,#6118);
#5506=LINE('',#12828,#6119);
#5507=LINE('',#12830,#6120);
#5508=LINE('',#12832,#6121);
#5509=LINE('',#12845,#6122);
#5510=LINE('',#12862,#6123);
#5511=LINE('',#12870,#6124);
#5512=LINE('',#12876,#6125);
#5513=LINE('',#12891,#6126);
#5514=LINE('',#12908,#6127);
#5515=LINE('',#12921,#6128);
#5516=LINE('',#12927,#6129);
#5517=LINE('',#12936,#6130);
#5518=LINE('',#12949,#6131);
#5519=LINE('',#12955,#6132);
#5520=LINE('',#12957,#6133);
#5521=LINE('',#12959,#6134);
#5522=LINE('',#12961,#6135);
#5523=LINE('',#12963,#6136);
#5524=LINE('',#12965,#6137);
#5525=LINE('',#12974,#6138);
#5526=LINE('',#12987,#6139);
#5527=LINE('',#12993,#6140);
#5528=LINE('',#12997,#6141);
#5529=LINE('',#13008,#6142);
#5530=LINE('',#13021,#6143);
#5531=LINE('',#13027,#6144);
#5532=LINE('',#13029,#6145);
#5533=LINE('',#13031,#6146);
#5534=LINE('',#13033,#6147);
#5535=LINE('',#13035,#6148);
#5536=LINE('',#13037,#6149);
#5537=LINE('',#13046,#6150);
#5538=LINE('',#13052,#6151);
#5539=LINE('',#13063,#6152);
#5540=LINE('',#13076,#6153);
#5541=LINE('',#13089,#6154);
#5542=LINE('',#13102,#6155);
#5543=LINE('',#13108,#6156);
#5544=LINE('',#13110,#6157);
#5545=LINE('',#13119,#6158);
#5546=LINE('',#13127,#6159);
#5547=LINE('',#13128,#6160);
#5548=LINE('',#13143,#6161);
#5549=LINE('',#13149,#6162);
#5550=LINE('',#13162,#6163);
#5551=LINE('',#13179,#6164);
#5552=LINE('',#13196,#6165);
#5553=LINE('',#13202,#6166);
#5554=LINE('',#13204,#6167);
#5555=LINE('',#13206,#6168);
#5556=LINE('',#13219,#6169);
#5557=LINE('',#13236,#6170);
#5558=LINE('',#13253,#6171);
#5559=LINE('',#13270,#6172);
#5560=LINE('',#13287,#6173);
#5561=LINE('',#13295,#6174);
#5562=LINE('',#13299,#6175);
#5563=LINE('',#13301,#6176);
#5564=LINE('',#13303,#6177);
#5565=LINE('',#13307,#6178);
#5566=LINE('',#13318,#6179);
#5567=LINE('',#13324,#6180);
#5568=LINE('',#13333,#6181);
#5569=LINE('',#13339,#6182);
#5570=LINE('',#13350,#6183);
#5571=LINE('',#13356,#6184);
#5572=LINE('',#13358,#6185);
#5573=LINE('',#13367,#6186);
#5574=LINE('',#13373,#6187);
#5575=LINE('',#13384,#6188);
#5576=LINE('',#13397,#6189);
#5577=LINE('',#13410,#6190);
#5578=LINE('',#13423,#6191);
#5579=LINE('',#13429,#6192);
#5580=LINE('',#13431,#6193);
#5581=LINE('',#13440,#6194);
#5582=LINE('',#13484,#6195);
#5583=LINE('',#13490,#6196);
#5584=LINE('',#13503,#6197);
#5585=LINE('',#13520,#6198);
#5586=LINE('',#13537,#6199);
#5587=LINE('',#13543,#6200);
#5588=LINE('',#13545,#6201);
#5589=LINE('',#13547,#6202);
#5590=LINE('',#13560,#6203);
#5591=LINE('',#13577,#6204);
#5592=LINE('',#13594,#6205);
#5593=LINE('',#13611,#6206);
#5594=LINE('',#13628,#6207);
#5595=LINE('',#13636,#6208);
#5596=LINE('',#13640,#6209);
#5597=LINE('',#13642,#6210);
#5598=LINE('',#13644,#6211);
#5599=LINE('',#13648,#6212);
#5600=LINE('',#13659,#6213);
#5601=LINE('',#13665,#6214);
#5602=LINE('',#13674,#6215);
#5603=LINE('',#13680,#6216);
#5604=LINE('',#13691,#6217);
#5605=LINE('',#13697,#6218);
#5606=LINE('',#13699,#6219);
#5607=LINE('',#13708,#6220);
#5608=LINE('',#13714,#6221);
#5609=LINE('',#13725,#6222);
#5610=LINE('',#13738,#6223);
#5611=LINE('',#13751,#6224);
#5612=LINE('',#13764,#6225);
#5613=LINE('',#13770,#6226);
#5614=LINE('',#13772,#6227);
#5615=LINE('',#13781,#6228);
#5616=LINE('',#13820,#6229);
#5617=LINE('',#13826,#6230);
#5618=LINE('',#13828,#6231);
#5619=LINE('',#13832,#6232);
#5620=LINE('',#13843,#6233);
#5621=LINE('',#13856,#6234);
#5622=LINE('',#13862,#6235);
#5623=LINE('',#13866,#6236);
#5624=LINE('',#13870,#6237);
#5625=LINE('',#13872,#6238);
#5626=LINE('',#13881,#6239);
#5627=LINE('',#13894,#6240);
#5628=LINE('',#13907,#6241);
#5629=LINE('',#13920,#6242);
#5630=LINE('',#13933,#6243);
#5631=LINE('',#13939,#6244);
#5632=LINE('',#13943,#6245);
#5633=LINE('',#13947,#6246);
#5634=LINE('',#13949,#6247);
#5635=LINE('',#13958,#6248);
#5636=LINE('',#13971,#6249);
#5637=LINE('',#13977,#6250);
#5638=LINE('',#13988,#6251);
#5639=LINE('',#14001,#6252);
#5640=LINE('',#14014,#6253);
#5641=LINE('',#14027,#6254);
#5642=LINE('',#14033,#6255);
#5643=LINE('',#14035,#6256);
#5644=LINE('',#14044,#6257);
#5645=LINE('',#14057,#6258);
#5646=LINE('',#14070,#6259);
#5647=LINE('',#14083,#6260);
#5648=LINE('',#14096,#6261);
#5649=LINE('',#14109,#6262);
#5650=LINE('',#14115,#6263);
#5651=LINE('',#14117,#6264);
#5652=LINE('',#14131,#6265);
#5653=LINE('',#14133,#6266);
#5654=LINE('',#14135,#6267);
#5655=LINE('',#14137,#6268);
#5656=LINE('',#14139,#6269);
#5657=LINE('',#14141,#6270);
#5658=LINE('',#14143,#6271);
#5659=LINE('',#14145,#6272);
#5660=LINE('',#14147,#6273);
#5661=LINE('',#14149,#6274);
#5662=LINE('',#14151,#6275);
#5663=LINE('',#14153,#6276);
#5664=LINE('',#14155,#6277);
#5665=LINE('',#14157,#6278);
#5666=LINE('',#14159,#6279);
#5667=LINE('',#14161,#6280);
#5668=LINE('',#14163,#6281);
#5669=LINE('',#14165,#6282);
#5670=LINE('',#14167,#6283);
#5671=LINE('',#14169,#6284);
#5672=LINE('',#14171,#6285);
#5673=LINE('',#14173,#6286);
#5674=LINE('',#14175,#6287);
#5675=LINE('',#14177,#6288);
#5676=LINE('',#14179,#6289);
#5677=LINE('',#14181,#6290);
#5678=LINE('',#14211,#6291);
#5679=LINE('',#14212,#6292);
#5680=LINE('',#14214,#6293);
#5681=LINE('',#14216,#6294);
#5682=LINE('',#14218,#6295);
#5683=LINE('',#14220,#6296);
#5684=LINE('',#14221,#6297);
#5685=LINE('',#14223,#6298);
#5686=LINE('',#14224,#6299);
#5687=LINE('',#14226,#6300);
#5688=LINE('',#14227,#6301);
#5689=VECTOR('',#8463,1.);
#5690=VECTOR('',#8464,1.);
#5691=VECTOR('',#8465,1.);
#5692=VECTOR('',#8466,1.);
#5693=VECTOR('',#8467,1.);
#5694=VECTOR('',#8470,1.);
#5695=VECTOR('',#8471,1.);
#5696=VECTOR('',#8472,1.);
#5697=VECTOR('',#8473,1.);
#5698=VECTOR('',#8474,1.);
#5699=VECTOR('',#8477,1.);
#5700=VECTOR('',#8480,1.);
#5701=VECTOR('',#8481,1.);
#5702=VECTOR('',#8484,1.);
#5703=VECTOR('',#8487,1.);
#5704=VECTOR('',#8488,1.);
#5705=VECTOR('',#8489,1.);
#5706=VECTOR('',#8490,1.);
#5707=VECTOR('',#8493,1.);
#5708=VECTOR('',#8494,1.);
#5709=VECTOR('',#8495,1.);
#5710=VECTOR('',#8496,1.);
#5711=VECTOR('',#8499,1.);
#5712=VECTOR('',#8500,1.);
#5713=VECTOR('',#8501,1.);
#5714=VECTOR('',#8502,1.);
#5715=VECTOR('',#8505,1.);
#5716=VECTOR('',#8506,1.);
#5717=VECTOR('',#8507,1.);
#5718=VECTOR('',#8508,1.);
#5719=VECTOR('',#8511,1.);
#5720=VECTOR('',#8512,1.);
#5721=VECTOR('',#8513,1.);
#5722=VECTOR('',#8514,1.);
#5723=VECTOR('',#8517,1.);
#5724=VECTOR('',#8518,1.);
#5725=VECTOR('',#8519,1.);
#5726=VECTOR('',#8520,1.);
#5727=VECTOR('',#8523,1.);
#5728=VECTOR('',#8524,1.);
#5729=VECTOR('',#8525,1.);
#5730=VECTOR('',#8526,1.);
#5731=VECTOR('',#8547,1.);
#5732=VECTOR('',#8550,1.);
#5733=VECTOR('',#8553,1.);
#5734=VECTOR('',#8554,1.);
#5735=VECTOR('',#8555,1.);
#5736=VECTOR('',#8556,1.);
#5737=VECTOR('',#8559,1.);
#5738=VECTOR('',#8560,1.);
#5739=VECTOR('',#8561,1.);
#5740=VECTOR('',#8564,1.);
#5741=VECTOR('',#8565,1.);
#5742=VECTOR('',#8570,1.);
#5743=VECTOR('',#8577,1.);
#5744=VECTOR('',#8580,1.);
#5745=VECTOR('',#8585,1.);
#5746=VECTOR('',#8586,1.);
#5747=VECTOR('',#8587,1.);
#5748=VECTOR('',#8588,1.);
#5749=VECTOR('',#8593,1.);
#5750=VECTOR('',#8600,1.);
#5751=VECTOR('',#8603,1.);
#5752=VECTOR('',#8604,1.);
#5753=VECTOR('',#8605,1.);
#5754=VECTOR('',#8606,1.);
#5755=VECTOR('',#8607,1.);
#5756=VECTOR('',#8608,1.);
#5757=VECTOR('',#8609,1.);
#5758=VECTOR('',#8610,1.);
#5759=VECTOR('',#8611,1.);
#5760=VECTOR('',#8612,1.);
#5761=VECTOR('',#8613,1.);
#5762=VECTOR('',#8618,1.);
#5763=VECTOR('',#8623,1.);
#5764=VECTOR('',#8626,1.);
#5765=VECTOR('',#8627,1.);
#5766=VECTOR('',#8628,1.);
#5767=VECTOR('',#8633,1.);
#5768=VECTOR('',#8634,1.);
#5769=VECTOR('',#8635,1.);
#5770=VECTOR('',#8640,1.);
#5771=VECTOR('',#8643,1.);
#5772=VECTOR('',#8644,1.);
#5773=VECTOR('',#8645,1.);
#5774=VECTOR('',#8650,1.);
#5775=VECTOR('',#8651,1.);
#5776=VECTOR('',#8652,1.);
#5777=VECTOR('',#8653,1.);
#5778=VECTOR('',#8656,1.);
#5779=VECTOR('',#8661,1.);
#5780=VECTOR('',#8662,1.);
#5781=VECTOR('',#8665,1.);
#5782=VECTOR('',#8670,1.);
#5783=VECTOR('',#8677,1.);
#5784=VECTOR('',#8678,1.);
#5785=VECTOR('',#8679,1.);
#5786=VECTOR('',#8680,1.);
#5787=VECTOR('',#8681,1.);
#5788=VECTOR('',#8682,1.);
#5789=VECTOR('',#8683,1.);
#5790=VECTOR('',#8684,1.);
#5791=VECTOR('',#8685,1.);
#5792=VECTOR('',#8686,1.);
#5793=VECTOR('',#8687,1.);
#5794=VECTOR('',#8688,1.);
#5795=VECTOR('',#8689,1.);
#5796=VECTOR('',#8692,1.);
#5797=VECTOR('',#8695,1.);
#5798=VECTOR('',#8696,1.);
#5799=VECTOR('',#8697,1.);
#5800=VECTOR('',#8700,1.);
#5801=VECTOR('',#8703,1.);
#5802=VECTOR('',#8708,1.);
#5803=VECTOR('',#8709,1.);
#5804=VECTOR('',#8710,1.);
#5805=VECTOR('',#8721,1.);
#5806=VECTOR('',#8726,1.);
#5807=VECTOR('',#8729,1.);
#5808=VECTOR('',#8730,1.);
#5809=VECTOR('',#8731,1.);
#5810=VECTOR('',#8732,1.);
#5811=VECTOR('',#8735,1.);
#5812=VECTOR('',#8740,1.);
#5813=VECTOR('',#8743,1.);
#5814=VECTOR('',#8744,1.);
#5815=VECTOR('',#8745,1.);
#5816=VECTOR('',#8746,1.);
#5817=VECTOR('',#8747,1.);
#5818=VECTOR('',#8748,1.);
#5819=VECTOR('',#8751,1.);
#5820=VECTOR('',#8752,1.);
#5821=VECTOR('',#8753,1.);
#5822=VECTOR('',#8754,1.);
#5823=VECTOR('',#8757,1.);
#5824=VECTOR('',#8758,1.);
#5825=VECTOR('',#8759,1.);
#5826=VECTOR('',#8760,1.);
#5827=VECTOR('',#8763,1.);
#5828=VECTOR('',#8764,1.);
#5829=VECTOR('',#8765,1.);
#5830=VECTOR('',#8768,1.);
#5831=VECTOR('',#8769,1.);
#5832=VECTOR('',#8770,1.);
#5833=VECTOR('',#8771,1.);
#5834=VECTOR('',#8776,1.);
#5835=VECTOR('',#8777,1.);
#5836=VECTOR('',#8778,1.);
#5837=VECTOR('',#8779,1.);
#5838=VECTOR('',#8780,1.);
#5839=VECTOR('',#8781,1.);
#5840=VECTOR('',#8784,1.);
#5841=VECTOR('',#8787,1.);
#5842=VECTOR('',#8788,1.);
#5843=VECTOR('',#8789,1.);
#5844=VECTOR('',#8790,1.);
#5845=VECTOR('',#8791,1.);
#5846=VECTOR('',#8794,1.);
#5847=VECTOR('',#8797,1.);
#5848=VECTOR('',#8804,1.);
#5849=VECTOR('',#8809,1.);
#5850=VECTOR('',#8812,1.);
#5851=VECTOR('',#8813,1.);
#5852=VECTOR('',#8814,1.);
#5853=VECTOR('',#8817,1.);
#5854=VECTOR('',#8832,1.);
#5855=VECTOR('',#8837,1.);
#5856=VECTOR('',#8842,1.);
#5857=VECTOR('',#8845,1.);
#5858=VECTOR('',#8862,1.);
#5859=VECTOR('',#8865,1.);
#5860=VECTOR('',#8900,1.);
#5861=VECTOR('',#8901,1.);
#5862=VECTOR('',#8902,1.);
#5863=VECTOR('',#8905,1.);
#5864=VECTOR('',#8908,1.);
#5865=VECTOR('',#8911,1.);
#5866=VECTOR('',#8914,1.);
#5867=VECTOR('',#8915,1.);
#5868=VECTOR('',#8916,1.);
#5869=VECTOR('',#8925,1.);
#5870=VECTOR('',#8926,1.);
#5871=VECTOR('',#8963,1.);
#5872=VECTOR('',#8964,1.);
#5873=VECTOR('',#8965,1.);
#5874=VECTOR('',#8966,1.);
#5875=VECTOR('',#8969,1.);
#5876=VECTOR('',#8970,1.);
#5877=VECTOR('',#8971,1.);
#5878=VECTOR('',#8974,1.);
#5879=VECTOR('',#8975,1.);
#5880=VECTOR('',#8976,1.);
#5881=VECTOR('',#8977,1.);
#5882=VECTOR('',#8980,1.);
#5883=VECTOR('',#8981,1.);
#5884=VECTOR('',#8982,1.);
#5885=VECTOR('',#8985,1.);
#5886=VECTOR('',#8986,1.);
#5887=VECTOR('',#8993,1.);
#5888=VECTOR('',#8994,1.);
#5889=VECTOR('',#8995,1.);
#5890=VECTOR('',#8996,1.);
#5891=VECTOR('',#9001,1.);
#5892=VECTOR('',#9002,1.);
#5893=VECTOR('',#9005,1.);
#5894=VECTOR('',#9006,1.);
#5895=VECTOR('',#9007,1.);
#5896=VECTOR('',#9008,1.);
#5897=VECTOR('',#9029,1.);
#5898=VECTOR('',#9032,1.);
#5899=VECTOR('',#9037,1.);
#5900=VECTOR('',#9038,1.);
#5901=VECTOR('',#9039,1.);
#5902=VECTOR('',#9044,1.);
#5903=VECTOR('',#9045,1.);
#5904=VECTOR('',#9046,1.);
#5905=VECTOR('',#9047,1.);
#5906=VECTOR('',#9050,1.);
#5907=VECTOR('',#9053,1.);
#5908=VECTOR('',#9054,1.);
#5909=VECTOR('',#9055,1.);
#5910=VECTOR('',#9056,1.);
#5911=VECTOR('',#9059,1.);
#5912=VECTOR('',#9060,1.);
#5913=VECTOR('',#9061,1.);
#5914=VECTOR('',#9062,1.);
#5915=VECTOR('',#9065,1.);
#5916=VECTOR('',#9066,1.);
#5917=VECTOR('',#9067,1.);
#5918=VECTOR('',#9070,1.);
#5919=VECTOR('',#9071,1.);
#5920=VECTOR('',#9072,1.);
#5921=VECTOR('',#9075,1.);
#5922=VECTOR('',#9076,1.);
#5923=VECTOR('',#9077,1.);
#5924=VECTOR('',#9078,1.);
#5925=VECTOR('',#9081,1.);
#5926=VECTOR('',#9082,1.);
#5927=VECTOR('',#9083,1.);
#5928=VECTOR('',#9084,1.);
#5929=VECTOR('',#9089,1.);
#5930=VECTOR('',#9090,1.);
#5931=VECTOR('',#9093,1.);
#5932=VECTOR('',#9094,1.);
#5933=VECTOR('',#9097,1.);
#5934=VECTOR('',#9098,1.);
#5935=VECTOR('',#9099,1.);
#5936=VECTOR('',#9172,1.);
#5937=VECTOR('',#9175,1.);
#5938=VECTOR('',#9178,1.);
#5939=VECTOR('',#9181,1.);
#5940=VECTOR('',#9186,1.);
#5941=VECTOR('',#9189,1.);
#5942=VECTOR('',#9194,1.);
#5943=VECTOR('',#9199,1.);
#5944=VECTOR('',#9212,1.);
#5945=VECTOR('',#9213,1.);
#5946=VECTOR('',#9318,1.);
#5947=VECTOR('',#9319,1.);
#5948=VECTOR('',#9320,1.);
#5949=VECTOR('',#9323,1.);
#5950=VECTOR('',#9324,1.);
#5951=VECTOR('',#9327,1.);
#5952=VECTOR('',#9330,1.);
#5953=VECTOR('',#9397,1.);
#5954=VECTOR('',#9398,1.);
#5955=VECTOR('',#9399,1.);
#5956=VECTOR('',#9400,1.);
#5957=VECTOR('',#9403,1.);
#5958=VECTOR('',#9404,1.);
#5959=VECTOR('',#9405,1.);
#5960=VECTOR('',#9406,1.);
#5961=VECTOR('',#9407,1.);
#5962=VECTOR('',#9412,1.);
#5963=VECTOR('',#9419,1.);
#5964=VECTOR('',#9422,1.);
#5965=VECTOR('',#9423,1.);
#5966=VECTOR('',#9424,1.);
#5967=VECTOR('',#9425,1.);
#5968=VECTOR('',#9426,1.);
#5969=VECTOR('',#9427,1.);
#5970=VECTOR('',#9430,1.);
#5971=VECTOR('',#9431,1.);
#5972=VECTOR('',#9434,1.);
#5973=VECTOR('',#9435,1.);
#5974=VECTOR('',#9438,1.);
#5975=VECTOR('',#9439,1.);
#5976=VECTOR('',#9440,1.);
#5977=VECTOR('',#9441,1.);
#5978=VECTOR('',#9444,1.);
#5979=VECTOR('',#9449,1.);
#5980=VECTOR('',#9452,1.);
#5981=VECTOR('',#9453,1.);
#5982=VECTOR('',#9456,1.);
#5983=VECTOR('',#9457,1.);
#5984=VECTOR('',#9460,1.);
#5985=VECTOR('',#9461,1.);
#5986=VECTOR('',#9464,1.);
#5987=VECTOR('',#9465,1.);
#5988=VECTOR('',#9466,1.);
#5989=VECTOR('',#9469,1.);
#5990=VECTOR('',#9472,1.);
#5991=VECTOR('',#9473,1.);
#5992=VECTOR('',#9474,1.);
#5993=VECTOR('',#9475,1.);
#5994=VECTOR('',#9478,1.);
#5995=VECTOR('',#9479,1.);
#5996=VECTOR('',#9480,1.);
#5997=VECTOR('',#9487,1.);
#5998=VECTOR('',#9488,1.);
#5999=VECTOR('',#9491,1.);
#6000=VECTOR('',#9492,1.);
#6001=VECTOR('',#9495,1.);
#6002=VECTOR('',#9500,1.);
#6003=VECTOR('',#9505,1.);
#6004=VECTOR('',#9506,1.);
#6005=VECTOR('',#9509,1.);
#6006=VECTOR('',#9514,1.);
#6007=VECTOR('',#9517,1.);
#6008=VECTOR('',#9518,1.);
#6009=VECTOR('',#9521,1.);
#6010=VECTOR('',#9522,1.);
#6011=VECTOR('',#9525,1.);
#6012=VECTOR('',#9526,1.);
#6013=VECTOR('',#9529,1.);
#6014=VECTOR('',#9530,1.);
#6015=VECTOR('',#9533,1.);
#6016=VECTOR('',#9534,1.);
#6017=VECTOR('',#9537,1.);
#6018=VECTOR('',#9538,1.);
#6019=VECTOR('',#9541,1.);
#6020=VECTOR('',#9542,1.);
#6021=VECTOR('',#9545,1.);
#6022=VECTOR('',#9546,1.);
#6023=VECTOR('',#9549,1.);
#6024=VECTOR('',#9550,1.);
#6025=VECTOR('',#9553,1.);
#6026=VECTOR('',#9554,1.);
#6027=VECTOR('',#9557,1.);
#6028=VECTOR('',#9558,1.);
#6029=VECTOR('',#9561,1.);
#6030=VECTOR('',#9562,1.);
#6031=VECTOR('',#9563,1.);
#6032=VECTOR('',#9568,1.);
#6033=VECTOR('',#9569,1.);
#6034=VECTOR('',#9570,1.);
#6035=VECTOR('',#9573,1.);
#6036=VECTOR('',#9574,1.);
#6037=VECTOR('',#9577,1.);
#6038=VECTOR('',#9578,1.);
#6039=VECTOR('',#9579,1.);
#6040=VECTOR('',#9582,1.);
#6041=VECTOR('',#9587,1.);
#6042=VECTOR('',#9592,1.);
#6043=VECTOR('',#9597,1.);
#6044=VECTOR('',#9598,1.);
#6045=VECTOR('',#9601,1.);
#6046=VECTOR('',#9606,1.);
#6047=VECTOR('',#9609,1.);
#6048=VECTOR('',#9610,1.);
#6049=VECTOR('',#9613,1.);
#6050=VECTOR('',#9614,1.);
#6051=VECTOR('',#9617,1.);
#6052=VECTOR('',#9620,1.);
#6053=VECTOR('',#9621,1.);
#6054=VECTOR('',#9622,1.);
#6055=VECTOR('',#9625,1.);
#6056=VECTOR('',#9628,1.);
#6057=VECTOR('',#9629,1.);
#6058=VECTOR('',#9632,1.);
#6059=VECTOR('',#9637,1.);
#6060=VECTOR('',#9638,1.);
#6061=VECTOR('',#9639,1.);
#6062=VECTOR('',#9640,1.);
#6063=VECTOR('',#9641,1.);
#6064=VECTOR('',#9642,1.);
#6065=VECTOR('',#9643,1.);
#6066=VECTOR('',#9644,1.);
#6067=VECTOR('',#9647,1.);
#6068=VECTOR('',#9652,1.);
#6069=VECTOR('',#9653,1.);
#6070=VECTOR('',#9656,1.);
#6071=VECTOR('',#9661,1.);
#6072=VECTOR('',#9664,1.);
#6073=VECTOR('',#9665,1.);
#6074=VECTOR('',#9666,1.);
#6075=VECTOR('',#9667,1.);
#6076=VECTOR('',#9668,1.);
#6077=VECTOR('',#9671,1.);
#6078=VECTOR('',#9676,1.);
#6079=VECTOR('',#9677,1.);
#6080=VECTOR('',#9678,1.);
#6081=VECTOR('',#9679,1.);
#6082=VECTOR('',#9682,1.);
#6083=VECTOR('',#9685,1.);
#6084=VECTOR('',#9688,1.);
#6085=VECTOR('',#9691,1.);
#6086=VECTOR('',#9692,1.);
#6087=VECTOR('',#9695,1.);
#6088=VECTOR('',#9696,1.);
#6089=VECTOR('',#9697,1.);
#6090=VECTOR('',#9702,1.);
#6091=VECTOR('',#9703,1.);
#6092=VECTOR('',#9704,1.);
#6093=VECTOR('',#9707,1.);
#6094=VECTOR('',#9708,1.);
#6095=VECTOR('',#9711,1.);
#6096=VECTOR('',#9712,1.);
#6097=VECTOR('',#9715,1.);
#6098=VECTOR('',#9718,1.);
#6099=VECTOR('',#9719,1.);
#6100=VECTOR('',#9720,1.);
#6101=VECTOR('',#9723,1.);
#6102=VECTOR('',#9724,1.);
#6103=VECTOR('',#9727,1.);
#6104=VECTOR('',#9728,1.);
#6105=VECTOR('',#9731,1.);
#6106=VECTOR('',#9732,1.);
#6107=VECTOR('',#9733,1.);
#6108=VECTOR('',#9734,1.);
#6109=VECTOR('',#9735,1.);
#6110=VECTOR('',#9738,1.);
#6111=VECTOR('',#9741,1.);
#6112=VECTOR('',#9744,1.);
#6113=VECTOR('',#9745,1.);
#6114=VECTOR('',#9748,1.);
#6115=VECTOR('',#9753,1.);
#6116=VECTOR('',#9754,1.);
#6117=VECTOR('',#9755,1.);
#6118=VECTOR('',#9756,1.);
#6119=VECTOR('',#9759,1.);
#6120=VECTOR('',#9760,1.);
#6121=VECTOR('',#9761,1.);
#6122=VECTOR('',#9762,1.);
#6123=VECTOR('',#9763,1.);
#6124=VECTOR('',#9768,1.);
#6125=VECTOR('',#9775,1.);
#6126=VECTOR('',#9778,1.);
#6127=VECTOR('',#9779,1.);
#6128=VECTOR('',#9780,1.);
#6129=VECTOR('',#9781,1.);
#6130=VECTOR('',#9782,1.);
#6131=VECTOR('',#9783,1.);
#6132=VECTOR('',#9786,1.);
#6133=VECTOR('',#9787,1.);
#6134=VECTOR('',#9790,1.);
#6135=VECTOR('',#9791,1.);
#6136=VECTOR('',#9794,1.);
#6137=VECTOR('',#9795,1.);
#6138=VECTOR('',#9796,1.);
#6139=VECTOR('',#9797,1.);
#6140=VECTOR('',#9800,1.);
#6141=VECTOR('',#9805,1.);
#6142=VECTOR('',#9808,1.);
#6143=VECTOR('',#9809,1.);
#6144=VECTOR('',#9812,1.);
#6145=VECTOR('',#9813,1.);
#6146=VECTOR('',#9816,1.);
#6147=VECTOR('',#9817,1.);
#6148=VECTOR('',#9820,1.);
#6149=VECTOR('',#9821,1.);
#6150=VECTOR('',#9822,1.);
#6151=VECTOR('',#9825,1.);
#6152=VECTOR('',#9828,1.);
#6153=VECTOR('',#9829,1.);
#6154=VECTOR('',#9830,1.);
#6155=VECTOR('',#9831,1.);
#6156=VECTOR('',#9834,1.);
#6157=VECTOR('',#9835,1.);
#6158=VECTOR('',#9836,1.);
#6159=VECTOR('',#9843,1.);
#6160=VECTOR('',#9844,1.);
#6161=VECTOR('',#9847,1.);
#6162=VECTOR('',#9848,1.);
#6163=VECTOR('',#9849,1.);
#6164=VECTOR('',#9850,1.);
#6165=VECTOR('',#9851,1.);
#6166=VECTOR('',#9854,1.);
#6167=VECTOR('',#9855,1.);
#6168=VECTOR('',#9856,1.);
#6169=VECTOR('',#9857,1.);
#6170=VECTOR('',#9858,1.);
#6171=VECTOR('',#9859,1.);
#6172=VECTOR('',#9860,1.);
#6173=VECTOR('',#9861,1.);
#6174=VECTOR('',#9866,1.);
#6175=VECTOR('',#9871,1.);
#6176=VECTOR('',#9872,1.);
#6177=VECTOR('',#9873,1.);
#6178=VECTOR('',#9878,1.);
#6179=VECTOR('',#9881,1.);
#6180=VECTOR('',#9882,1.);
#6181=VECTOR('',#9883,1.);
#6182=VECTOR('',#9886,1.);
#6183=VECTOR('',#9889,1.);
#6184=VECTOR('',#9892,1.);
#6185=VECTOR('',#9893,1.);
#6186=VECTOR('',#9894,1.);
#6187=VECTOR('',#9897,1.);
#6188=VECTOR('',#9900,1.);
#6189=VECTOR('',#9901,1.);
#6190=VECTOR('',#9902,1.);
#6191=VECTOR('',#9903,1.);
#6192=VECTOR('',#9906,1.);
#6193=VECTOR('',#9907,1.);
#6194=VECTOR('',#9908,1.);
#6195=VECTOR('',#9911,1.);
#6196=VECTOR('',#9912,1.);
#6197=VECTOR('',#9913,1.);
#6198=VECTOR('',#9914,1.);
#6199=VECTOR('',#9915,1.);
#6200=VECTOR('',#9918,1.);
#6201=VECTOR('',#9919,1.);
#6202=VECTOR('',#9920,1.);
#6203=VECTOR('',#9921,1.);
#6204=VECTOR('',#9922,1.);
#6205=VECTOR('',#9923,1.);
#6206=VECTOR('',#9924,1.);
#6207=VECTOR('',#9925,1.);
#6208=VECTOR('',#9930,1.);
#6209=VECTOR('',#9935,1.);
#6210=VECTOR('',#9936,1.);
#6211=VECTOR('',#9937,1.);
#6212=VECTOR('',#9942,1.);
#6213=VECTOR('',#9945,1.);
#6214=VECTOR('',#9946,1.);
#6215=VECTOR('',#9947,1.);
#6216=VECTOR('',#9950,1.);
#6217=VECTOR('',#9953,1.);
#6218=VECTOR('',#9956,1.);
#6219=VECTOR('',#9957,1.);
#6220=VECTOR('',#9958,1.);
#6221=VECTOR('',#9961,1.);
#6222=VECTOR('',#9964,1.);
#6223=VECTOR('',#9965,1.);
#6224=VECTOR('',#9966,1.);
#6225=VECTOR('',#9967,1.);
#6226=VECTOR('',#9970,1.);
#6227=VECTOR('',#9971,1.);
#6228=VECTOR('',#9972,1.);
#6229=VECTOR('',#9975,1.);
#6230=VECTOR('',#9976,1.);
#6231=VECTOR('',#9979,1.);
#6232=VECTOR('',#9984,1.);
#6233=VECTOR('',#9987,1.);
#6234=VECTOR('',#9988,1.);
#6235=VECTOR('',#9991,1.);
#6236=VECTOR('',#9996,1.);
#6237=VECTOR('',#10001,1.);
#6238=VECTOR('',#10002,1.);
#6239=VECTOR('',#10003,1.);
#6240=VECTOR('',#10004,1.);
#6241=VECTOR('',#10005,1.);
#6242=VECTOR('',#10006,1.);
#6243=VECTOR('',#10007,1.);
#6244=VECTOR('',#10010,1.);
#6245=VECTOR('',#10015,1.);
#6246=VECTOR('',#10020,1.);
#6247=VECTOR('',#10021,1.);
#6248=VECTOR('',#10022,1.);
#6249=VECTOR('',#10023,1.);
#6250=VECTOR('',#10026,1.);
#6251=VECTOR('',#10029,1.);
#6252=VECTOR('',#10030,1.);
#6253=VECTOR('',#10031,1.);
#6254=VECTOR('',#10032,1.);
#6255=VECTOR('',#10035,1.);
#6256=VECTOR('',#10036,1.);
#6257=VECTOR('',#10037,1.);
#6258=VECTOR('',#10038,1.);
#6259=VECTOR('',#10039,1.);
#6260=VECTOR('',#10040,1.);
#6261=VECTOR('',#10041,1.);
#6262=VECTOR('',#10042,1.);
#6263=VECTOR('',#10045,1.);
#6264=VECTOR('',#10046,1.);
#6265=VECTOR('',#10051,1.);
#6266=VECTOR('',#10052,1.);
#6267=VECTOR('',#10053,1.);
#6268=VECTOR('',#10056,1.);
#6269=VECTOR('',#10057,1.);
#6270=VECTOR('',#10060,1.);
#6271=VECTOR('',#10061,1.);
#6272=VECTOR('',#10064,1.);
#6273=VECTOR('',#10065,1.);
#6274=VECTOR('',#10068,1.);
#6275=VECTOR('',#10069,1.);
#6276=VECTOR('',#10072,1.);
#6277=VECTOR('',#10073,1.);
#6278=VECTOR('',#10076,1.);
#6279=VECTOR('',#10077,1.);
#6280=VECTOR('',#10080,1.);
#6281=VECTOR('',#10081,1.);
#6282=VECTOR('',#10084,1.);
#6283=VECTOR('',#10085,1.);
#6284=VECTOR('',#10088,1.);
#6285=VECTOR('',#10089,1.);
#6286=VECTOR('',#10092,1.);
#6287=VECTOR('',#10093,1.);
#6288=VECTOR('',#10096,1.);
#6289=VECTOR('',#10097,1.);
#6290=VECTOR('',#10100,1.);
#6291=VECTOR('',#10147,1.);
#6292=VECTOR('',#10148,1.);
#6293=VECTOR('',#10151,1.);
#6294=VECTOR('',#10154,1.);
#6295=VECTOR('',#10157,1.);
#6296=VECTOR('',#10160,1.);
#6297=VECTOR('',#10161,1.);
#6298=VECTOR('',#10164,1.);
#6299=VECTOR('',#10165,1.);
#6300=VECTOR('',#10168,1.);
#6301=VECTOR('',#10169,1.);
#6302=EDGE_LOOP('',(#848,#849,#850,#851,#852,#853,#854,#855,#856,#857,#858,
#859,#860,#861,#862,#863,#864,#865));
#6303=EDGE_LOOP('',(#866,#867,#868,#869));
#6304=EDGE_LOOP('',(#870,#871,#872,#873));
#6305=EDGE_LOOP('',(#874,#875,#876,#877));
#6306=EDGE_LOOP('',(#878,#879,#880,#881));
#6307=EDGE_LOOP('',(#882,#883,#884,#885));
#6308=EDGE_LOOP('',(#886,#887,#888,#889));
#6309=EDGE_LOOP('',(#890,#891,#892,#893));
#6310=EDGE_LOOP('',(#894));
#6311=EDGE_LOOP('',(#895));
#6312=EDGE_LOOP('',(#896));
#6313=EDGE_LOOP('',(#897));
#6314=EDGE_LOOP('',(#898));
#6315=EDGE_LOOP('',(#899));
#6316=EDGE_LOOP('',(#900,#901,#902,#903,#904,#905,#906,#907,#908,#909,#910,
#911,#912,#913));
#6317=EDGE_LOOP('',(#914,#915,#916,#917,#918,#919,#920,#921,#922,#923,#924,
#925,#926,#927,#928,#929,#930));
#6318=EDGE_LOOP('',(#931,#932,#933,#934,#935,#936,#937,#938,#939,#940,#941,
#942,#943,#944,#945,#946,#947,#948,#949,#950,#951,#952,#953,#954,#955,#956,
#957,#958,#959,#960,#961,#962,#963,#964));
#6319=EDGE_LOOP('',(#965,#966,#967,#968,#969,#970,#971,#972,#973,#974,#975,
#976,#977,#978));
#6320=EDGE_LOOP('',(#979,#980,#981,#982,#983,#984,#985,#986,#987,#988,#989,
#990,#991,#992,#993,#994,#995,#996,#997,#998,#999));
#6321=EDGE_LOOP('',(#1000,#1001,#1002,#1003,#1004,#1005,#1006,#1007,#1008,
#1009,#1010,#1011,#1012,#1013,#1014,#1015,#1016,#1017,#1018,#1019,#1020,
#1021,#1022,#1023));
#6322=EDGE_LOOP('',(#1024));
#6323=EDGE_LOOP('',(#1025,#1026,#1027,#1028,#1029,#1030,#1031,#1032,#1033,
#1034,#1035,#1036,#1037,#1038,#1039,#1040,#1041,#1042,#1043,#1044,#1045,
#1046,#1047,#1048));
#6324=EDGE_LOOP('',(#1049,#1050,#1051,#1052,#1053,#1054,#1055,#1056,#1057,
#1058,#1059,#1060,#1061,#1062));
#6325=EDGE_LOOP('',(#1063,#1064,#1065,#1066,#1067,#1068,#1069,#1070,#1071,
#1072,#1073,#1074,#1075,#1076,#1077,#1078,#1079,#1080,#1081,#1082,#1083,
#1084,#1085,#1086,#1087,#1088,#1089,#1090,#1091,#1092,#1093,#1094));
#6326=EDGE_LOOP('',(#1095,#1096,#1097,#1098,#1099,#1100,#1101,#1102,#1103,
#1104,#1105,#1106,#1107));
#6327=EDGE_LOOP('',(#1108,#1109,#1110,#1111,#1112));
#6328=EDGE_LOOP('',(#1113,#1114,#1115,#1116));
#6329=EDGE_LOOP('',(#1117,#1118,#1119,#1120));
#6330=EDGE_LOOP('',(#1121));
#6331=EDGE_LOOP('',(#1122,#1123,#1124,#1125,#1126,#1127));
#6332=EDGE_LOOP('',(#1128,#1129,#1130,#1131,#1132,#1133,#1134,#1135));
#6333=EDGE_LOOP('',(#1136,#1137,#1138,#1139,#1140,#1141,#1142,#1143,#1144,
#1145,#1146,#1147,#1148,#1149,#1150,#1151,#1152,#1153));
#6334=EDGE_LOOP('',(#1154,#1155,#1156,#1157));
#6335=EDGE_LOOP('',(#1158,#1159,#1160,#1161));
#6336=EDGE_LOOP('',(#1162,#1163,#1164,#1165));
#6337=EDGE_LOOP('',(#1166,#1167,#1168,#1169));
#6338=EDGE_LOOP('',(#1170,#1171,#1172,#1173,#1174,#1175,#1176,#1177,#1178,
#1179,#1180,#1181,#1182,#1183,#1184,#1185,#1186));
#6339=EDGE_LOOP('',(#1187,#1188,#1189,#1190,#1191,#1192));
#6340=EDGE_LOOP('',(#1193,#1194,#1195,#1196,#1197,#1198));
#6341=EDGE_LOOP('',(#1199,#1200,#1201,#1202));
#6342=EDGE_LOOP('',(#1203,#1204,#1205,#1206,#1207,#1208,#1209,#1210,#1211,
#1212,#1213,#1214,#1215,#1216,#1217,#1218,#1219,#1220,#1221,#1222,#1223,
#1224,#1225,#1226,#1227,#1228,#1229));
#6343=EDGE_LOOP('',(#1230));
#6344=EDGE_LOOP('',(#1231));
#6345=EDGE_LOOP('',(#1232));
#6346=EDGE_LOOP('',(#1233));
#6347=EDGE_LOOP('',(#1234,#1235,#1236,#1237,#1238,#1239));
#6348=EDGE_LOOP('',(#1240,#1241,#1242,#1243));
#6349=EDGE_LOOP('',(#1244,#1245,#1246));
#6350=EDGE_LOOP('',(#1247,#1248,#1249));
#6351=EDGE_LOOP('',(#1250,#1251,#1252,#1253));
#6352=EDGE_LOOP('',(#1254,#1255,#1256,#1257));
#6353=EDGE_LOOP('',(#1258));
#6354=EDGE_LOOP('',(#1259));
#6355=EDGE_LOOP('',(#1260,#1261,#1262,#1263));
#6356=EDGE_LOOP('',(#1264,#1265,#1266,#1267));
#6357=EDGE_LOOP('',(#1268,#1269,#1270,#1271));
#6358=EDGE_LOOP('',(#1272));
#6359=EDGE_LOOP('',(#1273));
#6360=EDGE_LOOP('',(#1274,#1275,#1276,#1277,#1278,#1279,#1280,#1281,#1282));
#6361=EDGE_LOOP('',(#1283,#1284,#1285,#1286));
#6362=EDGE_LOOP('',(#1287));
#6363=EDGE_LOOP('',(#1288,#1289,#1290,#1291,#1292,#1293));
#6364=EDGE_LOOP('',(#1294,#1295,#1296,#1297));
#6365=EDGE_LOOP('',(#1298));
#6366=EDGE_LOOP('',(#1299,#1300,#1301,#1302));
#6367=EDGE_LOOP('',(#1303,#1304,#1305));
#6368=EDGE_LOOP('',(#1306,#1307,#1308));
#6369=EDGE_LOOP('',(#1309,#1310,#1311,#1312));
#6370=EDGE_LOOP('',(#1313,#1314,#1315,#1316));
#6371=EDGE_LOOP('',(#1317,#1318,#1319,#1320));
#6372=EDGE_LOOP('',(#1321));
#6373=EDGE_LOOP('',(#1322));
#6374=EDGE_LOOP('',(#1323,#1324,#1325,#1326));
#6375=EDGE_LOOP('',(#1327,#1328,#1329,#1330));
#6376=EDGE_LOOP('',(#1331,#1332,#1333,#1334));
#6377=EDGE_LOOP('',(#1335,#1336,#1337,#1338,#1339,#1340));
#6378=EDGE_LOOP('',(#1341,#1342,#1343,#1344,#1345,#1346));
#6379=EDGE_LOOP('',(#1347,#1348,#1349,#1350));
#6380=EDGE_LOOP('',(#1351,#1352,#1353,#1354));
#6381=EDGE_LOOP('',(#1355,#1356,#1357,#1358));
#6382=EDGE_LOOP('',(#1359));
#6383=EDGE_LOOP('',(#1360));
#6384=EDGE_LOOP('',(#1361,#1362,#1363,#1364,#1365,#1366,#1367,#1368));
#6385=EDGE_LOOP('',(#1369,#1370,#1371,#1372));
#6386=EDGE_LOOP('',(#1373));
#6387=EDGE_LOOP('',(#1374,#1375,#1376,#1377,#1378,#1379,#1380,#1381));
#6388=EDGE_LOOP('',(#1382));
#6389=EDGE_LOOP('',(#1383));
#6390=EDGE_LOOP('',(#1384));
#6391=EDGE_LOOP('',(#1385));
#6392=EDGE_LOOP('',(#1386,#1387,#1388,#1389));
#6393=EDGE_LOOP('',(#1390,#1391,#1392,#1393));
#6394=EDGE_LOOP('',(#1394,#1395,#1396,#1397,#1398));
#6395=EDGE_LOOP('',(#1399,#1400,#1401,#1402,#1403,#1404,#1405,#1406,#1407,
#1408));
#6396=EDGE_LOOP('',(#1409,#1410,#1411,#1412,#1413,#1414));
#6397=EDGE_LOOP('',(#1415,#1416,#1417,#1418));
#6398=EDGE_LOOP('',(#1419,#1420,#1421,#1422));
#6399=EDGE_LOOP('',(#1423,#1424,#1425,#1426));
#6400=EDGE_LOOP('',(#1427,#1428,#1429,#1430));
#6401=EDGE_LOOP('',(#1431,#1432,#1433,#1434));
#6402=EDGE_LOOP('',(#1435,#1436,#1437,#1438));
#6403=EDGE_LOOP('',(#1439,#1440,#1441,#1442,#1443));
#6404=EDGE_LOOP('',(#1444,#1445,#1446,#1447,#1448));
#6405=EDGE_LOOP('',(#1449,#1450,#1451,#1452));
#6406=EDGE_LOOP('',(#1453,#1454,#1455,#1456));
#6407=EDGE_LOOP('',(#1457,#1458,#1459,#1460));
#6408=EDGE_LOOP('',(#1461,#1462,#1463,#1464));
#6409=EDGE_LOOP('',(#1465,#1466,#1467,#1468));
#6410=EDGE_LOOP('',(#1469,#1470,#1471,#1472));
#6411=EDGE_LOOP('',(#1473,#1474,#1475,#1476));
#6412=EDGE_LOOP('',(#1477,#1478,#1479,#1480));
#6413=EDGE_LOOP('',(#1481,#1482,#1483,#1484));
#6414=EDGE_LOOP('',(#1485,#1486,#1487,#1488));
#6415=EDGE_LOOP('',(#1489));
#6416=EDGE_LOOP('',(#1490));
#6417=EDGE_LOOP('',(#1491,#1492,#1493,#1494));
#6418=EDGE_LOOP('',(#1495));
#6419=EDGE_LOOP('',(#1496));
#6420=EDGE_LOOP('',(#1497,#1498,#1499,#1500));
#6421=EDGE_LOOP('',(#1501));
#6422=EDGE_LOOP('',(#1502));
#6423=EDGE_LOOP('',(#1503,#1504,#1505,#1506,#1507,#1508));
#6424=EDGE_LOOP('',(#1509,#1510,#1511,#1512,#1513,#1514,#1515,#1516,#1517,
#1518,#1519,#1520,#1521,#1522,#1523,#1524,#1525,#1526,#1527,#1528,#1529,
#1530,#1531,#1532,#1533,#1534,#1535));
#6425=EDGE_LOOP('',(#1536));
#6426=EDGE_LOOP('',(#1537));
#6427=EDGE_LOOP('',(#1538));
#6428=EDGE_LOOP('',(#1539));
#6429=EDGE_LOOP('',(#1540,#1541,#1542,#1543));
#6430=EDGE_LOOP('',(#1544,#1545,#1546,#1547));
#6431=EDGE_LOOP('',(#1548));
#6432=EDGE_LOOP('',(#1549));
#6433=EDGE_LOOP('',(#1550,#1551,#1552,#1553));
#6434=EDGE_LOOP('',(#1554,#1555,#1556,#1557));
#6435=EDGE_LOOP('',(#1558,#1559,#1560,#1561));
#6436=EDGE_LOOP('',(#1562,#1563,#1564,#1565));
#6437=EDGE_LOOP('',(#1566,#1567,#1568,#1569));
#6438=EDGE_LOOP('',(#1570,#1571,#1572,#1573));
#6439=EDGE_LOOP('',(#1574,#1575,#1576,#1577));
#6440=EDGE_LOOP('',(#1578,#1579,#1580,#1581));
#6441=EDGE_LOOP('',(#1582));
#6442=EDGE_LOOP('',(#1583));
#6443=EDGE_LOOP('',(#1584,#1585,#1586,#1587));
#6444=EDGE_LOOP('',(#1588,#1589,#1590,#1591));
#6445=EDGE_LOOP('',(#1592,#1593,#1594,#1595));
#6446=EDGE_LOOP('',(#1596,#1597,#1598,#1599));
#6447=EDGE_LOOP('',(#1600,#1601,#1602,#1603));
#6448=EDGE_LOOP('',(#1604,#1605,#1606));
#6449=EDGE_LOOP('',(#1607,#1608,#1609,#1610));
#6450=EDGE_LOOP('',(#1611,#1612,#1613,#1614));
#6451=EDGE_LOOP('',(#1615,#1616,#1617,#1618));
#6452=EDGE_LOOP('',(#1619,#1620,#1621));
#6453=EDGE_LOOP('',(#1622,#1623,#1624,#1625));
#6454=EDGE_LOOP('',(#1626,#1627,#1628,#1629));
#6455=EDGE_LOOP('',(#1630,#1631,#1632,#1633));
#6456=EDGE_LOOP('',(#1634,#1635,#1636,#1637));
#6457=EDGE_LOOP('',(#1638,#1639,#1640,#1641));
#6458=EDGE_LOOP('',(#1642,#1643,#1644,#1645,#1646));
#6459=EDGE_LOOP('',(#1647,#1648,#1649));
#6460=EDGE_LOOP('',(#1650,#1651,#1652,#1653));
#6461=EDGE_LOOP('',(#1654,#1655,#1656,#1657));
#6462=EDGE_LOOP('',(#1658,#1659,#1660,#1661));
#6463=EDGE_LOOP('',(#1662,#1663,#1664,#1665,#1666,#1667));
#6464=EDGE_LOOP('',(#1668,#1669,#1670,#1671));
#6465=EDGE_LOOP('',(#1672,#1673,#1674,#1675,#1676,#1677));
#6466=EDGE_LOOP('',(#1678,#1679,#1680,#1681));
#6467=EDGE_LOOP('',(#1682,#1683,#1684,#1685));
#6468=EDGE_LOOP('',(#1686,#1687,#1688,#1689));
#6469=EDGE_LOOP('',(#1690,#1691,#1692,#1693));
#6470=EDGE_LOOP('',(#1694,#1695,#1696));
#6471=EDGE_LOOP('',(#1697,#1698,#1699,#1700));
#6472=EDGE_LOOP('',(#1701,#1702,#1703));
#6473=EDGE_LOOP('',(#1704,#1705,#1706,#1707));
#6474=EDGE_LOOP('',(#1708,#1709,#1710,#1711));
#6475=EDGE_LOOP('',(#1712,#1713,#1714,#1715));
#6476=EDGE_LOOP('',(#1716,#1717,#1718,#1719));
#6477=EDGE_LOOP('',(#1720,#1721,#1722));
#6478=EDGE_LOOP('',(#1723,#1724,#1725,#1726));
#6479=EDGE_LOOP('',(#1727,#1728,#1729,#1730));
#6480=EDGE_LOOP('',(#1731,#1732,#1733,#1734));
#6481=EDGE_LOOP('',(#1735,#1736,#1737));
#6482=EDGE_LOOP('',(#1738,#1739,#1740,#1741));
#6483=EDGE_LOOP('',(#1742,#1743,#1744,#1745));
#6484=EDGE_LOOP('',(#1746,#1747,#1748,#1749));
#6485=EDGE_LOOP('',(#1750,#1751,#1752,#1753));
#6486=EDGE_LOOP('',(#1754,#1755,#1756,#1757));
#6487=EDGE_LOOP('',(#1758,#1759,#1760,#1761));
#6488=EDGE_LOOP('',(#1762,#1763,#1764,#1765));
#6489=EDGE_LOOP('',(#1766,#1767,#1768,#1769));
#6490=EDGE_LOOP('',(#1770,#1771,#1772,#1773));
#6491=EDGE_LOOP('',(#1774,#1775,#1776,#1777));
#6492=EDGE_LOOP('',(#1778,#1779,#1780,#1781));
#6493=EDGE_LOOP('',(#1782,#1783,#1784,#1785));
#6494=EDGE_LOOP('',(#1786,#1787,#1788,#1789));
#6495=EDGE_LOOP('',(#1790,#1791,#1792,#1793));
#6496=EDGE_LOOP('',(#1794,#1795,#1796,#1797));
#6497=EDGE_LOOP('',(#1798,#1799,#1800,#1801));
#6498=EDGE_LOOP('',(#1802,#1803,#1804,#1805));
#6499=EDGE_LOOP('',(#1806,#1807,#1808,#1809));
#6500=EDGE_LOOP('',(#1810,#1811,#1812,#1813));
#6501=EDGE_LOOP('',(#1814,#1815,#1816,#1817));
#6502=EDGE_LOOP('',(#1818,#1819,#1820,#1821));
#6503=EDGE_LOOP('',(#1822,#1823,#1824,#1825));
#6504=EDGE_LOOP('',(#1826,#1827,#1828,#1829));
#6505=EDGE_LOOP('',(#1830,#1831,#1832,#1833));
#6506=EDGE_LOOP('',(#1834,#1835,#1836,#1837));
#6507=EDGE_LOOP('',(#1838,#1839,#1840,#1841));
#6508=EDGE_LOOP('',(#1842,#1843,#1844,#1845));
#6509=EDGE_LOOP('',(#1846,#1847,#1848,#1849));
#6510=EDGE_LOOP('',(#1850,#1851,#1852,#1853));
#6511=EDGE_LOOP('',(#1854,#1855,#1856,#1857));
#6512=EDGE_LOOP('',(#1858,#1859,#1860,#1861));
#6513=EDGE_LOOP('',(#1862,#1863,#1864,#1865));
#6514=EDGE_LOOP('',(#1866,#1867,#1868,#1869));
#6515=EDGE_LOOP('',(#1870,#1871,#1872,#1873));
#6516=EDGE_LOOP('',(#1874,#1875,#1876,#1877));
#6517=EDGE_LOOP('',(#1878,#1879,#1880,#1881));
#6518=EDGE_LOOP('',(#1882,#1883,#1884,#1885,#1886,#1887,#1888,#1889,#1890,
#1891,#1892,#1893,#1894,#1895,#1896,#1897,#1898,#1899,#1900,#1901,#1902,
#1903,#1904,#1905));
#6519=EDGE_LOOP('',(#1906,#1907,#1908,#1909,#1910,#1911,#1912,#1913,#1914));
#6520=EDGE_LOOP('',(#1915,#1916,#1917,#1918));
#6521=EDGE_LOOP('',(#1919,#1920,#1921,#1922));
#6522=EDGE_LOOP('',(#1923,#1924,#1925,#1926));
#6523=EDGE_LOOP('',(#1927,#1928,#1929,#1930));
#6524=EDGE_LOOP('',(#1931,#1932,#1933,#1934));
#6525=EDGE_LOOP('',(#1935,#1936,#1937,#1938));
#6526=EDGE_LOOP('',(#1939,#1940,#1941,#1942));
#6527=EDGE_LOOP('',(#1943,#1944,#1945,#1946));
#6528=EDGE_LOOP('',(#1947,#1948,#1949,#1950));
#6529=EDGE_LOOP('',(#1951,#1952,#1953,#1954));
#6530=EDGE_LOOP('',(#1955,#1956,#1957,#1958));
#6531=EDGE_LOOP('',(#1959,#1960,#1961,#1962));
#6532=EDGE_LOOP('',(#1963,#1964,#1965,#1966));
#6533=EDGE_LOOP('',(#1967,#1968,#1969,#1970));
#6534=EDGE_LOOP('',(#1971,#1972,#1973,#1974));
#6535=EDGE_LOOP('',(#1975,#1976,#1977,#1978));
#6536=EDGE_LOOP('',(#1979,#1980,#1981,#1982));
#6537=EDGE_LOOP('',(#1983,#1984,#1985,#1986));
#6538=EDGE_LOOP('',(#1987,#1988,#1989,#1990));
#6539=EDGE_LOOP('',(#1991,#1992,#1993,#1994));
#6540=EDGE_LOOP('',(#1995,#1996,#1997,#1998));
#6541=EDGE_LOOP('',(#1999,#2000,#2001,#2002,#2003,#2004,#2005,#2006,#2007,
#2008,#2009,#2010,#2011,#2012,#2013,#2014,#2015,#2016,#2017,#2018,#2019));
#6542=EDGE_LOOP('',(#2020,#2021,#2022,#2023));
#6543=EDGE_LOOP('',(#2024,#2025,#2026,#2027));
#6544=EDGE_LOOP('',(#2028,#2029,#2030,#2031));
#6545=EDGE_LOOP('',(#2032,#2033,#2034,#2035));
#6546=EDGE_LOOP('',(#2036,#2037,#2038,#2039));
#6547=EDGE_LOOP('',(#2040,#2041,#2042,#2043));
#6548=EDGE_LOOP('',(#2044,#2045,#2046,#2047));
#6549=EDGE_LOOP('',(#2048,#2049,#2050,#2051));
#6550=EDGE_LOOP('',(#2052,#2053,#2054,#2055));
#6551=EDGE_LOOP('',(#2056,#2057,#2058,#2059));
#6552=EDGE_LOOP('',(#2060,#2061,#2062,#2063));
#6553=EDGE_LOOP('',(#2064,#2065,#2066,#2067));
#6554=EDGE_LOOP('',(#2068,#2069,#2070,#2071));
#6555=EDGE_LOOP('',(#2072,#2073,#2074,#2075));
#6556=EDGE_LOOP('',(#2076,#2077,#2078,#2079,#2080,#2081,#2082,#2083,#2084,
#2085,#2086,#2087,#2088,#2089));
#6557=EDGE_LOOP('',(#2090,#2091,#2092,#2093));
#6558=EDGE_LOOP('',(#2094,#2095,#2096,#2097));
#6559=EDGE_LOOP('',(#2098,#2099,#2100,#2101));
#6560=EDGE_LOOP('',(#2102,#2103,#2104,#2105));
#6561=EDGE_LOOP('',(#2106,#2107,#2108,#2109));
#6562=EDGE_LOOP('',(#2110,#2111,#2112,#2113));
#6563=EDGE_LOOP('',(#2114,#2115,#2116,#2117));
#6564=EDGE_LOOP('',(#2118,#2119,#2120,#2121));
#6565=EDGE_LOOP('',(#2122,#2123,#2124,#2125));
#6566=EDGE_LOOP('',(#2126,#2127,#2128,#2129));
#6567=EDGE_LOOP('',(#2130,#2131,#2132,#2133));
#6568=EDGE_LOOP('',(#2134,#2135,#2136,#2137));
#6569=EDGE_LOOP('',(#2138,#2139,#2140,#2141));
#6570=EDGE_LOOP('',(#2142,#2143,#2144,#2145));
#6571=EDGE_LOOP('',(#2146,#2147,#2148,#2149));
#6572=EDGE_LOOP('',(#2150,#2151,#2152,#2153));
#6573=EDGE_LOOP('',(#2154,#2155,#2156,#2157));
#6574=EDGE_LOOP('',(#2158,#2159,#2160,#2161));
#6575=EDGE_LOOP('',(#2162,#2163,#2164,#2165));
#6576=EDGE_LOOP('',(#2166,#2167,#2168,#2169));
#6577=EDGE_LOOP('',(#2170,#2171,#2172,#2173));
#6578=EDGE_LOOP('',(#2174,#2175,#2176,#2177));
#6579=EDGE_LOOP('',(#2178,#2179,#2180,#2181));
#6580=EDGE_LOOP('',(#2182,#2183,#2184,#2185));
#6581=EDGE_LOOP('',(#2186,#2187,#2188,#2189));
#6582=EDGE_LOOP('',(#2190,#2191,#2192,#2193));
#6583=EDGE_LOOP('',(#2194,#2195,#2196,#2197));
#6584=EDGE_LOOP('',(#2198,#2199,#2200,#2201));
#6585=EDGE_LOOP('',(#2202,#2203,#2204,#2205));
#6586=EDGE_LOOP('',(#2206,#2207,#2208,#2209));
#6587=EDGE_LOOP('',(#2210,#2211,#2212,#2213));
#6588=EDGE_LOOP('',(#2214,#2215,#2216,#2217));
#6589=EDGE_LOOP('',(#2218,#2219,#2220,#2221));
#6590=EDGE_LOOP('',(#2222,#2223,#2224,#2225));
#6591=EDGE_LOOP('',(#2226,#2227,#2228,#2229,#2230,#2231,#2232,#2233,#2234,
#2235,#2236,#2237,#2238,#2239,#2240,#2241,#2242,#2243,#2244,#2245,#2246,
#2247,#2248,#2249,#2250,#2251,#2252,#2253,#2254,#2255,#2256,#2257,#2258,
#2259));
#6592=EDGE_LOOP('',(#2260,#2261,#2262,#2263));
#6593=EDGE_LOOP('',(#2264,#2265,#2266,#2267));
#6594=EDGE_LOOP('',(#2268,#2269,#2270,#2271));
#6595=EDGE_LOOP('',(#2272,#2273,#2274,#2275));
#6596=EDGE_LOOP('',(#2276,#2277,#2278,#2279));
#6597=EDGE_LOOP('',(#2280,#2281,#2282,#2283));
#6598=EDGE_LOOP('',(#2284,#2285,#2286,#2287));
#6599=EDGE_LOOP('',(#2288,#2289,#2290,#2291));
#6600=EDGE_LOOP('',(#2292,#2293,#2294,#2295));
#6601=EDGE_LOOP('',(#2296,#2297,#2298,#2299));
#6602=EDGE_LOOP('',(#2300,#2301,#2302,#2303));
#6603=EDGE_LOOP('',(#2304,#2305,#2306,#2307));
#6604=EDGE_LOOP('',(#2308,#2309,#2310,#2311));
#6605=EDGE_LOOP('',(#2312,#2313,#2314,#2315));
#6606=EDGE_LOOP('',(#2316,#2317,#2318,#2319));
#6607=EDGE_LOOP('',(#2320,#2321,#2322,#2323));
#6608=EDGE_LOOP('',(#2324,#2325,#2326,#2327));
#6609=EDGE_LOOP('',(#2328,#2329,#2330,#2331,#2332,#2333,#2334,#2335,#2336,
#2337,#2338,#2339,#2340,#2341,#2342,#2343,#2344));
#6610=EDGE_LOOP('',(#2345,#2346,#2347,#2348));
#6611=EDGE_LOOP('',(#2349,#2350,#2351,#2352));
#6612=EDGE_LOOP('',(#2353,#2354,#2355,#2356));
#6613=EDGE_LOOP('',(#2357,#2358,#2359,#2360));
#6614=EDGE_LOOP('',(#2361,#2362,#2363,#2364));
#6615=EDGE_LOOP('',(#2365,#2366,#2367,#2368));
#6616=EDGE_LOOP('',(#2369,#2370,#2371,#2372));
#6617=EDGE_LOOP('',(#2373,#2374,#2375,#2376));
#6618=EDGE_LOOP('',(#2377,#2378,#2379,#2380));
#6619=EDGE_LOOP('',(#2381,#2382,#2383,#2384));
#6620=EDGE_LOOP('',(#2385,#2386,#2387,#2388));
#6621=EDGE_LOOP('',(#2389,#2390,#2391,#2392));
#6622=EDGE_LOOP('',(#2393,#2394,#2395,#2396));
#6623=EDGE_LOOP('',(#2397,#2398,#2399,#2400));
#6624=EDGE_LOOP('',(#2401,#2402,#2403,#2404));
#6625=EDGE_LOOP('',(#2405,#2406,#2407,#2408));
#6626=EDGE_LOOP('',(#2409,#2410,#2411,#2412));
#6627=EDGE_LOOP('',(#2413,#2414,#2415,#2416));
#6628=EDGE_LOOP('',(#2417,#2418,#2419,#2420));
#6629=EDGE_LOOP('',(#2421,#2422,#2423,#2424));
#6630=EDGE_LOOP('',(#2425,#2426,#2427,#2428));
#6631=EDGE_LOOP('',(#2429,#2430,#2431,#2432));
#6632=EDGE_LOOP('',(#2433,#2434,#2435,#2436));
#6633=EDGE_LOOP('',(#2437,#2438,#2439,#2440));
#6634=EDGE_LOOP('',(#2441,#2442,#2443,#2444));
#6635=EDGE_LOOP('',(#2445,#2446,#2447,#2448));
#6636=EDGE_LOOP('',(#2449,#2450,#2451,#2452));
#6637=EDGE_LOOP('',(#2453,#2454,#2455,#2456));
#6638=EDGE_LOOP('',(#2457,#2458,#2459,#2460));
#6639=EDGE_LOOP('',(#2461,#2462,#2463,#2464));
#6640=EDGE_LOOP('',(#2465,#2466,#2467,#2468));
#6641=EDGE_LOOP('',(#2469,#2470,#2471,#2472));
#6642=EDGE_LOOP('',(#2473,#2474,#2475,#2476));
#6643=EDGE_LOOP('',(#2477,#2478,#2479,#2480,#2481,#2482,#2483,#2484,#2485,
#2486,#2487,#2488,#2489,#2490,#2491,#2492,#2493,#2494,#2495,#2496,#2497,
#2498,#2499,#2500));
#6644=EDGE_LOOP('',(#2501,#2502,#2503,#2504,#2505,#2506,#2507,#2508,#2509));
#6645=EDGE_LOOP('',(#2510,#2511,#2512,#2513));
#6646=EDGE_LOOP('',(#2514,#2515,#2516,#2517));
#6647=EDGE_LOOP('',(#2518,#2519,#2520,#2521));
#6648=EDGE_LOOP('',(#2522,#2523,#2524,#2525));
#6649=EDGE_LOOP('',(#2526,#2527,#2528,#2529));
#6650=EDGE_LOOP('',(#2530,#2531,#2532,#2533));
#6651=EDGE_LOOP('',(#2534,#2535,#2536,#2537));
#6652=EDGE_LOOP('',(#2538,#2539,#2540,#2541));
#6653=EDGE_LOOP('',(#2542,#2543,#2544,#2545));
#6654=EDGE_LOOP('',(#2546,#2547,#2548,#2549));
#6655=EDGE_LOOP('',(#2550,#2551,#2552,#2553));
#6656=EDGE_LOOP('',(#2554,#2555,#2556,#2557));
#6657=EDGE_LOOP('',(#2558,#2559,#2560,#2561));
#6658=EDGE_LOOP('',(#2562,#2563,#2564,#2565));
#6659=EDGE_LOOP('',(#2566,#2567,#2568,#2569));
#6660=EDGE_LOOP('',(#2570,#2571,#2572,#2573));
#6661=EDGE_LOOP('',(#2574,#2575,#2576,#2577));
#6662=EDGE_LOOP('',(#2578,#2579,#2580,#2581));
#6663=EDGE_LOOP('',(#2582,#2583,#2584,#2585));
#6664=EDGE_LOOP('',(#2586,#2587,#2588,#2589));
#6665=EDGE_LOOP('',(#2590,#2591,#2592,#2593));
#6666=EDGE_LOOP('',(#2594,#2595,#2596,#2597));
#6667=EDGE_LOOP('',(#2598,#2599,#2600,#2601));
#6668=EDGE_LOOP('',(#2602,#2603,#2604,#2605));
#6669=EDGE_LOOP('',(#2606,#2607,#2608,#2609));
#6670=EDGE_LOOP('',(#2610,#2611,#2612,#2613));
#6671=EDGE_LOOP('',(#2614,#2615,#2616,#2617));
#6672=EDGE_LOOP('',(#2618,#2619,#2620,#2621));
#6673=EDGE_LOOP('',(#2622,#2623,#2624,#2625,#2626,#2627,#2628,#2629,#2630,
#2631,#2632,#2633,#2634,#2635));
#6674=EDGE_LOOP('',(#2636,#2637,#2638,#2639,#2640,#2641,#2642,#2643,#2644,
#2645,#2646,#2647,#2648,#2649));
#6675=EDGE_LOOP('',(#2650,#2651,#2652,#2653));
#6676=EDGE_LOOP('',(#2654,#2655,#2656,#2657));
#6677=EDGE_LOOP('',(#2658,#2659,#2660,#2661));
#6678=EDGE_LOOP('',(#2662,#2663,#2664,#2665));
#6679=EDGE_LOOP('',(#2666,#2667,#2668,#2669));
#6680=EDGE_LOOP('',(#2670,#2671,#2672,#2673));
#6681=EDGE_LOOP('',(#2674,#2675,#2676,#2677));
#6682=EDGE_LOOP('',(#2678,#2679,#2680,#2681));
#6683=EDGE_LOOP('',(#2682,#2683,#2684,#2685));
#6684=EDGE_LOOP('',(#2686,#2687,#2688,#2689));
#6685=EDGE_LOOP('',(#2690,#2691,#2692,#2693));
#6686=EDGE_LOOP('',(#2694,#2695,#2696,#2697));
#6687=EDGE_LOOP('',(#2698,#2699,#2700,#2701));
#6688=EDGE_LOOP('',(#2702,#2703,#2704,#2705));
#6689=EDGE_LOOP('',(#2706,#2707,#2708,#2709));
#6690=EDGE_LOOP('',(#2710,#2711,#2712,#2713));
#6691=EDGE_LOOP('',(#2714,#2715,#2716,#2717));
#6692=EDGE_LOOP('',(#2718,#2719,#2720,#2721));
#6693=EDGE_LOOP('',(#2722,#2723,#2724,#2725));
#6694=EDGE_LOOP('',(#2726,#2727,#2728,#2729));
#6695=EDGE_LOOP('',(#2730,#2731,#2732,#2733));
#6696=EDGE_LOOP('',(#2734,#2735,#2736,#2737));
#6697=EDGE_LOOP('',(#2738,#2739,#2740,#2741));
#6698=EDGE_LOOP('',(#2742,#2743,#2744,#2745));
#6699=EDGE_LOOP('',(#2746,#2747,#2748,#2749));
#6700=EDGE_LOOP('',(#2750,#2751,#2752,#2753));
#6701=EDGE_LOOP('',(#2754,#2755,#2756,#2757));
#6702=EDGE_LOOP('',(#2758,#2759,#2760,#2761));
#6703=EDGE_LOOP('',(#2762,#2763,#2764,#2765,#2766,#2767,#2768,#2769,#2770,
#2771,#2772,#2773,#2774,#2775));
#6704=EDGE_LOOP('',(#2776,#2777,#2778,#2779,#2780,#2781,#2782,#2783,#2784,
#2785,#2786,#2787,#2788,#2789));
#6705=EDGE_LOOP('',(#2790,#2791,#2792,#2793));
#6706=EDGE_LOOP('',(#2794,#2795,#2796,#2797));
#6707=EDGE_LOOP('',(#2798,#2799,#2800,#2801));
#6708=EDGE_LOOP('',(#2802,#2803,#2804,#2805));
#6709=EDGE_LOOP('',(#2806,#2807,#2808,#2809));
#6710=EDGE_LOOP('',(#2810,#2811,#2812,#2813));
#6711=EDGE_LOOP('',(#2814,#2815,#2816,#2817));
#6712=EDGE_LOOP('',(#2818,#2819,#2820,#2821));
#6713=EDGE_LOOP('',(#2822,#2823,#2824,#2825));
#6714=EDGE_LOOP('',(#2826,#2827,#2828,#2829));
#6715=EDGE_LOOP('',(#2830,#2831,#2832,#2833));
#6716=EDGE_LOOP('',(#2834,#2835,#2836,#2837));
#6717=EDGE_LOOP('',(#2838,#2839,#2840,#2841));
#6718=EDGE_LOOP('',(#2842,#2843,#2844,#2845));
#6719=EDGE_LOOP('',(#2846,#2847,#2848,#2849));
#6720=EDGE_LOOP('',(#2850,#2851,#2852,#2853));
#6721=EDGE_LOOP('',(#2854,#2855,#2856,#2857));
#6722=EDGE_LOOP('',(#2858,#2859,#2860,#2861));
#6723=EDGE_LOOP('',(#2862,#2863,#2864,#2865));
#6724=EDGE_LOOP('',(#2866,#2867,#2868,#2869));
#6725=EDGE_LOOP('',(#2870,#2871,#2872,#2873));
#6726=EDGE_LOOP('',(#2874,#2875,#2876,#2877));
#6727=EDGE_LOOP('',(#2878,#2879,#2880,#2881));
#6728=EDGE_LOOP('',(#2882,#2883,#2884,#2885));
#6729=EDGE_LOOP('',(#2886,#2887,#2888,#2889));
#6730=EDGE_LOOP('',(#2890,#2891,#2892,#2893));
#6731=EDGE_LOOP('',(#2894,#2895,#2896,#2897));
#6732=EDGE_LOOP('',(#2898,#2899,#2900,#2901));
#6733=EDGE_LOOP('',(#2902,#2903,#2904,#2905));
#6734=EDGE_LOOP('',(#2906,#2907,#2908,#2909));
#6735=EDGE_LOOP('',(#2910,#2911,#2912,#2913));
#6736=EDGE_LOOP('',(#2914,#2915,#2916,#2917));
#6737=EDGE_LOOP('',(#2918,#2919,#2920,#2921,#2922,#2923,#2924,#2925,#2926,
#2927,#2928,#2929,#2930,#2931,#2932,#2933,#2934,#2935,#2936,#2937,#2938,
#2939,#2940,#2941,#2942,#2943,#2944,#2945,#2946,#2947,#2948,#2949));
#6738=EDGE_LOOP('',(#2950,#2951,#2952,#2953));
#6739=EDGE_LOOP('',(#2954,#2955,#2956,#2957));
#6740=EDGE_LOOP('',(#2958,#2959,#2960,#2961));
#6741=EDGE_LOOP('',(#2962,#2963,#2964,#2965));
#6742=EDGE_LOOP('',(#2966,#2967,#2968,#2969));
#6743=EDGE_LOOP('',(#2970,#2971,#2972,#2973));
#6744=EDGE_LOOP('',(#2974,#2975,#2976,#2977));
#6745=EDGE_LOOP('',(#2978,#2979,#2980,#2981));
#6746=EDGE_LOOP('',(#2982,#2983,#2984,#2985));
#6747=EDGE_LOOP('',(#2986,#2987,#2988,#2989));
#6748=EDGE_LOOP('',(#2990,#2991,#2992,#2993));
#6749=EDGE_LOOP('',(#2994,#2995,#2996,#2997));
#6750=EDGE_LOOP('',(#2998,#2999,#3000,#3001));
#6751=EDGE_LOOP('',(#3002,#3003,#3004,#3005,#3006,#3007,#3008,#3009,#3010,
#3011,#3012,#3013,#3014));
#6752=EDGE_LOOP('',(#3015,#3016,#3017,#3018,#3019,#3020,#3021,#3022,#3023));
#6753=EDGE_LOOP('',(#3024,#3025,#3026,#3027,#3028,#3029,#3030,#3031,#3032));
#6754=EDGE_LOOP('',(#3033,#3034,#3035,#3036,#3037,#3038,#3039,#3040,#3041,
#3042,#3043,#3044,#3045,#3046));
#6755=EDGE_LOOP('',(#3047,#3048,#3049,#3050,#3051,#3052,#3053,#3054,#3055,
#3056,#3057,#3058,#3059,#3060));
#6756=EDGE_LOOP('',(#3061));
#6757=EDGE_LOOP('',(#3062));
#6758=EDGE_LOOP('',(#3063));
#6759=EDGE_LOOP('',(#3064));
#6760=EDGE_LOOP('',(#3065));
#6761=EDGE_LOOP('',(#3066));
#6762=EDGE_LOOP('',(#3067));
#6763=EDGE_LOOP('',(#3068));
#6764=EDGE_LOOP('',(#3069));
#6765=EDGE_LOOP('',(#3070));
#6766=EDGE_LOOP('',(#3071));
#6767=EDGE_LOOP('',(#3072));
#6768=EDGE_LOOP('',(#3073));
#6769=EDGE_LOOP('',(#3074));
#6770=EDGE_LOOP('',(#3075));
#6771=EDGE_LOOP('',(#3076));
#6772=EDGE_LOOP('',(#3077));
#6773=EDGE_LOOP('',(#3078,#3079,#3080,#3081));
#6774=EDGE_LOOP('',(#3082,#3083,#3084,#3085));
#6775=EDGE_LOOP('',(#3086,#3087,#3088,#3089));
#6776=EDGE_LOOP('',(#3090,#3091,#3092,#3093));
#6777=EDGE_LOOP('',(#3094,#3095,#3096,#3097));
#6778=EDGE_LOOP('',(#3098,#3099,#3100,#3101));
#6779=EDGE_LOOP('',(#3102,#3103,#3104,#3105));
#6780=EDGE_LOOP('',(#3106,#3107,#3108,#3109));
#6781=EDGE_LOOP('',(#3110,#3111,#3112,#3113));
#6782=EDGE_LOOP('',(#3114,#3115,#3116,#3117));
#6783=EDGE_LOOP('',(#3118,#3119,#3120,#3121));
#6784=EDGE_LOOP('',(#3122,#3123,#3124,#3125));
#6785=EDGE_LOOP('',(#3126,#3127,#3128,#3129));
#6786=EDGE_LOOP('',(#3130,#3131,#3132,#3133));
#6787=EDGE_LOOP('',(#3134,#3135,#3136,#3137));
#6788=EDGE_LOOP('',(#3138,#3139,#3140,#3141));
#6789=EDGE_LOOP('',(#3142,#3143,#3144,#3145));
#6790=EDGE_LOOP('',(#3146,#3147,#3148,#3149));
#6791=EDGE_LOOP('',(#3150,#3151,#3152,#3153));
#6792=EDGE_LOOP('',(#3154,#3155,#3156,#3157));
#6793=EDGE_LOOP('',(#3158,#3159,#3160,#3161));
#6794=FACE_BOUND('',#6302,.T.);
#6795=FACE_BOUND('',#6303,.T.);
#6796=FACE_BOUND('',#6304,.T.);
#6797=FACE_BOUND('',#6305,.T.);
#6798=FACE_BOUND('',#6306,.T.);
#6799=FACE_BOUND('',#6307,.T.);
#6800=FACE_BOUND('',#6308,.T.);
#6801=FACE_BOUND('',#6309,.T.);
#6802=FACE_BOUND('',#6310,.T.);
#6803=FACE_BOUND('',#6311,.T.);
#6804=FACE_BOUND('',#6312,.T.);
#6805=FACE_BOUND('',#6313,.T.);
#6806=FACE_BOUND('',#6314,.T.);
#6807=FACE_BOUND('',#6315,.T.);
#6808=FACE_BOUND('',#6316,.T.);
#6809=FACE_BOUND('',#6317,.T.);
#6810=FACE_BOUND('',#6318,.T.);
#6811=FACE_BOUND('',#6319,.T.);
#6812=FACE_BOUND('',#6320,.T.);
#6813=FACE_BOUND('',#6321,.T.);
#6814=FACE_BOUND('',#6322,.T.);
#6815=FACE_BOUND('',#6323,.T.);
#6816=FACE_BOUND('',#6324,.T.);
#6817=FACE_BOUND('',#6325,.T.);
#6818=FACE_BOUND('',#6326,.T.);
#6819=FACE_BOUND('',#6327,.T.);
#6820=FACE_BOUND('',#6328,.T.);
#6821=FACE_BOUND('',#6329,.T.);
#6822=FACE_BOUND('',#6330,.T.);
#6823=FACE_BOUND('',#6331,.T.);
#6824=FACE_BOUND('',#6332,.T.);
#6825=FACE_BOUND('',#6333,.T.);
#6826=FACE_BOUND('',#6334,.T.);
#6827=FACE_BOUND('',#6335,.T.);
#6828=FACE_BOUND('',#6336,.T.);
#6829=FACE_BOUND('',#6337,.T.);
#6830=FACE_BOUND('',#6338,.T.);
#6831=FACE_BOUND('',#6339,.T.);
#6832=FACE_BOUND('',#6340,.T.);
#6833=FACE_BOUND('',#6341,.T.);
#6834=FACE_BOUND('',#6342,.T.);
#6835=FACE_BOUND('',#6343,.T.);
#6836=FACE_BOUND('',#6344,.T.);
#6837=FACE_BOUND('',#6345,.T.);
#6838=FACE_BOUND('',#6346,.T.);
#6839=FACE_BOUND('',#6347,.T.);
#6840=FACE_BOUND('',#6348,.T.);
#6841=FACE_BOUND('',#6349,.T.);
#6842=FACE_BOUND('',#6350,.T.);
#6843=FACE_BOUND('',#6351,.T.);
#6844=FACE_BOUND('',#6352,.T.);
#6845=FACE_BOUND('',#6353,.T.);
#6846=FACE_BOUND('',#6354,.T.);
#6847=FACE_BOUND('',#6355,.T.);
#6848=FACE_BOUND('',#6356,.T.);
#6849=FACE_BOUND('',#6357,.T.);
#6850=FACE_BOUND('',#6358,.T.);
#6851=FACE_BOUND('',#6359,.T.);
#6852=FACE_BOUND('',#6360,.T.);
#6853=FACE_BOUND('',#6361,.T.);
#6854=FACE_BOUND('',#6362,.T.);
#6855=FACE_BOUND('',#6363,.T.);
#6856=FACE_BOUND('',#6364,.T.);
#6857=FACE_BOUND('',#6365,.T.);
#6858=FACE_BOUND('',#6366,.T.);
#6859=FACE_BOUND('',#6367,.T.);
#6860=FACE_BOUND('',#6368,.T.);
#6861=FACE_BOUND('',#6369,.T.);
#6862=FACE_BOUND('',#6370,.T.);
#6863=FACE_BOUND('',#6371,.T.);
#6864=FACE_BOUND('',#6372,.T.);
#6865=FACE_BOUND('',#6373,.T.);
#6866=FACE_BOUND('',#6374,.T.);
#6867=FACE_BOUND('',#6375,.T.);
#6868=FACE_BOUND('',#6376,.T.);
#6869=FACE_BOUND('',#6377,.T.);
#6870=FACE_BOUND('',#6378,.T.);
#6871=FACE_BOUND('',#6379,.T.);
#6872=FACE_BOUND('',#6380,.T.);
#6873=FACE_BOUND('',#6381,.T.);
#6874=FACE_BOUND('',#6382,.T.);
#6875=FACE_BOUND('',#6383,.T.);
#6876=FACE_BOUND('',#6384,.T.);
#6877=FACE_BOUND('',#6385,.T.);
#6878=FACE_BOUND('',#6386,.T.);
#6879=FACE_BOUND('',#6387,.T.);
#6880=FACE_BOUND('',#6388,.T.);
#6881=FACE_BOUND('',#6389,.T.);
#6882=FACE_BOUND('',#6390,.T.);
#6883=FACE_BOUND('',#6391,.T.);
#6884=FACE_BOUND('',#6392,.T.);
#6885=FACE_BOUND('',#6393,.T.);
#6886=FACE_BOUND('',#6394,.T.);
#6887=FACE_BOUND('',#6395,.T.);
#6888=FACE_BOUND('',#6396,.T.);
#6889=FACE_BOUND('',#6397,.T.);
#6890=FACE_BOUND('',#6398,.T.);
#6891=FACE_BOUND('',#6399,.T.);
#6892=FACE_BOUND('',#6400,.T.);
#6893=FACE_BOUND('',#6401,.T.);
#6894=FACE_BOUND('',#6402,.T.);
#6895=FACE_BOUND('',#6403,.T.);
#6896=FACE_BOUND('',#6404,.T.);
#6897=FACE_BOUND('',#6405,.T.);
#6898=FACE_BOUND('',#6406,.T.);
#6899=FACE_BOUND('',#6407,.T.);
#6900=FACE_BOUND('',#6408,.T.);
#6901=FACE_BOUND('',#6409,.T.);
#6902=FACE_BOUND('',#6410,.T.);
#6903=FACE_BOUND('',#6411,.T.);
#6904=FACE_BOUND('',#6412,.T.);
#6905=FACE_BOUND('',#6413,.T.);
#6906=FACE_BOUND('',#6414,.T.);
#6907=FACE_BOUND('',#6415,.T.);
#6908=FACE_BOUND('',#6416,.T.);
#6909=FACE_BOUND('',#6417,.T.);
#6910=FACE_BOUND('',#6418,.T.);
#6911=FACE_BOUND('',#6419,.T.);
#6912=FACE_BOUND('',#6420,.T.);
#6913=FACE_BOUND('',#6421,.T.);
#6914=FACE_BOUND('',#6422,.T.);
#6915=FACE_BOUND('',#6423,.T.);
#6916=FACE_BOUND('',#6424,.T.);
#6917=FACE_BOUND('',#6425,.T.);
#6918=FACE_BOUND('',#6426,.T.);
#6919=FACE_BOUND('',#6427,.T.);
#6920=FACE_BOUND('',#6428,.T.);
#6921=FACE_BOUND('',#6429,.T.);
#6922=FACE_BOUND('',#6430,.T.);
#6923=FACE_BOUND('',#6431,.T.);
#6924=FACE_BOUND('',#6432,.T.);
#6925=FACE_BOUND('',#6433,.T.);
#6926=FACE_BOUND('',#6434,.T.);
#6927=FACE_BOUND('',#6435,.T.);
#6928=FACE_BOUND('',#6436,.T.);
#6929=FACE_BOUND('',#6437,.T.);
#6930=FACE_BOUND('',#6438,.T.);
#6931=FACE_BOUND('',#6439,.T.);
#6932=FACE_BOUND('',#6440,.T.);
#6933=FACE_BOUND('',#6441,.T.);
#6934=FACE_BOUND('',#6442,.T.);
#6935=FACE_BOUND('',#6443,.T.);
#6936=FACE_BOUND('',#6444,.T.);
#6937=FACE_BOUND('',#6445,.T.);
#6938=FACE_BOUND('',#6446,.T.);
#6939=FACE_BOUND('',#6447,.T.);
#6940=FACE_BOUND('',#6448,.T.);
#6941=FACE_BOUND('',#6449,.T.);
#6942=FACE_BOUND('',#6450,.T.);
#6943=FACE_BOUND('',#6451,.T.);
#6944=FACE_BOUND('',#6452,.T.);
#6945=FACE_BOUND('',#6453,.T.);
#6946=FACE_BOUND('',#6454,.T.);
#6947=FACE_BOUND('',#6455,.T.);
#6948=FACE_BOUND('',#6456,.T.);
#6949=FACE_BOUND('',#6457,.T.);
#6950=FACE_BOUND('',#6458,.T.);
#6951=FACE_BOUND('',#6459,.T.);
#6952=FACE_BOUND('',#6460,.T.);
#6953=FACE_BOUND('',#6461,.T.);
#6954=FACE_BOUND('',#6462,.T.);
#6955=FACE_BOUND('',#6463,.T.);
#6956=FACE_BOUND('',#6464,.T.);
#6957=FACE_BOUND('',#6465,.T.);
#6958=FACE_BOUND('',#6466,.T.);
#6959=FACE_BOUND('',#6467,.T.);
#6960=FACE_BOUND('',#6468,.T.);
#6961=FACE_BOUND('',#6469,.T.);
#6962=FACE_BOUND('',#6470,.T.);
#6963=FACE_BOUND('',#6471,.T.);
#6964=FACE_BOUND('',#6472,.T.);
#6965=FACE_BOUND('',#6473,.T.);
#6966=FACE_BOUND('',#6474,.T.);
#6967=FACE_BOUND('',#6475,.T.);
#6968=FACE_BOUND('',#6476,.T.);
#6969=FACE_BOUND('',#6477,.T.);
#6970=FACE_BOUND('',#6478,.T.);
#6971=FACE_BOUND('',#6479,.T.);
#6972=FACE_BOUND('',#6480,.T.);
#6973=FACE_BOUND('',#6481,.T.);
#6974=FACE_BOUND('',#6482,.T.);
#6975=FACE_BOUND('',#6483,.T.);
#6976=FACE_BOUND('',#6484,.T.);
#6977=FACE_BOUND('',#6485,.T.);
#6978=FACE_BOUND('',#6486,.T.);
#6979=FACE_BOUND('',#6487,.T.);
#6980=FACE_BOUND('',#6488,.T.);
#6981=FACE_BOUND('',#6489,.T.);
#6982=FACE_BOUND('',#6490,.T.);
#6983=FACE_BOUND('',#6491,.T.);
#6984=FACE_BOUND('',#6492,.T.);
#6985=FACE_BOUND('',#6493,.T.);
#6986=FACE_BOUND('',#6494,.T.);
#6987=FACE_BOUND('',#6495,.T.);
#6988=FACE_BOUND('',#6496,.T.);
#6989=FACE_BOUND('',#6497,.T.);
#6990=FACE_BOUND('',#6498,.T.);
#6991=FACE_BOUND('',#6499,.T.);
#6992=FACE_BOUND('',#6500,.T.);
#6993=FACE_BOUND('',#6501,.T.);
#6994=FACE_BOUND('',#6502,.T.);
#6995=FACE_BOUND('',#6503,.T.);
#6996=FACE_BOUND('',#6504,.T.);
#6997=FACE_BOUND('',#6505,.T.);
#6998=FACE_BOUND('',#6506,.T.);
#6999=FACE_BOUND('',#6507,.T.);
#7000=FACE_BOUND('',#6508,.T.);
#7001=FACE_BOUND('',#6509,.T.);
#7002=FACE_BOUND('',#6510,.T.);
#7003=FACE_BOUND('',#6511,.T.);
#7004=FACE_BOUND('',#6512,.T.);
#7005=FACE_BOUND('',#6513,.T.);
#7006=FACE_BOUND('',#6514,.T.);
#7007=FACE_BOUND('',#6515,.T.);
#7008=FACE_BOUND('',#6516,.T.);
#7009=FACE_BOUND('',#6517,.T.);
#7010=FACE_BOUND('',#6518,.T.);
#7011=FACE_BOUND('',#6519,.T.);
#7012=FACE_BOUND('',#6520,.T.);
#7013=FACE_BOUND('',#6521,.T.);
#7014=FACE_BOUND('',#6522,.T.);
#7015=FACE_BOUND('',#6523,.T.);
#7016=FACE_BOUND('',#6524,.T.);
#7017=FACE_BOUND('',#6525,.T.);
#7018=FACE_BOUND('',#6526,.T.);
#7019=FACE_BOUND('',#6527,.T.);
#7020=FACE_BOUND('',#6528,.T.);
#7021=FACE_BOUND('',#6529,.T.);
#7022=FACE_BOUND('',#6530,.T.);
#7023=FACE_BOUND('',#6531,.T.);
#7024=FACE_BOUND('',#6532,.T.);
#7025=FACE_BOUND('',#6533,.T.);
#7026=FACE_BOUND('',#6534,.T.);
#7027=FACE_BOUND('',#6535,.T.);
#7028=FACE_BOUND('',#6536,.T.);
#7029=FACE_BOUND('',#6537,.T.);
#7030=FACE_BOUND('',#6538,.T.);
#7031=FACE_BOUND('',#6539,.T.);
#7032=FACE_BOUND('',#6540,.T.);
#7033=FACE_BOUND('',#6541,.T.);
#7034=FACE_BOUND('',#6542,.T.);
#7035=FACE_BOUND('',#6543,.T.);
#7036=FACE_BOUND('',#6544,.T.);
#7037=FACE_BOUND('',#6545,.T.);
#7038=FACE_BOUND('',#6546,.T.);
#7039=FACE_BOUND('',#6547,.T.);
#7040=FACE_BOUND('',#6548,.T.);
#7041=FACE_BOUND('',#6549,.T.);
#7042=FACE_BOUND('',#6550,.T.);
#7043=FACE_BOUND('',#6551,.T.);
#7044=FACE_BOUND('',#6552,.T.);
#7045=FACE_BOUND('',#6553,.T.);
#7046=FACE_BOUND('',#6554,.T.);
#7047=FACE_BOUND('',#6555,.T.);
#7048=FACE_BOUND('',#6556,.T.);
#7049=FACE_BOUND('',#6557,.T.);
#7050=FACE_BOUND('',#6558,.T.);
#7051=FACE_BOUND('',#6559,.T.);
#7052=FACE_BOUND('',#6560,.T.);
#7053=FACE_BOUND('',#6561,.T.);
#7054=FACE_BOUND('',#6562,.T.);
#7055=FACE_BOUND('',#6563,.T.);
#7056=FACE_BOUND('',#6564,.T.);
#7057=FACE_BOUND('',#6565,.T.);
#7058=FACE_BOUND('',#6566,.T.);
#7059=FACE_BOUND('',#6567,.T.);
#7060=FACE_BOUND('',#6568,.T.);
#7061=FACE_BOUND('',#6569,.T.);
#7062=FACE_BOUND('',#6570,.T.);
#7063=FACE_BOUND('',#6571,.T.);
#7064=FACE_BOUND('',#6572,.T.);
#7065=FACE_BOUND('',#6573,.T.);
#7066=FACE_BOUND('',#6574,.T.);
#7067=FACE_BOUND('',#6575,.T.);
#7068=FACE_BOUND('',#6576,.T.);
#7069=FACE_BOUND('',#6577,.T.);
#7070=FACE_BOUND('',#6578,.T.);
#7071=FACE_BOUND('',#6579,.T.);
#7072=FACE_BOUND('',#6580,.T.);
#7073=FACE_BOUND('',#6581,.T.);
#7074=FACE_BOUND('',#6582,.T.);
#7075=FACE_BOUND('',#6583,.T.);
#7076=FACE_BOUND('',#6584,.T.);
#7077=FACE_BOUND('',#6585,.T.);
#7078=FACE_BOUND('',#6586,.T.);
#7079=FACE_BOUND('',#6587,.T.);
#7080=FACE_BOUND('',#6588,.T.);
#7081=FACE_BOUND('',#6589,.T.);
#7082=FACE_BOUND('',#6590,.T.);
#7083=FACE_BOUND('',#6591,.T.);
#7084=FACE_BOUND('',#6592,.T.);
#7085=FACE_BOUND('',#6593,.T.);
#7086=FACE_BOUND('',#6594,.T.);
#7087=FACE_BOUND('',#6595,.T.);
#7088=FACE_BOUND('',#6596,.T.);
#7089=FACE_BOUND('',#6597,.T.);
#7090=FACE_BOUND('',#6598,.T.);
#7091=FACE_BOUND('',#6599,.T.);
#7092=FACE_BOUND('',#6600,.T.);
#7093=FACE_BOUND('',#6601,.T.);
#7094=FACE_BOUND('',#6602,.T.);
#7095=FACE_BOUND('',#6603,.T.);
#7096=FACE_BOUND('',#6604,.T.);
#7097=FACE_BOUND('',#6605,.T.);
#7098=FACE_BOUND('',#6606,.T.);
#7099=FACE_BOUND('',#6607,.T.);
#7100=FACE_BOUND('',#6608,.T.);
#7101=FACE_BOUND('',#6609,.T.);
#7102=FACE_BOUND('',#6610,.T.);
#7103=FACE_BOUND('',#6611,.T.);
#7104=FACE_BOUND('',#6612,.T.);
#7105=FACE_BOUND('',#6613,.T.);
#7106=FACE_BOUND('',#6614,.T.);
#7107=FACE_BOUND('',#6615,.T.);
#7108=FACE_BOUND('',#6616,.T.);
#7109=FACE_BOUND('',#6617,.T.);
#7110=FACE_BOUND('',#6618,.T.);
#7111=FACE_BOUND('',#6619,.T.);
#7112=FACE_BOUND('',#6620,.T.);
#7113=FACE_BOUND('',#6621,.T.);
#7114=FACE_BOUND('',#6622,.T.);
#7115=FACE_BOUND('',#6623,.T.);
#7116=FACE_BOUND('',#6624,.T.);
#7117=FACE_BOUND('',#6625,.T.);
#7118=FACE_BOUND('',#6626,.T.);
#7119=FACE_BOUND('',#6627,.T.);
#7120=FACE_BOUND('',#6628,.T.);
#7121=FACE_BOUND('',#6629,.T.);
#7122=FACE_BOUND('',#6630,.T.);
#7123=FACE_BOUND('',#6631,.T.);
#7124=FACE_BOUND('',#6632,.T.);
#7125=FACE_BOUND('',#6633,.T.);
#7126=FACE_BOUND('',#6634,.T.);
#7127=FACE_BOUND('',#6635,.T.);
#7128=FACE_BOUND('',#6636,.T.);
#7129=FACE_BOUND('',#6637,.T.);
#7130=FACE_BOUND('',#6638,.T.);
#7131=FACE_BOUND('',#6639,.T.);
#7132=FACE_BOUND('',#6640,.T.);
#7133=FACE_BOUND('',#6641,.T.);
#7134=FACE_BOUND('',#6642,.T.);
#7135=FACE_BOUND('',#6643,.T.);
#7136=FACE_BOUND('',#6644,.T.);
#7137=FACE_BOUND('',#6645,.T.);
#7138=FACE_BOUND('',#6646,.T.);
#7139=FACE_BOUND('',#6647,.T.);
#7140=FACE_BOUND('',#6648,.T.);
#7141=FACE_BOUND('',#6649,.T.);
#7142=FACE_BOUND('',#6650,.T.);
#7143=FACE_BOUND('',#6651,.T.);
#7144=FACE_BOUND('',#6652,.T.);
#7145=FACE_BOUND('',#6653,.T.);
#7146=FACE_BOUND('',#6654,.T.);
#7147=FACE_BOUND('',#6655,.T.);
#7148=FACE_BOUND('',#6656,.T.);
#7149=FACE_BOUND('',#6657,.T.);
#7150=FACE_BOUND('',#6658,.T.);
#7151=FACE_BOUND('',#6659,.T.);
#7152=FACE_BOUND('',#6660,.T.);
#7153=FACE_BOUND('',#6661,.T.);
#7154=FACE_BOUND('',#6662,.T.);
#7155=FACE_BOUND('',#6663,.T.);
#7156=FACE_BOUND('',#6664,.T.);
#7157=FACE_BOUND('',#6665,.T.);
#7158=FACE_BOUND('',#6666,.T.);
#7159=FACE_BOUND('',#6667,.T.);
#7160=FACE_BOUND('',#6668,.T.);
#7161=FACE_BOUND('',#6669,.T.);
#7162=FACE_BOUND('',#6670,.T.);
#7163=FACE_BOUND('',#6671,.T.);
#7164=FACE_BOUND('',#6672,.T.);
#7165=FACE_BOUND('',#6673,.T.);
#7166=FACE_BOUND('',#6674,.T.);
#7167=FACE_BOUND('',#6675,.T.);
#7168=FACE_BOUND('',#6676,.T.);
#7169=FACE_BOUND('',#6677,.T.);
#7170=FACE_BOUND('',#6678,.T.);
#7171=FACE_BOUND('',#6679,.T.);
#7172=FACE_BOUND('',#6680,.T.);
#7173=FACE_BOUND('',#6681,.T.);
#7174=FACE_BOUND('',#6682,.T.);
#7175=FACE_BOUND('',#6683,.T.);
#7176=FACE_BOUND('',#6684,.T.);
#7177=FACE_BOUND('',#6685,.T.);
#7178=FACE_BOUND('',#6686,.T.);
#7179=FACE_BOUND('',#6687,.T.);
#7180=FACE_BOUND('',#6688,.T.);
#7181=FACE_BOUND('',#6689,.T.);
#7182=FACE_BOUND('',#6690,.T.);
#7183=FACE_BOUND('',#6691,.T.);
#7184=FACE_BOUND('',#6692,.T.);
#7185=FACE_BOUND('',#6693,.T.);
#7186=FACE_BOUND('',#6694,.T.);
#7187=FACE_BOUND('',#6695,.T.);
#7188=FACE_BOUND('',#6696,.T.);
#7189=FACE_BOUND('',#6697,.T.);
#7190=FACE_BOUND('',#6698,.T.);
#7191=FACE_BOUND('',#6699,.T.);
#7192=FACE_BOUND('',#6700,.T.);
#7193=FACE_BOUND('',#6701,.T.);
#7194=FACE_BOUND('',#6702,.T.);
#7195=FACE_BOUND('',#6703,.T.);
#7196=FACE_BOUND('',#6704,.T.);
#7197=FACE_BOUND('',#6705,.T.);
#7198=FACE_BOUND('',#6706,.T.);
#7199=FACE_BOUND('',#6707,.T.);
#7200=FACE_BOUND('',#6708,.T.);
#7201=FACE_BOUND('',#6709,.T.);
#7202=FACE_BOUND('',#6710,.T.);
#7203=FACE_BOUND('',#6711,.T.);
#7204=FACE_BOUND('',#6712,.T.);
#7205=FACE_BOUND('',#6713,.T.);
#7206=FACE_BOUND('',#6714,.T.);
#7207=FACE_BOUND('',#6715,.T.);
#7208=FACE_BOUND('',#6716,.T.);
#7209=FACE_BOUND('',#6717,.T.);
#7210=FACE_BOUND('',#6718,.T.);
#7211=FACE_BOUND('',#6719,.T.);
#7212=FACE_BOUND('',#6720,.T.);
#7213=FACE_BOUND('',#6721,.T.);
#7214=FACE_BOUND('',#6722,.T.);
#7215=FACE_BOUND('',#6723,.T.);
#7216=FACE_BOUND('',#6724,.T.);
#7217=FACE_BOUND('',#6725,.T.);
#7218=FACE_BOUND('',#6726,.T.);
#7219=FACE_BOUND('',#6727,.T.);
#7220=FACE_BOUND('',#6728,.T.);
#7221=FACE_BOUND('',#6729,.T.);
#7222=FACE_BOUND('',#6730,.T.);
#7223=FACE_BOUND('',#6731,.T.);
#7224=FACE_BOUND('',#6732,.T.);
#7225=FACE_BOUND('',#6733,.T.);
#7226=FACE_BOUND('',#6734,.T.);
#7227=FACE_BOUND('',#6735,.T.);
#7228=FACE_BOUND('',#6736,.T.);
#7229=FACE_BOUND('',#6737,.T.);
#7230=FACE_BOUND('',#6738,.T.);
#7231=FACE_BOUND('',#6739,.T.);
#7232=FACE_BOUND('',#6740,.T.);
#7233=FACE_BOUND('',#6741,.T.);
#7234=FACE_BOUND('',#6742,.T.);
#7235=FACE_BOUND('',#6743,.T.);
#7236=FACE_BOUND('',#6744,.T.);
#7237=FACE_BOUND('',#6745,.T.);
#7238=FACE_BOUND('',#6746,.T.);
#7239=FACE_BOUND('',#6747,.T.);
#7240=FACE_BOUND('',#6748,.T.);
#7241=FACE_BOUND('',#6749,.T.);
#7242=FACE_BOUND('',#6750,.T.);
#7243=FACE_BOUND('',#6751,.T.);
#7244=FACE_BOUND('',#6752,.T.);
#7245=FACE_BOUND('',#6753,.T.);
#7246=FACE_BOUND('',#6754,.T.);
#7247=FACE_BOUND('',#6755,.T.);
#7248=FACE_BOUND('',#6756,.T.);
#7249=FACE_BOUND('',#6757,.T.);
#7250=FACE_BOUND('',#6758,.T.);
#7251=FACE_BOUND('',#6759,.T.);
#7252=FACE_BOUND('',#6760,.T.);
#7253=FACE_BOUND('',#6761,.T.);
#7254=FACE_BOUND('',#6762,.T.);
#7255=FACE_BOUND('',#6763,.T.);
#7256=FACE_BOUND('',#6764,.T.);
#7257=FACE_BOUND('',#6765,.T.);
#7258=FACE_BOUND('',#6766,.T.);
#7259=FACE_BOUND('',#6767,.T.);
#7260=FACE_BOUND('',#6768,.T.);
#7261=FACE_BOUND('',#6769,.T.);
#7262=FACE_BOUND('',#6770,.T.);
#7263=FACE_BOUND('',#6771,.T.);
#7264=FACE_BOUND('',#6772,.T.);
#7265=FACE_BOUND('',#6773,.T.);
#7266=FACE_BOUND('',#6774,.T.);
#7267=FACE_BOUND('',#6775,.T.);
#7268=FACE_BOUND('',#6776,.T.);
#7269=FACE_BOUND('',#6777,.T.);
#7270=FACE_BOUND('',#6778,.T.);
#7271=FACE_BOUND('',#6779,.T.);
#7272=FACE_BOUND('',#6780,.T.);
#7273=FACE_BOUND('',#6781,.T.);
#7274=FACE_BOUND('',#6782,.T.);
#7275=FACE_BOUND('',#6783,.T.);
#7276=FACE_BOUND('',#6784,.T.);
#7277=FACE_BOUND('',#6785,.T.);
#7278=FACE_BOUND('',#6786,.T.);
#7279=FACE_BOUND('',#6787,.T.);
#7280=FACE_BOUND('',#6788,.T.);
#7281=FACE_BOUND('',#6789,.T.);
#7282=FACE_BOUND('',#6790,.T.);
#7283=FACE_BOUND('',#6791,.T.);
#7284=FACE_BOUND('',#6792,.T.);
#7285=FACE_BOUND('',#6793,.T.);
#7286=PLANE('',#7891);
#7287=PLANE('',#7896);
#7288=PLANE('',#7897);
#7289=PLANE('',#7898);
#7290=PLANE('',#7899);
#7291=PLANE('',#7900);
#7292=PLANE('',#7901);
#7293=PLANE('',#7902);
#7294=PLANE('',#7912);
#7295=PLANE('',#7952);
#7296=PLANE('',#7957);
#7297=PLANE('',#7965);
#7298=PLANE('',#7970);
#7299=PLANE('',#7971);
#7300=PLANE('',#7972);
#7301=PLANE('',#7973);
#7302=PLANE('',#7974);
#7303=PLANE('',#7981);
#7304=PLANE('',#7985);
#7305=PLANE('',#7986);
#7306=PLANE('',#8022);
#7307=PLANE('',#8028);
#7308=PLANE('',#8032);
#7309=PLANE('',#8033);
#7310=PLANE('',#8050);
#7311=PLANE('',#8051);
#7312=PLANE('',#8052);
#7313=PLANE('',#8053);
#7314=PLANE('',#8054);
#7315=PLANE('',#8055);
#7316=PLANE('',#8058);
#7317=PLANE('',#8065);
#7318=PLANE('',#8070);
#7319=PLANE('',#8072);
#7320=PLANE('',#8075);
#7321=PLANE('',#8077);
#7322=PLANE('',#8078);
#7323=PLANE('',#8079);
#7324=PLANE('',#8080);
#7325=PLANE('',#8081);
#7326=PLANE('',#8082);
#7327=PLANE('',#8083);
#7328=PLANE('',#8085);
#7329=PLANE('',#8086);
#7330=PLANE('',#8121);
#7331=PLANE('',#8138);
#7332=PLANE('',#8190);
#7333=PLANE('',#8191);
#7334=PLANE('',#8192);
#7335=PLANE('',#8193);
#7336=PLANE('',#8226);
#7337=PLANE('',#8227);
#7338=PLANE('',#8234);
#7339=PLANE('',#8235);
#7340=PLANE('',#8236);
#7341=PLANE('',#8241);
#7342=PLANE('',#8242);
#7343=PLANE('',#8243);
#7344=PLANE('',#8246);
#7345=PLANE('',#8249);
#7346=PLANE('',#8250);
#7347=PLANE('',#8255);
#7348=PLANE('',#8260);
#7349=PLANE('',#8261);
#7350=PLANE('',#8262);
#7351=PLANE('',#8263);
#7352=PLANE('',#8264);
#7353=PLANE('',#8265);
#7354=PLANE('',#8266);
#7355=PLANE('',#8267);
#7356=PLANE('',#8268);
#7357=PLANE('',#8269);
#7358=PLANE('',#8270);
#7359=PLANE('',#8271);
#7360=PLANE('',#8272);
#7361=PLANE('',#8273);
#7362=PLANE('',#8274);
#7363=PLANE('',#8281);
#7364=PLANE('',#8286);
#7365=PLANE('',#8287);
#7366=PLANE('',#8288);
#7367=PLANE('',#8293);
#7368=PLANE('',#8296);
#7369=PLANE('',#8303);
#7370=PLANE('',#8308);
#7371=PLANE('',#8309);
#7372=PLANE('',#8310);
#7373=PLANE('',#8311);
#7374=PLANE('',#8312);
#7375=PLANE('',#8315);
#7376=PLANE('',#8316);
#7377=PLANE('',#8317);
#7378=PLANE('',#8320);
#7379=PLANE('',#8321);
#7380=PLANE('',#8322);
#7381=PLANE('',#8323);
#7382=PLANE('',#8324);
#7383=PLANE('',#8331);
#7384=PLANE('',#8332);
#7385=PLANE('',#8333);
#7386=PLANE('',#8338);
#7387=PLANE('',#8339);
#7388=PLANE('',#8340);
#7389=PLANE('',#8343);
#7390=PLANE('',#8346);
#7391=PLANE('',#8347);
#7392=PLANE('',#8348);
#7393=PLANE('',#8352);
#7394=PLANE('',#8358);
#7395=PLANE('',#8361);
#7396=PLANE('',#8362);
#7397=PLANE('',#8363);
#7398=PLANE('',#8367);
#7399=PLANE('',#8373);
#7400=PLANE('',#8376);
#7401=PLANE('',#8377);
#7402=PLANE('',#8386);
#7403=PLANE('',#8391);
#7404=PLANE('',#8394);
#7405=PLANE('',#8395);
#7406=PLANE('',#8396);
#7407=PLANE('',#8397);
#7408=PLANE('',#8398);
#7409=PLANE('',#8399);
#7410=PLANE('',#8400);
#7411=PLANE('',#8401);
#7412=PLANE('',#8402);
#7413=PLANE('',#8403);
#7414=PLANE('',#8404);
#7415=PLANE('',#8405);
#7416=PLANE('',#8406);
#7417=PLANE('',#8407);
#7418=PLANE('',#8408);
#7419=PLANE('',#8409);
#7420=PLANE('',#8410);
#7421=PLANE('',#8411);
#7422=PLANE('',#8412);
#7423=PLANE('',#8413);
#7424=PLANE('',#8414);
#7425=PLANE('',#8415);
#7426=PLANE('',#8416);
#7427=PLANE('',#8417);
#7428=PLANE('',#8418);
#7429=PLANE('',#8421);
#7430=PLANE('',#8424);
#7431=PLANE('',#8427);
#7432=PLANE('',#8433);
#7433=PLANE('',#8435);
#7434=PLANE('',#8436);
#7435=PLANE('',#8438);
#7436=ADVANCED_FACE('',(#6794),#7286,.T.);
#7437=ADVANCED_FACE('',(#6795),#7287,.T.);
#7438=ADVANCED_FACE('',(#6796),#7288,.F.);
#7439=ADVANCED_FACE('',(#6797),#7289,.T.);
#7440=ADVANCED_FACE('',(#6798),#7290,.F.);
#7441=ADVANCED_FACE('',(#6799),#7291,.T.);
#7442=ADVANCED_FACE('',(#6800),#7292,.F.);
#7443=ADVANCED_FACE('',(#6801),#7293,.F.);
#7444=ADVANCED_FACE('',(#6802,#6803),#474,.F.);
#7445=ADVANCED_FACE('',(#6804,#6805),#475,.F.);
#7446=ADVANCED_FACE('',(#6806,#6807),#476,.F.);
#7447=ADVANCED_FACE('',(#6808,#6809,#6810,#6811,#6812,#6813,#6814,#6815,
#6816,#6817,#6818),#7294,.T.);
#7448=ADVANCED_FACE('',(#6819),#7295,.T.);
#7449=ADVANCED_FACE('',(#6820),#477,.T.);
#7450=ADVANCED_FACE('',(#6821),#7296,.F.);
#7451=ADVANCED_FACE('',(#6822,#6823),#478,.T.);
#7452=ADVANCED_FACE('',(#6824),#479,.T.);
#7453=ADVANCED_FACE('',(#6825),#7297,.T.);
#7454=ADVANCED_FACE('',(#6826),#7298,.T.);
#7455=ADVANCED_FACE('',(#6827),#7299,.T.);
#7456=ADVANCED_FACE('',(#6828),#7300,.T.);
#7457=ADVANCED_FACE('',(#6829),#7301,.T.);
#7458=ADVANCED_FACE('',(#6830),#7302,.F.);
#7459=ADVANCED_FACE('',(#6831),#480,.F.);
#7460=ADVANCED_FACE('',(#6832),#7303,.T.);
#7461=ADVANCED_FACE('',(#6833),#7304,.F.);
#7462=ADVANCED_FACE('',(#6834,#6835,#6836,#6837,#6838,#6839),#7305,.F.);
#7463=ADVANCED_FACE('',(#6840),#171,.F.);
#7464=ADVANCED_FACE('',(#6841),#165,.F.);
#7465=ADVANCED_FACE('',(#6842),#166,.F.);
#7466=ADVANCED_FACE('',(#6843),#481,.T.);
#7467=ADVANCED_FACE('',(#6844),#482,.T.);
#7468=ADVANCED_FACE('',(#6845,#6846),#172,.T.);
#7469=ADVANCED_FACE('',(#6847),#483,.T.);
#7470=ADVANCED_FACE('',(#6848),#173,.T.);
#7471=ADVANCED_FACE('',(#6849),#174,.T.);
#7472=ADVANCED_FACE('',(#6850,#6851,#6852),#7306,.F.);
#7473=ADVANCED_FACE('',(#6853),#7307,.T.);
#7474=ADVANCED_FACE('',(#6854,#6855),#484,.F.);
#7475=ADVANCED_FACE('',(#6856),#7308,.T.);
#7476=ADVANCED_FACE('',(#6857),#7309,.F.);
#7477=ADVANCED_FACE('',(#6858),#175,.T.);
#7478=ADVANCED_FACE('',(#6859),#167,.T.);
#7479=ADVANCED_FACE('',(#6860),#168,.T.);
#7480=ADVANCED_FACE('',(#6861),#485,.F.);
#7481=ADVANCED_FACE('',(#6862),#486,.F.);
#7482=ADVANCED_FACE('',(#6863),#487,.F.);
#7483=ADVANCED_FACE('',(#6864,#6865),#176,.F.);
#7484=ADVANCED_FACE('',(#6866),#177,.F.);
#7485=ADVANCED_FACE('',(#6867),#488,.F.);
#7486=ADVANCED_FACE('',(#6868),#178,.F.);
#7487=ADVANCED_FACE('',(#6869),#7310,.T.);
#7488=ADVANCED_FACE('',(#6870),#7311,.F.);
#7489=ADVANCED_FACE('',(#6871),#7312,.F.);
#7490=ADVANCED_FACE('',(#6872),#7313,.T.);
#7491=ADVANCED_FACE('',(#6873),#7314,.T.);
#7492=ADVANCED_FACE('',(#6874,#6875,#6876,#6877),#7315,.T.);
#7493=ADVANCED_FACE('',(#6878,#6879),#7316,.F.);
#7494=ADVANCED_FACE('',(#6880,#6881),#489,.T.);
#7495=ADVANCED_FACE('',(#6882,#6883),#7317,.T.);
#7496=ADVANCED_FACE('',(#6884),#490,.T.);
#7497=ADVANCED_FACE('',(#6885),#491,.T.);
#7498=ADVANCED_FACE('',(#6886),#7318,.F.);
#7499=ADVANCED_FACE('',(#6887),#7319,.T.);
#7500=ADVANCED_FACE('',(#6888),#7320,.T.);
#7501=ADVANCED_FACE('',(#6889),#7321,.F.);
#7502=ADVANCED_FACE('',(#6890),#7322,.F.);
#7503=ADVANCED_FACE('',(#6891),#7323,.F.);
#7504=ADVANCED_FACE('',(#6892),#7324,.F.);
#7505=ADVANCED_FACE('',(#6893),#7325,.F.);
#7506=ADVANCED_FACE('',(#6894),#7326,.F.);
#7507=ADVANCED_FACE('',(#6895),#7327,.F.);
#7508=ADVANCED_FACE('',(#6896),#7328,.T.);
#7509=ADVANCED_FACE('',(#6897),#7329,.F.);
#7510=ADVANCED_FACE('',(#6898),#492,.F.);
#7511=ADVANCED_FACE('',(#6899),#493,.F.);
#7512=ADVANCED_FACE('',(#6900),#494,.F.);
#7513=ADVANCED_FACE('',(#6901),#495,.T.);
#7514=ADVANCED_FACE('',(#6902),#496,.T.);
#7515=ADVANCED_FACE('',(#6903),#497,.F.);
#7516=ADVANCED_FACE('',(#6904),#498,.F.);
#7517=ADVANCED_FACE('',(#6905),#499,.F.);
#7518=ADVANCED_FACE('',(#6906),#500,.T.);
#7519=ADVANCED_FACE('',(#6907,#6908),#501,.F.);
#7520=ADVANCED_FACE('',(#6909),#502,.T.);
#7521=ADVANCED_FACE('',(#6910,#6911),#503,.F.);
#7522=ADVANCED_FACE('',(#6912),#504,.T.);
#7523=ADVANCED_FACE('',(#6913,#6914),#505,.F.);
#7524=ADVANCED_FACE('',(#6915,#6916,#6917,#6918,#6919,#6920),#7330,.T.);
#7525=ADVANCED_FACE('',(#6921),#7331,.T.);
#7526=ADVANCED_FACE('',(#6922),#506,.T.);
#7527=ADVANCED_FACE('',(#6923,#6924),#507,.F.);
#7528=ADVANCED_FACE('',(#6925),#179,.F.);
#7529=ADVANCED_FACE('',(#6926),#508,.F.);
#7530=ADVANCED_FACE('',(#6927),#509,.F.);
#7531=ADVANCED_FACE('',(#6928),#510,.F.);
#7532=ADVANCED_FACE('',(#6929),#511,.F.);
#7533=ADVANCED_FACE('',(#6930),#180,.F.);
#7534=ADVANCED_FACE('',(#6931),#512,.F.);
#7535=ADVANCED_FACE('',(#6932),#513,.F.);
#7536=ADVANCED_FACE('',(#6933,#6934),#181,.F.);
#7537=ADVANCED_FACE('',(#6935),#514,.T.);
#7538=ADVANCED_FACE('',(#6936),#182,.T.);
#7539=ADVANCED_FACE('',(#6937),#515,.T.);
#7540=ADVANCED_FACE('',(#6938),#183,.T.);
#7541=ADVANCED_FACE('',(#6939),#516,.T.);
#7542=ADVANCED_FACE('',(#6940),#144,.T.);
#7543=ADVANCED_FACE('',(#6941),#517,.T.);
#7544=ADVANCED_FACE('',(#6942),#518,.T.);
#7545=ADVANCED_FACE('',(#6943),#519,.T.);
#7546=ADVANCED_FACE('',(#6944),#145,.T.);
#7547=ADVANCED_FACE('',(#6945),#520,.T.);
#7548=ADVANCED_FACE('',(#6946),#184,.T.);
#7549=ADVANCED_FACE('',(#6947),#521,.T.);
#7550=ADVANCED_FACE('',(#6948),#185,.T.);
#7551=ADVANCED_FACE('',(#6949),#522,.F.);
#7552=ADVANCED_FACE('',(#6950),#523,.F.);
#7553=ADVANCED_FACE('',(#6951),#146,.F.);
#7554=ADVANCED_FACE('',(#6952),#524,.F.);
#7555=ADVANCED_FACE('',(#6953),#525,.F.);
#7556=ADVANCED_FACE('',(#6954),#7332,.T.);
#7557=ADVANCED_FACE('',(#6955),#7333,.F.);
#7558=ADVANCED_FACE('',(#6956),#7334,.F.);
#7559=ADVANCED_FACE('',(#6957),#7335,.T.);
#7560=ADVANCED_FACE('',(#6958),#526,.T.);
#7561=ADVANCED_FACE('',(#6959),#527,.T.);
#7562=ADVANCED_FACE('',(#6960),#528,.T.);
#7563=ADVANCED_FACE('',(#6961),#529,.T.);
#7564=ADVANCED_FACE('',(#6962),#169,.T.);
#7565=ADVANCED_FACE('',(#6963),#530,.T.);
#7566=ADVANCED_FACE('',(#6964),#170,.T.);
#7567=ADVANCED_FACE('',(#6965),#186,.T.);
#7568=ADVANCED_FACE('',(#6966),#531,.T.);
#7569=ADVANCED_FACE('',(#6967),#187,.T.);
#7570=ADVANCED_FACE('',(#6968),#532,.T.);
#7571=ADVANCED_FACE('',(#6969),#147,.T.);
#7572=ADVANCED_FACE('',(#6970),#533,.T.);
#7573=ADVANCED_FACE('',(#6971),#534,.T.);
#7574=ADVANCED_FACE('',(#6972),#535,.T.);
#7575=ADVANCED_FACE('',(#6973),#148,.T.);
#7576=ADVANCED_FACE('',(#6974),#536,.T.);
#7577=ADVANCED_FACE('',(#6975),#188,.T.);
#7578=ADVANCED_FACE('',(#6976),#537,.T.);
#7579=ADVANCED_FACE('',(#6977),#7336,.T.);
#7580=ADVANCED_FACE('',(#6978),#7337,.T.);
#7581=ADVANCED_FACE('',(#6979),#12,.T.);
#7582=ADVANCED_FACE('',(#6980),#13,.T.);
#7583=ADVANCED_FACE('',(#6981),#538,.T.);
#7584=ADVANCED_FACE('',(#6982),#539,.T.);
#7585=ADVANCED_FACE('',(#6983),#14,.T.);
#7586=ADVANCED_FACE('',(#6984),#15,.T.);
#7587=ADVANCED_FACE('',(#6985),#16,.T.);
#7588=ADVANCED_FACE('',(#6986),#17,.T.);
#7589=ADVANCED_FACE('',(#6987),#18,.T.);
#7590=ADVANCED_FACE('',(#6988),#7338,.T.);
#7591=ADVANCED_FACE('',(#6989),#7339,.T.);
#7592=ADVANCED_FACE('',(#6990),#7340,.T.);
#7593=ADVANCED_FACE('',(#6991),#19,.T.);
#7594=ADVANCED_FACE('',(#6992),#20,.T.);
#7595=ADVANCED_FACE('',(#6993),#540,.T.);
#7596=ADVANCED_FACE('',(#6994),#541,.T.);
#7597=ADVANCED_FACE('',(#6995),#21,.T.);
#7598=ADVANCED_FACE('',(#6996),#22,.T.);
#7599=ADVANCED_FACE('',(#6997),#7341,.T.);
#7600=ADVANCED_FACE('',(#6998),#7342,.T.);
#7601=ADVANCED_FACE('',(#6999),#7343,.T.);
#7602=ADVANCED_FACE('',(#7000),#23,.T.);
#7603=ADVANCED_FACE('',(#7001),#542,.F.);
#7604=ADVANCED_FACE('',(#7002),#24,.T.);
#7605=ADVANCED_FACE('',(#7003),#25,.T.);
#7606=ADVANCED_FACE('',(#7004),#26,.T.);
#7607=ADVANCED_FACE('',(#7005),#27,.T.);
#7608=ADVANCED_FACE('',(#7006),#7344,.T.);
#7609=ADVANCED_FACE('',(#7007),#28,.T.);
#7610=ADVANCED_FACE('',(#7008),#543,.F.);
#7611=ADVANCED_FACE('',(#7009),#7345,.T.);
#7612=ADVANCED_FACE('',(#7010,#7011),#7346,.T.);
#7613=ADVANCED_FACE('',(#7012),#29,.T.);
#7614=ADVANCED_FACE('',(#7013),#544,.F.);
#7615=ADVANCED_FACE('',(#7014),#545,.F.);
#7616=ADVANCED_FACE('',(#7015),#7347,.T.);
#7617=ADVANCED_FACE('',(#7016),#546,.F.);
#7618=ADVANCED_FACE('',(#7017),#547,.T.);
#7619=ADVANCED_FACE('',(#7018),#30,.T.);
#7620=ADVANCED_FACE('',(#7019),#31,.T.);
#7621=ADVANCED_FACE('',(#7020),#7348,.T.);
#7622=ADVANCED_FACE('',(#7021),#7349,.T.);
#7623=ADVANCED_FACE('',(#7022),#7350,.T.);
#7624=ADVANCED_FACE('',(#7023),#7351,.T.);
#7625=ADVANCED_FACE('',(#7024),#7352,.T.);
#7626=ADVANCED_FACE('',(#7025),#7353,.T.);
#7627=ADVANCED_FACE('',(#7026),#7354,.T.);
#7628=ADVANCED_FACE('',(#7027),#7355,.T.);
#7629=ADVANCED_FACE('',(#7028),#7356,.T.);
#7630=ADVANCED_FACE('',(#7029),#7357,.T.);
#7631=ADVANCED_FACE('',(#7030),#7358,.T.);
#7632=ADVANCED_FACE('',(#7031),#32,.T.);
#7633=ADVANCED_FACE('',(#7032),#33,.T.);
#7634=ADVANCED_FACE('',(#7033),#7359,.T.);
#7635=ADVANCED_FACE('',(#7034),#7360,.T.);
#7636=ADVANCED_FACE('',(#7035),#7361,.T.);
#7637=ADVANCED_FACE('',(#7036),#7362,.T.);
#7638=ADVANCED_FACE('',(#7037),#34,.T.);
#7639=ADVANCED_FACE('',(#7038),#548,.T.);
#7640=ADVANCED_FACE('',(#7039),#549,.T.);
#7641=ADVANCED_FACE('',(#7040),#550,.T.);
#7642=ADVANCED_FACE('',(#7041),#7363,.T.);
#7643=ADVANCED_FACE('',(#7042),#551,.F.);
#7644=ADVANCED_FACE('',(#7043),#552,.F.);
#7645=ADVANCED_FACE('',(#7044),#35,.T.);
#7646=ADVANCED_FACE('',(#7045),#36,.T.);
#7647=ADVANCED_FACE('',(#7046),#7364,.T.);
#7648=ADVANCED_FACE('',(#7047),#7365,.T.);
#7649=ADVANCED_FACE('',(#7048),#7366,.T.);
#7650=ADVANCED_FACE('',(#7049),#37,.T.);
#7651=ADVANCED_FACE('',(#7050),#38,.T.);
#7652=ADVANCED_FACE('',(#7051),#553,.F.);
#7653=ADVANCED_FACE('',(#7052),#39,.T.);
#7654=ADVANCED_FACE('',(#7053),#40,.T.);
#7655=ADVANCED_FACE('',(#7054),#554,.F.);
#7656=ADVANCED_FACE('',(#7055),#7367,.T.);
#7657=ADVANCED_FACE('',(#7056),#41,.T.);
#7658=ADVANCED_FACE('',(#7057),#42,.T.);
#7659=ADVANCED_FACE('',(#7058),#43,.T.);
#7660=ADVANCED_FACE('',(#7059),#44,.T.);
#7661=ADVANCED_FACE('',(#7060),#45,.T.);
#7662=ADVANCED_FACE('',(#7061),#46,.T.);
#7663=ADVANCED_FACE('',(#7062),#555,.T.);
#7664=ADVANCED_FACE('',(#7063),#7368,.T.);
#7665=ADVANCED_FACE('',(#7064),#556,.F.);
#7666=ADVANCED_FACE('',(#7065),#557,.F.);
#7667=ADVANCED_FACE('',(#7066),#47,.T.);
#7668=ADVANCED_FACE('',(#7067),#48,.T.);
#7669=ADVANCED_FACE('',(#7068),#49,.T.);
#7670=ADVANCED_FACE('',(#7069),#50,.T.);
#7671=ADVANCED_FACE('',(#7070),#51,.T.);
#7672=ADVANCED_FACE('',(#7071),#558,.F.);
#7673=ADVANCED_FACE('',(#7072),#7369,.T.);
#7674=ADVANCED_FACE('',(#7073),#52,.T.);
#7675=ADVANCED_FACE('',(#7074),#53,.T.);
#7676=ADVANCED_FACE('',(#7075),#559,.T.);
#7677=ADVANCED_FACE('',(#7076),#54,.T.);
#7678=ADVANCED_FACE('',(#7077),#560,.T.);
#7679=ADVANCED_FACE('',(#7078),#55,.T.);
#7680=ADVANCED_FACE('',(#7079),#56,.T.);
#7681=ADVANCED_FACE('',(#7080),#7370,.T.);
#7682=ADVANCED_FACE('',(#7081),#57,.T.);
#7683=ADVANCED_FACE('',(#7082),#58,.T.);
#7684=ADVANCED_FACE('',(#7083),#7371,.T.);
#7685=ADVANCED_FACE('',(#7084),#7372,.T.);
#7686=ADVANCED_FACE('',(#7085),#7373,.T.);
#7687=ADVANCED_FACE('',(#7086),#7374,.T.);
#7688=ADVANCED_FACE('',(#7087),#561,.T.);
#7689=ADVANCED_FACE('',(#7088),#59,.T.);
#7690=ADVANCED_FACE('',(#7089),#60,.T.);
#7691=ADVANCED_FACE('',(#7090),#61,.T.);
#7692=ADVANCED_FACE('',(#7091),#7375,.T.);
#7693=ADVANCED_FACE('',(#7092),#7376,.T.);
#7694=ADVANCED_FACE('',(#7093),#7377,.T.);
#7695=ADVANCED_FACE('',(#7094),#62,.T.);
#7696=ADVANCED_FACE('',(#7095),#63,.T.);
#7697=ADVANCED_FACE('',(#7096),#64,.T.);
#7698=ADVANCED_FACE('',(#7097),#562,.F.);
#7699=ADVANCED_FACE('',(#7098),#65,.T.);
#7700=ADVANCED_FACE('',(#7099),#7378,.T.);
#7701=ADVANCED_FACE('',(#7100),#7379,.T.);
#7702=ADVANCED_FACE('',(#7101),#7380,.T.);
#7703=ADVANCED_FACE('',(#7102),#7381,.T.);
#7704=ADVANCED_FACE('',(#7103),#7382,.T.);
#7705=ADVANCED_FACE('',(#7104),#66,.T.);
#7706=ADVANCED_FACE('',(#7105),#67,.T.);
#7707=ADVANCED_FACE('',(#7106),#563,.T.);
#7708=ADVANCED_FACE('',(#7107),#564,.T.);
#7709=ADVANCED_FACE('',(#7108),#68,.T.);
#7710=ADVANCED_FACE('',(#7109),#69,.T.);
#7711=ADVANCED_FACE('',(#7110),#70,.T.);
#7712=ADVANCED_FACE('',(#7111),#71,.T.);
#7713=ADVANCED_FACE('',(#7112),#72,.T.);
#7714=ADVANCED_FACE('',(#7113),#7383,.T.);
#7715=ADVANCED_FACE('',(#7114),#7384,.T.);
#7716=ADVANCED_FACE('',(#7115),#7385,.T.);
#7717=ADVANCED_FACE('',(#7116),#73,.T.);
#7718=ADVANCED_FACE('',(#7117),#74,.T.);
#7719=ADVANCED_FACE('',(#7118),#565,.T.);
#7720=ADVANCED_FACE('',(#7119),#566,.T.);
#7721=ADVANCED_FACE('',(#7120),#75,.T.);
#7722=ADVANCED_FACE('',(#7121),#76,.T.);
#7723=ADVANCED_FACE('',(#7122),#7386,.T.);
#7724=ADVANCED_FACE('',(#7123),#7387,.T.);
#7725=ADVANCED_FACE('',(#7124),#7388,.T.);
#7726=ADVANCED_FACE('',(#7125),#77,.T.);
#7727=ADVANCED_FACE('',(#7126),#567,.F.);
#7728=ADVANCED_FACE('',(#7127),#78,.T.);
#7729=ADVANCED_FACE('',(#7128),#79,.T.);
#7730=ADVANCED_FACE('',(#7129),#80,.T.);
#7731=ADVANCED_FACE('',(#7130),#81,.T.);
#7732=ADVANCED_FACE('',(#7131),#7389,.T.);
#7733=ADVANCED_FACE('',(#7132),#82,.T.);
#7734=ADVANCED_FACE('',(#7133),#568,.F.);
#7735=ADVANCED_FACE('',(#7134),#7390,.T.);
#7736=ADVANCED_FACE('',(#7135,#7136),#7391,.T.);
#7737=ADVANCED_FACE('',(#7137),#83,.T.);
#7738=ADVANCED_FACE('',(#7138),#84,.T.);
#7739=ADVANCED_FACE('',(#7139),#85,.T.);
#7740=ADVANCED_FACE('',(#7140),#86,.T.);
#7741=ADVANCED_FACE('',(#7141),#7392,.T.);
#7742=ADVANCED_FACE('',(#7142),#87,.T.);
#7743=ADVANCED_FACE('',(#7143),#88,.T.);
#7744=ADVANCED_FACE('',(#7144),#89,.T.);
#7745=ADVANCED_FACE('',(#7145),#90,.T.);
#7746=ADVANCED_FACE('',(#7146),#91,.T.);
#7747=ADVANCED_FACE('',(#7147),#569,.T.);
#7748=ADVANCED_FACE('',(#7148),#7393,.T.);
#7749=ADVANCED_FACE('',(#7149),#570,.T.);
#7750=ADVANCED_FACE('',(#7150),#92,.T.);
#7751=ADVANCED_FACE('',(#7151),#93,.T.);
#7752=ADVANCED_FACE('',(#7152),#571,.F.);
#7753=ADVANCED_FACE('',(#7153),#94,.T.);
#7754=ADVANCED_FACE('',(#7154),#7394,.T.);
#7755=ADVANCED_FACE('',(#7155),#95,.T.);
#7756=ADVANCED_FACE('',(#7156),#572,.F.);
#7757=ADVANCED_FACE('',(#7157),#96,.T.);
#7758=ADVANCED_FACE('',(#7158),#97,.T.);
#7759=ADVANCED_FACE('',(#7159),#98,.T.);
#7760=ADVANCED_FACE('',(#7160),#99,.T.);
#7761=ADVANCED_FACE('',(#7161),#7395,.T.);
#7762=ADVANCED_FACE('',(#7162),#100,.T.);
#7763=ADVANCED_FACE('',(#7163),#101,.T.);
#7764=ADVANCED_FACE('',(#7164),#102,.T.);
#7765=ADVANCED_FACE('',(#7165,#7166),#7396,.T.);
#7766=ADVANCED_FACE('',(#7167),#103,.T.);
#7767=ADVANCED_FACE('',(#7168),#104,.T.);
#7768=ADVANCED_FACE('',(#7169),#105,.T.);
#7769=ADVANCED_FACE('',(#7170),#106,.T.);
#7770=ADVANCED_FACE('',(#7171),#7397,.T.);
#7771=ADVANCED_FACE('',(#7172),#107,.T.);
#7772=ADVANCED_FACE('',(#7173),#108,.T.);
#7773=ADVANCED_FACE('',(#7174),#109,.T.);
#7774=ADVANCED_FACE('',(#7175),#110,.T.);
#7775=ADVANCED_FACE('',(#7176),#111,.T.);
#7776=ADVANCED_FACE('',(#7177),#573,.T.);
#7777=ADVANCED_FACE('',(#7178),#7398,.T.);
#7778=ADVANCED_FACE('',(#7179),#574,.T.);
#7779=ADVANCED_FACE('',(#7180),#112,.T.);
#7780=ADVANCED_FACE('',(#7181),#113,.T.);
#7781=ADVANCED_FACE('',(#7182),#575,.F.);
#7782=ADVANCED_FACE('',(#7183),#114,.T.);
#7783=ADVANCED_FACE('',(#7184),#7399,.T.);
#7784=ADVANCED_FACE('',(#7185),#115,.T.);
#7785=ADVANCED_FACE('',(#7186),#576,.F.);
#7786=ADVANCED_FACE('',(#7187),#116,.T.);
#7787=ADVANCED_FACE('',(#7188),#117,.T.);
#7788=ADVANCED_FACE('',(#7189),#118,.T.);
#7789=ADVANCED_FACE('',(#7190),#119,.T.);
#7790=ADVANCED_FACE('',(#7191),#7400,.T.);
#7791=ADVANCED_FACE('',(#7192),#120,.T.);
#7792=ADVANCED_FACE('',(#7193),#121,.T.);
#7793=ADVANCED_FACE('',(#7194),#122,.T.);
#7794=ADVANCED_FACE('',(#7195,#7196),#7401,.T.);
#7795=ADVANCED_FACE('',(#7197),#123,.T.);
#7796=ADVANCED_FACE('',(#7198),#577,.F.);
#7797=ADVANCED_FACE('',(#7199),#578,.F.);
#7798=ADVANCED_FACE('',(#7200),#124,.T.);
#7799=ADVANCED_FACE('',(#7201),#125,.T.);
#7800=ADVANCED_FACE('',(#7202),#579,.F.);
#7801=ADVANCED_FACE('',(#7203),#580,.F.);
#7802=ADVANCED_FACE('',(#7204),#7402,.T.);
#7803=ADVANCED_FACE('',(#7205),#126,.T.);
#7804=ADVANCED_FACE('',(#7206),#127,.T.);
#7805=ADVANCED_FACE('',(#7207),#128,.T.);
#7806=ADVANCED_FACE('',(#7208),#129,.T.);
#7807=ADVANCED_FACE('',(#7209),#130,.T.);
#7808=ADVANCED_FACE('',(#7210),#581,.T.);
#7809=ADVANCED_FACE('',(#7211),#582,.T.);
#7810=ADVANCED_FACE('',(#7212),#7403,.T.);
#7811=ADVANCED_FACE('',(#7213),#131,.T.);
#7812=ADVANCED_FACE('',(#7214),#132,.T.);
#7813=ADVANCED_FACE('',(#7215),#583,.F.);
#7814=ADVANCED_FACE('',(#7216),#133,.T.);
#7815=ADVANCED_FACE('',(#7217),#134,.T.);
#7816=ADVANCED_FACE('',(#7218),#135,.T.);
#7817=ADVANCED_FACE('',(#7219),#136,.T.);
#7818=ADVANCED_FACE('',(#7220),#7404,.T.);
#7819=ADVANCED_FACE('',(#7221),#137,.T.);
#7820=ADVANCED_FACE('',(#7222),#138,.T.);
#7821=ADVANCED_FACE('',(#7223),#139,.T.);
#7822=ADVANCED_FACE('',(#7224),#140,.T.);
#7823=ADVANCED_FACE('',(#7225),#141,.T.);
#7824=ADVANCED_FACE('',(#7226),#142,.T.);
#7825=ADVANCED_FACE('',(#7227),#7405,.T.);
#7826=ADVANCED_FACE('',(#7228),#143,.T.);
#7827=ADVANCED_FACE('',(#7229),#7406,.T.);
#7828=ADVANCED_FACE('',(#7230),#7407,.T.);
#7829=ADVANCED_FACE('',(#7231),#7408,.T.);
#7830=ADVANCED_FACE('',(#7232),#7409,.T.);
#7831=ADVANCED_FACE('',(#7233),#7410,.T.);
#7832=ADVANCED_FACE('',(#7234),#7411,.T.);
#7833=ADVANCED_FACE('',(#7235),#7412,.T.);
#7834=ADVANCED_FACE('',(#7236),#7413,.T.);
#7835=ADVANCED_FACE('',(#7237),#7414,.T.);
#7836=ADVANCED_FACE('',(#7238),#7415,.T.);
#7837=ADVANCED_FACE('',(#7239),#7416,.T.);
#7838=ADVANCED_FACE('',(#7240),#7417,.T.);
#7839=ADVANCED_FACE('',(#7241),#7418,.T.);
#7840=ADVANCED_FACE('',(#7242),#7419,.T.);
#7841=ADVANCED_FACE('',(#7243),#7420,.T.);
#7842=ADVANCED_FACE('',(#7244),#7421,.T.);
#7843=ADVANCED_FACE('',(#7245),#7422,.T.);
#7844=ADVANCED_FACE('',(#7246),#7423,.T.);
#7845=ADVANCED_FACE('',(#7247),#7424,.T.);
#7846=ADVANCED_FACE('',(#7248),#7425,.F.);
#7847=ADVANCED_FACE('',(#7249),#7426,.F.);
#7848=ADVANCED_FACE('',(#7250),#7427,.F.);
#7849=ADVANCED_FACE('',(#7251,#7252),#7428,.T.);
#7850=ADVANCED_FACE('',(#7253),#7429,.F.);
#7851=ADVANCED_FACE('',(#7254,#7255),#584,.F.);
#7852=ADVANCED_FACE('',(#7256,#7257),#7430,.T.);
#7853=ADVANCED_FACE('',(#7258),#7431,.F.);
#7854=ADVANCED_FACE('',(#7259,#7260),#585,.F.);
#7855=ADVANCED_FACE('',(#7261,#7262),#189,.F.);
#7856=ADVANCED_FACE('',(#7263,#7264),#190,.F.);
#7857=ADVANCED_FACE('',(#7265),#586,.T.);
#7858=ADVANCED_FACE('',(#7266),#7432,.F.);
#7859=ADVANCED_FACE('',(#7267),#587,.T.);
#7860=ADVANCED_FACE('',(#7268),#7433,.F.);
#7861=ADVANCED_FACE('',(#7269),#7434,.F.);
#7862=ADVANCED_FACE('',(#7270),#588,.T.);
#7863=ADVANCED_FACE('',(#7271),#7435,.F.);
#7864=ADVANCED_FACE('',(#7272),#191,.F.);
#7865=ADVANCED_FACE('',(#7273),#589,.F.);
#7866=ADVANCED_FACE('',(#7274),#590,.F.);
#7867=ADVANCED_FACE('',(#7275),#192,.F.);
#7868=ADVANCED_FACE('',(#7276),#193,.F.);
#7869=ADVANCED_FACE('',(#7277),#591,.F.);
#7870=ADVANCED_FACE('',(#7278),#592,.F.);
#7871=ADVANCED_FACE('',(#7279),#593,.F.);
#7872=ADVANCED_FACE('',(#7280),#594,.F.);
#7873=ADVANCED_FACE('',(#7281),#595,.F.);
#7874=ADVANCED_FACE('',(#7282),#596,.F.);
#7875=ADVANCED_FACE('',(#7283),#597,.F.);
#7876=ADVANCED_FACE('',(#7284),#598,.F.);
#7877=ADVANCED_FACE('',(#7285),#599,.F.);
#7878=CLOSED_SHELL('',(#7436,#7437,#7438,#7439,#7440,#7441,#7442,#7443,
#7444,#7445,#7446,#7447,#7448,#7449,#7450,#7451,#7452,#7453,#7454,#7455,
#7456,#7457,#7458,#7459,#7460,#7461,#7462,#7463,#7464,#7465,#7466,#7467,
#7468,#7469,#7470,#7471,#7472,#7473,#7474,#7475,#7476,#7477,#7478,#7479,
#7480,#7481,#7482,#7483,#7484,#7485,#7486,#7487,#7488,#7489,#7490,#7491,
#7492,#7493,#7494,#7495,#7496,#7497,#7498,#7499,#7500,#7501,#7502,#7503,
#7504,#7505,#7506,#7507,#7508,#7509,#7510,#7511,#7512,#7513,#7514,#7515,
#7516,#7517,#7518,#7519,#7520,#7521,#7522,#7523,#7524,#7525,#7526,#7527,
#7528,#7529,#7530,#7531,#7532,#7533,#7534,#7535,#7536,#7537,#7538,#7539,
#7540,#7541,#7542,#7543,#7544,#7545,#7546,#7547,#7548,#7549,#7550,#7551,
#7552,#7553,#7554,#7555,#7556,#7557,#7558,#7559,#7560,#7561,#7562,#7563,
#7564,#7565,#7566,#7567,#7568,#7569,#7570,#7571,#7572,#7573,#7574,#7575,
#7576,#7577,#7578,#7579,#7580,#7581,#7582,#7583,#7584,#7585,#7586,#7587,
#7588,#7589,#7590,#7591,#7592,#7593,#7594,#7595,#7596,#7597,#7598,#7599,
#7600,#7601,#7602,#7603,#7604,#7605,#7606,#7607,#7608,#7609,#7610,#7611,
#7612,#7613,#7614,#7615,#7616,#7617,#7618,#7619,#7620,#7621,#7622,#7623,
#7624,#7625,#7626,#7627,#7628,#7629,#7630,#7631,#7632,#7633,#7634,#7635,
#7636,#7637,#7638,#7639,#7640,#7641,#7642,#7643,#7644,#7645,#7646,#7647,
#7648,#7649,#7650,#7651,#7652,#7653,#7654,#7655,#7656,#7657,#7658,#7659,
#7660,#7661,#7662,#7663,#7664,#7665,#7666,#7667,#7668,#7669,#7670,#7671,
#7672,#7673,#7674,#7675,#7676,#7677,#7678,#7679,#7680,#7681,#7682,#7683,
#7684,#7685,#7686,#7687,#7688,#7689,#7690,#7691,#7692,#7693,#7694,#7695,
#7696,#7697,#7698,#7699,#7700,#7701,#7702,#7703,#7704,#7705,#7706,#7707,
#7708,#7709,#7710,#7711,#7712,#7713,#7714,#7715,#7716,#7717,#7718,#7719,
#7720,#7721,#7722,#7723,#7724,#7725,#7726,#7727,#7728,#7729,#7730,#7731,
#7732,#7733,#7734,#7735,#7736,#7737,#7738,#7739,#7740,#7741,#7742,#7743,
#7744,#7745,#7746,#7747,#7748,#7749,#7750,#7751,#7752,#7753,#7754,#7755,
#7756,#7757,#7758,#7759,#7760,#7761,#7762,#7763,#7764,#7765,#7766,#7767,
#7768,#7769,#7770,#7771,#7772,#7773,#7774,#7775,#7776,#7777,#7778,#7779,
#7780,#7781,#7782,#7783,#7784,#7785,#7786,#7787,#7788,#7789,#7790,#7791,
#7792,#7793,#7794,#7795,#7796,#7797,#7798,#7799,#7800,#7801,#7802,#7803,
#7804,#7805,#7806,#7807,#7808,#7809,#7810,#7811,#7812,#7813,#7814,#7815,
#7816,#7817,#7818,#7819,#7820,#7821,#7822,#7823,#7824,#7825,#7826,#7827,
#7828,#7829,#7830,#7831,#7832,#7833,#7834,#7835,#7836,#7837,#7838,#7839,
#7840,#7841,#7842,#7843,#7844,#7845,#7846,#7847,#7848,#7849,#7850,#7851,
#7852,#7853,#7854,#7855,#7856,#7857,#7858,#7859,#7860,#7861,#7862,#7863,
#7864,#7865,#7866,#7867,#7868,#7869,#7870,#7871,#7872,#7873,#7874,#7875,
#7876,#7877));
#7879=STYLED_ITEM('',(#7880),#7887);
#7880=PRESENTATION_STYLE_ASSIGNMENT((#7881));
#7881=SURFACE_STYLE_USAGE(.BOTH.,#7882);
#7882=SURFACE_SIDE_STYLE('',(#7883));
#7883=SURFACE_STYLE_FILL_AREA(#7884);
#7884=FILL_AREA_STYLE('',(#7885));
#7885=FILL_AREA_STYLE_COLOUR('',#7886);
#7886=COLOUR_RGB('',0.615686274509804,0.811764705882353,0.929411764705882);
#7887=MANIFOLD_SOLID_BREP('Telescope_V1_Mount',#7878);
#7888=SHAPE_DEFINITION_REPRESENTATION(#14254,#7889);
#7889=SHAPE_REPRESENTATION('Telescope_V1_Mount',(#7890),#14249);
#7890=AXIS2_PLACEMENT_3D('',#10210,#8459,#8460);
#7891=AXIS2_PLACEMENT_3D('',#10211,#8461,#8462);
#7892=AXIS2_PLACEMENT_3D('',#10223,#8468,#8469);
#7893=AXIS2_PLACEMENT_3D('',#10235,#8475,#8476);
#7894=AXIS2_PLACEMENT_3D('',#10239,#8478,#8479);
#7895=AXIS2_PLACEMENT_3D('',#10245,#8482,#8483);
#7896=AXIS2_PLACEMENT_3D('',#10248,#8485,#8486);
#7897=AXIS2_PLACEMENT_3D('',#10257,#8491,#8492);
#7898=AXIS2_PLACEMENT_3D('',#10266,#8497,#8498);
#7899=AXIS2_PLACEMENT_3D('',#10275,#8503,#8504);
#7900=AXIS2_PLACEMENT_3D('',#10284,#8509,#8510);
#7901=AXIS2_PLACEMENT_3D('',#10293,#8515,#8516);
#7902=AXIS2_PLACEMENT_3D('',#10302,#8521,#8522);
#7903=AXIS2_PLACEMENT_3D('',#10311,#8527,#8528);
#7904=AXIS2_PLACEMENT_3D('',#10312,#8529,#8530);
#7905=AXIS2_PLACEMENT_3D('',#10314,#8531,#8532);
#7906=AXIS2_PLACEMENT_3D('',#10316,#8533,#8534);
#7907=AXIS2_PLACEMENT_3D('',#10317,#8535,#8536);
#7908=AXIS2_PLACEMENT_3D('',#10319,#8537,#8538);
#7909=AXIS2_PLACEMENT_3D('',#10321,#8539,#8540);
#7910=AXIS2_PLACEMENT_3D('',#10322,#8541,#8542);
#7911=AXIS2_PLACEMENT_3D('',#10324,#8543,#8544);
#7912=AXIS2_PLACEMENT_3D('',#10326,#8545,#8546);
#7913=AXIS2_PLACEMENT_3D('',#10362,#8548,#8549);
#7914=AXIS2_PLACEMENT_3D('',#10374,#8551,#8552);
#7915=AXIS2_PLACEMENT_3D('',#10388,#8557,#8558);
#7916=AXIS2_PLACEMENT_3D('',#10420,#8562,#8563);
#7917=AXIS2_PLACEMENT_3D('',#10450,#8566,#8567);
#7918=AXIS2_PLACEMENT_3D('',#10456,#8568,#8569);
#7919=AXIS2_PLACEMENT_3D('',#10468,#8571,#8572);
#7920=AXIS2_PLACEMENT_3D('',#10490,#8573,#8574);
#7921=AXIS2_PLACEMENT_3D('',#10492,#8575,#8576);
#7922=AXIS2_PLACEMENT_3D('',#10496,#8578,#8579);
#7923=AXIS2_PLACEMENT_3D('',#10524,#8581,#8582);
#7924=AXIS2_PLACEMENT_3D('',#10534,#8583,#8584);
#7925=AXIS2_PLACEMENT_3D('',#10552,#8589,#8590);
#7926=AXIS2_PLACEMENT_3D('',#10554,#8591,#8592);
#7927=AXIS2_PLACEMENT_3D('',#10558,#8594,#8595);
#7928=AXIS2_PLACEMENT_3D('',#10560,#8596,#8597);
#7929=AXIS2_PLACEMENT_3D('',#10562,#8598,#8599);
#7930=AXIS2_PLACEMENT_3D('',#10569,#8601,#8602);
#7931=AXIS2_PLACEMENT_3D('',#10614,#8614,#8615);
#7932=AXIS2_PLACEMENT_3D('',#10616,#8616,#8617);
#7933=AXIS2_PLACEMENT_3D('',#10620,#8619,#8620);
#7934=AXIS2_PLACEMENT_3D('',#10630,#8621,#8622);
#7935=AXIS2_PLACEMENT_3D('',#10654,#8624,#8625);
#7936=AXIS2_PLACEMENT_3D('',#10674,#8629,#8630);
#7937=AXIS2_PLACEMENT_3D('',#10676,#8631,#8632);
#7938=AXIS2_PLACEMENT_3D('',#10695,#8636,#8637);
#7939=AXIS2_PLACEMENT_3D('',#10706,#8638,#8639);
#7940=AXIS2_PLACEMENT_3D('',#10730,#8641,#8642);
#7941=AXIS2_PLACEMENT_3D('',#10750,#8646,#8647);
#7942=AXIS2_PLACEMENT_3D('',#10752,#8648,#8649);
#7943=AXIS2_PLACEMENT_3D('',#10806,#8654,#8655);
#7944=AXIS2_PLACEMENT_3D('',#10818,#8657,#8658);
#7945=AXIS2_PLACEMENT_3D('',#10819,#8659,#8660);
#7946=AXIS2_PLACEMENT_3D('',#10874,#8663,#8664);
#7947=AXIS2_PLACEMENT_3D('',#10886,#8666,#8667);
#7948=AXIS2_PLACEMENT_3D('',#10888,#8668,#8669);
#7949=AXIS2_PLACEMENT_3D('',#10912,#8671,#8672);
#7950=AXIS2_PLACEMENT_3D('',#10914,#8673,#8674);
#7951=AXIS2_PLACEMENT_3D('',#10924,#8675,#8676);
#7952=AXIS2_PLACEMENT_3D('',#10951,#8690,#8691);
#7953=AXIS2_PLACEMENT_3D('',#10955,#8693,#8694);
#7954=AXIS2_PLACEMENT_3D('',#10962,#8698,#8699);
#7955=AXIS2_PLACEMENT_3D('',#10966,#8701,#8702);
#7956=AXIS2_PLACEMENT_3D('',#10970,#8704,#8705);
#7957=AXIS2_PLACEMENT_3D('',#10971,#8706,#8707);
#7958=AXIS2_PLACEMENT_3D('',#10977,#8711,#8712);
#7959=AXIS2_PLACEMENT_3D('',#10978,#8713,#8714);
#7960=AXIS2_PLACEMENT_3D('',#10980,#8715,#8716);
#7961=AXIS2_PLACEMENT_3D('',#10990,#8717,#8718);
#7962=AXIS2_PLACEMENT_3D('',#11000,#8719,#8720);
#7963=AXIS2_PLACEMENT_3D('',#11004,#8722,#8723);
#7964=AXIS2_PLACEMENT_3D('',#11005,#8724,#8725);
#7965=AXIS2_PLACEMENT_3D('',#11020,#8727,#8728);
#7966=AXIS2_PLACEMENT_3D('',#11029,#8733,#8734);
#7967=AXIS2_PLACEMENT_3D('',#11033,#8736,#8737);
#7968=AXIS2_PLACEMENT_3D('',#11035,#8738,#8739);
#7969=AXIS2_PLACEMENT_3D('',#11039,#8741,#8742);
#7970=AXIS2_PLACEMENT_3D('',#11058,#8749,#8750);
#7971=AXIS2_PLACEMENT_3D('',#11067,#8755,#8756);
#7972=AXIS2_PLACEMENT_3D('',#11076,#8761,#8762);
#7973=AXIS2_PLACEMENT_3D('',#11082,#8766,#8767);
#7974=AXIS2_PLACEMENT_3D('',#11091,#8772,#8773);
#7975=AXIS2_PLACEMENT_3D('',#11092,#8774,#8775);
#7976=AXIS2_PLACEMENT_3D('',#11105,#8782,#8783);
#7977=AXIS2_PLACEMENT_3D('',#11109,#8785,#8786);
#7978=AXIS2_PLACEMENT_3D('',#11120,#8792,#8793);
#7979=AXIS2_PLACEMENT_3D('',#11123,#8795,#8796);
#7980=AXIS2_PLACEMENT_3D('',#11127,#8798,#8799);
#7981=AXIS2_PLACEMENT_3D('',#11128,#8800,#8801);
#7982=AXIS2_PLACEMENT_3D('',#11129,#8802,#8803);
#7983=AXIS2_PLACEMENT_3D('',#11134,#8805,#8806);
#7984=AXIS2_PLACEMENT_3D('',#11135,#8807,#8808);
#7985=AXIS2_PLACEMENT_3D('',#11138,#8810,#8811);
#7986=AXIS2_PLACEMENT_3D('',#11144,#8815,#8816);
#7987=AXIS2_PLACEMENT_3D('',#11148,#8818,#8819);
#7988=AXIS2_PLACEMENT_3D('',#11149,#8820,#8821);
#7989=AXIS2_PLACEMENT_3D('',#11150,#8822,#8823);
#7990=AXIS2_PLACEMENT_3D('',#11152,#8824,#8825);
#7991=AXIS2_PLACEMENT_3D('',#11154,#8826,#8827);
#7992=AXIS2_PLACEMENT_3D('',#11155,#8828,#8829);
#7993=AXIS2_PLACEMENT_3D('',#11156,#8830,#8831);
#7994=AXIS2_PLACEMENT_3D('',#11160,#8833,#8834);
#7995=AXIS2_PLACEMENT_3D('',#11161,#8835,#8836);
#7996=AXIS2_PLACEMENT_3D('',#11165,#8838,#8839);
#7997=AXIS2_PLACEMENT_3D('',#11167,#8840,#8841);
#7998=AXIS2_PLACEMENT_3D('',#11171,#8843,#8844);
#7999=AXIS2_PLACEMENT_3D('',#11175,#8846,#8847);
#8000=AXIS2_PLACEMENT_3D('',#11176,#8848,#8849);
#8001=AXIS2_PLACEMENT_3D('',#11177,#8850,#8851);
#8002=AXIS2_PLACEMENT_3D('',#11178,#8852,#8853);
#8003=AXIS2_PLACEMENT_3D('',#11180,#8854,#8855);
#8004=AXIS2_PLACEMENT_3D('',#11182,#8856,#8857);
#8005=AXIS2_PLACEMENT_3D('',#11184,#8858,#8859);
#8006=AXIS2_PLACEMENT_3D('',#11186,#8860,#8861);
#8007=AXIS2_PLACEMENT_3D('',#11191,#8863,#8864);
#8008=AXIS2_PLACEMENT_3D('',#11193,#8866,#8867);
#8009=AXIS2_PLACEMENT_3D('',#11194,#8868,#8869);
#8010=AXIS2_PLACEMENT_3D('',#11195,#8870,#8871);
#8011=AXIS2_PLACEMENT_3D('',#11251,#8872,#8873);
#8012=AXIS2_PLACEMENT_3D('',#11252,#8874,#8875);
#8013=AXIS2_PLACEMENT_3D('',#11253,#8876,#8877);
#8014=AXIS2_PLACEMENT_3D('',#11254,#8878,#8879);
#8015=AXIS2_PLACEMENT_3D('',#11255,#8880,#8881);
#8016=AXIS2_PLACEMENT_3D('',#11256,#8882,#8883);
#8017=AXIS2_PLACEMENT_3D('',#11257,#8884,#8885);
#8018=AXIS2_PLACEMENT_3D('',#11258,#8886,#8887);
#8019=AXIS2_PLACEMENT_3D('',#11259,#8888,#8889);
#8020=AXIS2_PLACEMENT_3D('',#11260,#8890,#8891);
#8021=AXIS2_PLACEMENT_3D('',#11261,#8892,#8893);
#8022=AXIS2_PLACEMENT_3D('',#11262,#8894,#8895);
#8023=AXIS2_PLACEMENT_3D('',#11263,#8896,#8897);
#8024=AXIS2_PLACEMENT_3D('',#11265,#8898,#8899);
#8025=AXIS2_PLACEMENT_3D('',#11274,#8903,#8904);
#8026=AXIS2_PLACEMENT_3D('',#11278,#8906,#8907);
#8027=AXIS2_PLACEMENT_3D('',#11282,#8909,#8910);
#8028=AXIS2_PLACEMENT_3D('',#11285,#8912,#8913);
#8029=AXIS2_PLACEMENT_3D('',#11291,#8917,#8918);
#8030=AXIS2_PLACEMENT_3D('',#11292,#8919,#8920);
#8031=AXIS2_PLACEMENT_3D('',#11303,#8921,#8922);
#8032=AXIS2_PLACEMENT_3D('',#11313,#8923,#8924);
#8033=AXIS2_PLACEMENT_3D('',#11317,#8927,#8928);
#8034=AXIS2_PLACEMENT_3D('',#11318,#8929,#8930);
#8035=AXIS2_PLACEMENT_3D('',#11320,#8931,#8932);
#8036=AXIS2_PLACEMENT_3D('',#11321,#8933,#8934);
#8037=AXIS2_PLACEMENT_3D('',#11322,#8935,#8936);
#8038=AXIS2_PLACEMENT_3D('',#11389,#8937,#8938);
#8039=AXIS2_PLACEMENT_3D('',#11390,#8939,#8940);
#8040=AXIS2_PLACEMENT_3D('',#11391,#8941,#8942);
#8041=AXIS2_PLACEMENT_3D('',#11392,#8943,#8944);
#8042=AXIS2_PLACEMENT_3D('',#11393,#8945,#8946);
#8043=AXIS2_PLACEMENT_3D('',#11394,#8947,#8948);
#8044=AXIS2_PLACEMENT_3D('',#11395,#8949,#8950);
#8045=AXIS2_PLACEMENT_3D('',#11396,#8951,#8952);
#8046=AXIS2_PLACEMENT_3D('',#11397,#8953,#8954);
#8047=AXIS2_PLACEMENT_3D('',#11405,#8955,#8956);
#8048=AXIS2_PLACEMENT_3D('',#11406,#8957,#8958);
#8049=AXIS2_PLACEMENT_3D('',#11407,#8959,#8960);
#8050=AXIS2_PLACEMENT_3D('',#11408,#8961,#8962);
#8051=AXIS2_PLACEMENT_3D('',#11416,#8967,#8968);
#8052=AXIS2_PLACEMENT_3D('',#11422,#8972,#8973);
#8053=AXIS2_PLACEMENT_3D('',#11431,#8978,#8979);
#8054=AXIS2_PLACEMENT_3D('',#11437,#8983,#8984);
#8055=AXIS2_PLACEMENT_3D('',#11440,#8987,#8988);
#8056=AXIS2_PLACEMENT_3D('',#11441,#8989,#8990);
#8057=AXIS2_PLACEMENT_3D('',#11442,#8991,#8992);
#8058=AXIS2_PLACEMENT_3D('',#11451,#8997,#8998);
#8059=AXIS2_PLACEMENT_3D('',#11452,#8999,#9000);
#8060=AXIS2_PLACEMENT_3D('',#11459,#9003,#9004);
#8061=AXIS2_PLACEMENT_3D('',#11469,#9009,#9010);
#8062=AXIS2_PLACEMENT_3D('',#11470,#9011,#9012);
#8063=AXIS2_PLACEMENT_3D('',#11471,#9013,#9014);
#8064=AXIS2_PLACEMENT_3D('',#11473,#9015,#9016);
#8065=AXIS2_PLACEMENT_3D('',#11475,#9017,#9018);
#8066=AXIS2_PLACEMENT_3D('',#11476,#9019,#9020);
#8067=AXIS2_PLACEMENT_3D('',#11477,#9021,#9022);
#8068=AXIS2_PLACEMENT_3D('',#11478,#9023,#9024);
#8069=AXIS2_PLACEMENT_3D('',#11479,#9025,#9026);
#8070=AXIS2_PLACEMENT_3D('',#11480,#9027,#9028);
#8071=AXIS2_PLACEMENT_3D('',#11483,#9030,#9031);
#8072=AXIS2_PLACEMENT_3D('',#11486,#9033,#9034);
#8073=AXIS2_PLACEMENT_3D('',#11487,#9035,#9036);
#8074=AXIS2_PLACEMENT_3D('',#11493,#9040,#9041);
#8075=AXIS2_PLACEMENT_3D('',#11494,#9042,#9043);
#8076=AXIS2_PLACEMENT_3D('',#11503,#9048,#9049);
#8077=AXIS2_PLACEMENT_3D('',#11506,#9051,#9052);
#8078=AXIS2_PLACEMENT_3D('',#11515,#9057,#9058);
#8079=AXIS2_PLACEMENT_3D('',#11524,#9063,#9064);
#8080=AXIS2_PLACEMENT_3D('',#11530,#9068,#9069);
#8081=AXIS2_PLACEMENT_3D('',#11536,#9073,#9074);
#8082=AXIS2_PLACEMENT_3D('',#11545,#9079,#9080);
#8083=AXIS2_PLACEMENT_3D('',#11554,#9085,#9086);
#8084=AXIS2_PLACEMENT_3D('',#11555,#9087,#9088);
#8085=AXIS2_PLACEMENT_3D('',#11559,#9091,#9092);
#8086=AXIS2_PLACEMENT_3D('',#11568,#9095,#9096);
#8087=AXIS2_PLACEMENT_3D('',#11574,#9100,#9101);
#8088=AXIS2_PLACEMENT_3D('',#11575,#9102,#9103);
#8089=AXIS2_PLACEMENT_3D('',#11576,#9104,#9105);
#8090=AXIS2_PLACEMENT_3D('',#11577,#9106,#9107);
#8091=AXIS2_PLACEMENT_3D('',#11578,#9108,#9109);
#8092=AXIS2_PLACEMENT_3D('',#11579,#9110,#9111);
#8093=AXIS2_PLACEMENT_3D('',#11580,#9112,#9113);
#8094=AXIS2_PLACEMENT_3D('',#11581,#9114,#9115);
#8095=AXIS2_PLACEMENT_3D('',#11582,#9116,#9117);
#8096=AXIS2_PLACEMENT_3D('',#11583,#9118,#9119);
#8097=AXIS2_PLACEMENT_3D('',#11584,#9120,#9121);
#8098=AXIS2_PLACEMENT_3D('',#11585,#9122,#9123);
#8099=AXIS2_PLACEMENT_3D('',#11586,#9124,#9125);
#8100=AXIS2_PLACEMENT_3D('',#11587,#9126,#9127);
#8101=AXIS2_PLACEMENT_3D('',#11588,#9128,#9129);
#8102=AXIS2_PLACEMENT_3D('',#11589,#9130,#9131);
#8103=AXIS2_PLACEMENT_3D('',#11590,#9132,#9133);
#8104=AXIS2_PLACEMENT_3D('',#11591,#9134,#9135);
#8105=AXIS2_PLACEMENT_3D('',#11592,#9136,#9137);
#8106=AXIS2_PLACEMENT_3D('',#11593,#9138,#9139);
#8107=AXIS2_PLACEMENT_3D('',#11594,#9140,#9141);
#8108=AXIS2_PLACEMENT_3D('',#11595,#9142,#9143);
#8109=AXIS2_PLACEMENT_3D('',#11596,#9144,#9145);
#8110=AXIS2_PLACEMENT_3D('',#11597,#9146,#9147);
#8111=AXIS2_PLACEMENT_3D('',#11598,#9148,#9149);
#8112=AXIS2_PLACEMENT_3D('',#11599,#9150,#9151);
#8113=AXIS2_PLACEMENT_3D('',#11601,#9152,#9153);
#8114=AXIS2_PLACEMENT_3D('',#11602,#9154,#9155);
#8115=AXIS2_PLACEMENT_3D('',#11603,#9156,#9157);
#8116=AXIS2_PLACEMENT_3D('',#11604,#9158,#9159);
#8117=AXIS2_PLACEMENT_3D('',#11606,#9160,#9161);
#8118=AXIS2_PLACEMENT_3D('',#11607,#9162,#9163);
#8119=AXIS2_PLACEMENT_3D('',#11608,#9164,#9165);
#8120=AXIS2_PLACEMENT_3D('',#11609,#9166,#9167);
#8121=AXIS2_PLACEMENT_3D('',#11611,#9168,#9169);
#8122=AXIS2_PLACEMENT_3D('',#11612,#9170,#9171);
#8123=AXIS2_PLACEMENT_3D('',#11617,#9173,#9174);
#8124=AXIS2_PLACEMENT_3D('',#11621,#9176,#9177);
#8125=AXIS2_PLACEMENT_3D('',#11624,#9179,#9180);
#8126=AXIS2_PLACEMENT_3D('',#11628,#9182,#9183);
#8127=AXIS2_PLACEMENT_3D('',#11629,#9184,#9185);
#8128=AXIS2_PLACEMENT_3D('',#11633,#9187,#9188);
#8129=AXIS2_PLACEMENT_3D('',#11637,#9190,#9191);
#8130=AXIS2_PLACEMENT_3D('',#11639,#9192,#9193);
#8131=AXIS2_PLACEMENT_3D('',#11643,#9195,#9196);
#8132=AXIS2_PLACEMENT_3D('',#11644,#9197,#9198);
#8133=AXIS2_PLACEMENT_3D('',#11648,#9200,#9201);
#8134=AXIS2_PLACEMENT_3D('',#11649,#9202,#9203);
#8135=AXIS2_PLACEMENT_3D('',#11651,#9204,#9205);
#8136=AXIS2_PLACEMENT_3D('',#11653,#9206,#9207);
#8137=AXIS2_PLACEMENT_3D('',#11654,#9208,#9209);
#8138=AXIS2_PLACEMENT_3D('',#11656,#9210,#9211);
#8139=AXIS2_PLACEMENT_3D('',#11659,#9214,#9215);
#8140=AXIS2_PLACEMENT_3D('',#11660,#9216,#9217);
#8141=AXIS2_PLACEMENT_3D('',#11661,#9218,#9219);
#8142=AXIS2_PLACEMENT_3D('',#11678,#9220,#9221);
#8143=AXIS2_PLACEMENT_3D('',#11679,#9222,#9223);
#8144=AXIS2_PLACEMENT_3D('',#11680,#9224,#9225);
#8145=AXIS2_PLACEMENT_3D('',#11681,#9226,#9227);
#8146=AXIS2_PLACEMENT_3D('',#11682,#9228,#9229);
#8147=AXIS2_PLACEMENT_3D('',#11689,#9230,#9231);
#8148=AXIS2_PLACEMENT_3D('',#11690,#9232,#9233);
#8149=AXIS2_PLACEMENT_3D('',#11691,#9234,#9235);
#8150=AXIS2_PLACEMENT_3D('',#11698,#9236,#9237);
#8151=AXIS2_PLACEMENT_3D('',#11699,#9238,#9239);
#8152=AXIS2_PLACEMENT_3D('',#11700,#9240,#9241);
#8153=AXIS2_PLACEMENT_3D('',#11701,#9242,#9243);
#8154=AXIS2_PLACEMENT_3D('',#11702,#9244,#9245);
#8155=AXIS2_PLACEMENT_3D('',#11703,#9246,#9247);
#8156=AXIS2_PLACEMENT_3D('',#11704,#9248,#9249);
#8157=AXIS2_PLACEMENT_3D('',#11705,#9250,#9251);
#8158=AXIS2_PLACEMENT_3D('',#11706,#9252,#9253);
#8159=AXIS2_PLACEMENT_3D('',#11707,#9254,#9255);
#8160=AXIS2_PLACEMENT_3D('',#11708,#9256,#9257);
#8161=AXIS2_PLACEMENT_3D('',#11709,#9258,#9259);
#8162=AXIS2_PLACEMENT_3D('',#11710,#9260,#9261);
#8163=AXIS2_PLACEMENT_3D('',#11711,#9262,#9263);
#8164=AXIS2_PLACEMENT_3D('',#11712,#9264,#9265);
#8165=AXIS2_PLACEMENT_3D('',#11713,#9266,#9267);
#8166=AXIS2_PLACEMENT_3D('',#11714,#9268,#9269);
#8167=AXIS2_PLACEMENT_3D('',#11715,#9270,#9271);
#8168=AXIS2_PLACEMENT_3D('',#11716,#9272,#9273);
#8169=AXIS2_PLACEMENT_3D('',#11717,#9274,#9275);
#8170=AXIS2_PLACEMENT_3D('',#11718,#9276,#9277);
#8171=AXIS2_PLACEMENT_3D('',#11719,#9278,#9279);
#8172=AXIS2_PLACEMENT_3D('',#11720,#9280,#9281);
#8173=AXIS2_PLACEMENT_3D('',#11721,#9282,#9283);
#8174=AXIS2_PLACEMENT_3D('',#11722,#9284,#9285);
#8175=AXIS2_PLACEMENT_3D('',#11723,#9286,#9287);
#8176=AXIS2_PLACEMENT_3D('',#11724,#9288,#9289);
#8177=AXIS2_PLACEMENT_3D('',#11725,#9290,#9291);
#8178=AXIS2_PLACEMENT_3D('',#11726,#9292,#9293);
#8179=AXIS2_PLACEMENT_3D('',#11727,#9294,#9295);
#8180=AXIS2_PLACEMENT_3D('',#11728,#9296,#9297);
#8181=AXIS2_PLACEMENT_3D('',#11729,#9298,#9299);
#8182=AXIS2_PLACEMENT_3D('',#11730,#9300,#9301);
#8183=AXIS2_PLACEMENT_3D('',#11731,#9302,#9303);
#8184=AXIS2_PLACEMENT_3D('',#11732,#9304,#9305);
#8185=AXIS2_PLACEMENT_3D('',#11733,#9306,#9307);
#8186=AXIS2_PLACEMENT_3D('',#11734,#9308,#9309);
#8187=AXIS2_PLACEMENT_3D('',#11735,#9310,#9311);
#8188=AXIS2_PLACEMENT_3D('',#11736,#9312,#9313);
#8189=AXIS2_PLACEMENT_3D('',#11737,#9314,#9315);
#8190=AXIS2_PLACEMENT_3D('',#11738,#9316,#9317);
#8191=AXIS2_PLACEMENT_3D('',#11744,#9321,#9322);
#8192=AXIS2_PLACEMENT_3D('',#11747,#9325,#9326);
#8193=AXIS2_PLACEMENT_3D('',#11749,#9328,#9329);
#8194=AXIS2_PLACEMENT_3D('',#11751,#9331,#9332);
#8195=AXIS2_PLACEMENT_3D('',#11752,#9333,#9334);
#8196=AXIS2_PLACEMENT_3D('',#11753,#9335,#9336);
#8197=AXIS2_PLACEMENT_3D('',#11754,#9337,#9338);
#8198=AXIS2_PLACEMENT_3D('',#11755,#9339,#9340);
#8199=AXIS2_PLACEMENT_3D('',#11756,#9341,#9342);
#8200=AXIS2_PLACEMENT_3D('',#11757,#9343,#9344);
#8201=AXIS2_PLACEMENT_3D('',#11779,#9345,#9346);
#8202=AXIS2_PLACEMENT_3D('',#11780,#9347,#9348);
#8203=AXIS2_PLACEMENT_3D('',#11802,#9349,#9350);
#8204=AXIS2_PLACEMENT_3D('',#11803,#9351,#9352);
#8205=AXIS2_PLACEMENT_3D('',#11804,#9353,#9354);
#8206=AXIS2_PLACEMENT_3D('',#11805,#9355,#9356);
#8207=AXIS2_PLACEMENT_3D('',#11806,#9357,#9358);
#8208=AXIS2_PLACEMENT_3D('',#11807,#9359,#9360);
#8209=AXIS2_PLACEMENT_3D('',#11808,#9361,#9362);
#8210=AXIS2_PLACEMENT_3D('',#11809,#9363,#9364);
#8211=AXIS2_PLACEMENT_3D('',#11810,#9365,#9366);
#8212=AXIS2_PLACEMENT_3D('',#11811,#9367,#9368);
#8213=AXIS2_PLACEMENT_3D('',#11812,#9369,#9370);
#8214=AXIS2_PLACEMENT_3D('',#11813,#9371,#9372);
#8215=AXIS2_PLACEMENT_3D('',#11814,#9373,#9374);
#8216=AXIS2_PLACEMENT_3D('',#11815,#9375,#9376);
#8217=AXIS2_PLACEMENT_3D('',#11816,#9377,#9378);
#8218=AXIS2_PLACEMENT_3D('',#11817,#9379,#9380);
#8219=AXIS2_PLACEMENT_3D('',#11818,#9381,#9382);
#8220=AXIS2_PLACEMENT_3D('',#11819,#9383,#9384);
#8221=AXIS2_PLACEMENT_3D('',#11820,#9385,#9386);
#8222=AXIS2_PLACEMENT_3D('',#11821,#9387,#9388);
#8223=AXIS2_PLACEMENT_3D('',#11822,#9389,#9390);
#8224=AXIS2_PLACEMENT_3D('',#11823,#9391,#9392);
#8225=AXIS2_PLACEMENT_3D('',#11824,#9393,#9394);
#8226=AXIS2_PLACEMENT_3D('',#11825,#9395,#9396);
#8227=AXIS2_PLACEMENT_3D('',#11834,#9401,#9402);
#8228=AXIS2_PLACEMENT_3D('',#11874,#9408,#9409);
#8229=AXIS2_PLACEMENT_3D('',#11875,#9410,#9411);
#8230=AXIS2_PLACEMENT_3D('',#11879,#9413,#9414);
#8231=AXIS2_PLACEMENT_3D('',#11880,#9415,#9416);
#8232=AXIS2_PLACEMENT_3D('',#11881,#9417,#9418);
#8233=AXIS2_PLACEMENT_3D('',#11885,#9420,#9421);
#8234=AXIS2_PLACEMENT_3D('',#11961,#9428,#9429);
#8235=AXIS2_PLACEMENT_3D('',#11965,#9432,#9433);
#8236=AXIS2_PLACEMENT_3D('',#11969,#9436,#9437);
#8237=AXIS2_PLACEMENT_3D('',#11999,#9442,#9443);
#8238=AXIS2_PLACEMENT_3D('',#12002,#9445,#9446);
#8239=AXIS2_PLACEMENT_3D('',#12003,#9447,#9448);
#8240=AXIS2_PLACEMENT_3D('',#12006,#9450,#9451);
#8241=AXIS2_PLACEMENT_3D('',#12033,#9454,#9455);
#8242=AXIS2_PLACEMENT_3D('',#12037,#9458,#9459);
#8243=AXIS2_PLACEMENT_3D('',#12041,#9462,#9463);
#8244=AXIS2_PLACEMENT_3D('',#12058,#9467,#9468);
#8245=AXIS2_PLACEMENT_3D('',#12061,#9470,#9471);
#8246=AXIS2_PLACEMENT_3D('',#12114,#9476,#9477);
#8247=AXIS2_PLACEMENT_3D('',#12131,#9481,#9482);
#8248=AXIS2_PLACEMENT_3D('',#12132,#9483,#9484);
#8249=AXIS2_PLACEMENT_3D('',#12133,#9485,#9486);
#8250=AXIS2_PLACEMENT_3D('',#12136,#9489,#9490);
#8251=AXIS2_PLACEMENT_3D('',#12152,#9493,#9494);
#8252=AXIS2_PLACEMENT_3D('',#12155,#9496,#9497);
#8253=AXIS2_PLACEMENT_3D('',#12156,#9498,#9499);
#8254=AXIS2_PLACEMENT_3D('',#12159,#9501,#9502);
#8255=AXIS2_PLACEMENT_3D('',#12160,#9503,#9504);
#8256=AXIS2_PLACEMENT_3D('',#12164,#9507,#9508);
#8257=AXIS2_PLACEMENT_3D('',#12167,#9510,#9511);
#8258=AXIS2_PLACEMENT_3D('',#12168,#9512,#9513);
#8259=AXIS2_PLACEMENT_3D('',#12171,#9515,#9516);
#8260=AXIS2_PLACEMENT_3D('',#12198,#9519,#9520);
#8261=AXIS2_PLACEMENT_3D('',#12202,#9523,#9524);
#8262=AXIS2_PLACEMENT_3D('',#12206,#9527,#9528);
#8263=AXIS2_PLACEMENT_3D('',#12210,#9531,#9532);
#8264=AXIS2_PLACEMENT_3D('',#12214,#9535,#9536);
#8265=AXIS2_PLACEMENT_3D('',#12218,#9539,#9540);
#8266=AXIS2_PLACEMENT_3D('',#12222,#9543,#9544);
#8267=AXIS2_PLACEMENT_3D('',#12226,#9547,#9548);
#8268=AXIS2_PLACEMENT_3D('',#12230,#9551,#9552);
#8269=AXIS2_PLACEMENT_3D('',#12234,#9555,#9556);
#8270=AXIS2_PLACEMENT_3D('',#12238,#9559,#9560);
#8271=AXIS2_PLACEMENT_3D('',#12266,#9564,#9565);
#8272=AXIS2_PLACEMENT_3D('',#12267,#9566,#9567);
#8273=AXIS2_PLACEMENT_3D('',#12273,#9571,#9572);
#8274=AXIS2_PLACEMENT_3D('',#12277,#9575,#9576);
#8275=AXIS2_PLACEMENT_3D('',#12294,#9580,#9581);
#8276=AXIS2_PLACEMENT_3D('',#12297,#9583,#9584);
#8277=AXIS2_PLACEMENT_3D('',#12298,#9585,#9586);
#8278=AXIS2_PLACEMENT_3D('',#12301,#9588,#9589);
#8279=AXIS2_PLACEMENT_3D('',#12302,#9590,#9591);
#8280=AXIS2_PLACEMENT_3D('',#12305,#9593,#9594);
#8281=AXIS2_PLACEMENT_3D('',#12306,#9595,#9596);
#8282=AXIS2_PLACEMENT_3D('',#12310,#9599,#9600);
#8283=AXIS2_PLACEMENT_3D('',#12313,#9602,#9603);
#8284=AXIS2_PLACEMENT_3D('',#12314,#9604,#9605);
#8285=AXIS2_PLACEMENT_3D('',#12317,#9607,#9608);
#8286=AXIS2_PLACEMENT_3D('',#12344,#9611,#9612);
#8287=AXIS2_PLACEMENT_3D('',#12348,#9615,#9616);
#8288=AXIS2_PLACEMENT_3D('',#12350,#9618,#9619);
#8289=AXIS2_PLACEMENT_3D('',#12379,#9623,#9624);
#8290=AXIS2_PLACEMENT_3D('',#12382,#9626,#9627);
#8291=AXIS2_PLACEMENT_3D('',#12409,#9630,#9631);
#8292=AXIS2_PLACEMENT_3D('',#12412,#9633,#9634);
#8293=AXIS2_PLACEMENT_3D('',#12413,#9635,#9636);
#8294=AXIS2_PLACEMENT_3D('',#12495,#9645,#9646);
#8295=AXIS2_PLACEMENT_3D('',#12498,#9648,#9649);
#8296=AXIS2_PLACEMENT_3D('',#12499,#9650,#9651);
#8297=AXIS2_PLACEMENT_3D('',#12503,#9654,#9655);
#8298=AXIS2_PLACEMENT_3D('',#12506,#9657,#9658);
#8299=AXIS2_PLACEMENT_3D('',#12507,#9659,#9660);
#8300=AXIS2_PLACEMENT_3D('',#12510,#9662,#9663);
#8301=AXIS2_PLACEMENT_3D('',#12576,#9669,#9670);
#8302=AXIS2_PLACEMENT_3D('',#12579,#9672,#9673);
#8303=AXIS2_PLACEMENT_3D('',#12580,#9674,#9675);
#8304=AXIS2_PLACEMENT_3D('',#12610,#9680,#9681);
#8305=AXIS2_PLACEMENT_3D('',#12613,#9683,#9684);
#8306=AXIS2_PLACEMENT_3D('',#12627,#9686,#9687);
#8307=AXIS2_PLACEMENT_3D('',#12630,#9689,#9690);
#8308=AXIS2_PLACEMENT_3D('',#12657,#9693,#9694);
#8309=AXIS2_PLACEMENT_3D('',#12685,#9698,#9699);
#8310=AXIS2_PLACEMENT_3D('',#12686,#9700,#9701);
#8311=AXIS2_PLACEMENT_3D('',#12692,#9705,#9706);
#8312=AXIS2_PLACEMENT_3D('',#12696,#9709,#9710);
#8313=AXIS2_PLACEMENT_3D('',#12700,#9713,#9714);
#8314=AXIS2_PLACEMENT_3D('',#12703,#9716,#9717);
#8315=AXIS2_PLACEMENT_3D('',#12743,#9721,#9722);
#8316=AXIS2_PLACEMENT_3D('',#12747,#9725,#9726);
#8317=AXIS2_PLACEMENT_3D('',#12751,#9729,#9730);
#8318=AXIS2_PLACEMENT_3D('',#12794,#9736,#9737);
#8319=AXIS2_PLACEMENT_3D('',#12797,#9739,#9740);
#8320=AXIS2_PLACEMENT_3D('',#12811,#9742,#9743);
#8321=AXIS2_PLACEMENT_3D('',#12815,#9746,#9747);
#8322=AXIS2_PLACEMENT_3D('',#12817,#9749,#9750);
#8323=AXIS2_PLACEMENT_3D('',#12818,#9751,#9752);
#8324=AXIS2_PLACEMENT_3D('',#12827,#9757,#9758);
#8325=AXIS2_PLACEMENT_3D('',#12867,#9764,#9765);
#8326=AXIS2_PLACEMENT_3D('',#12868,#9766,#9767);
#8327=AXIS2_PLACEMENT_3D('',#12872,#9769,#9770);
#8328=AXIS2_PLACEMENT_3D('',#12873,#9771,#9772);
#8329=AXIS2_PLACEMENT_3D('',#12874,#9773,#9774);
#8330=AXIS2_PLACEMENT_3D('',#12878,#9776,#9777);
#8331=AXIS2_PLACEMENT_3D('',#12954,#9784,#9785);
#8332=AXIS2_PLACEMENT_3D('',#12958,#9788,#9789);
#8333=AXIS2_PLACEMENT_3D('',#12962,#9792,#9793);
#8334=AXIS2_PLACEMENT_3D('',#12992,#9798,#9799);
#8335=AXIS2_PLACEMENT_3D('',#12995,#9801,#9802);
#8336=AXIS2_PLACEMENT_3D('',#12996,#9803,#9804);
#8337=AXIS2_PLACEMENT_3D('',#12999,#9806,#9807);
#8338=AXIS2_PLACEMENT_3D('',#13026,#9810,#9811);
#8339=AXIS2_PLACEMENT_3D('',#13030,#9814,#9815);
#8340=AXIS2_PLACEMENT_3D('',#13034,#9818,#9819);
#8341=AXIS2_PLACEMENT_3D('',#13051,#9823,#9824);
#8342=AXIS2_PLACEMENT_3D('',#13054,#9826,#9827);
#8343=AXIS2_PLACEMENT_3D('',#13107,#9832,#9833);
#8344=AXIS2_PLACEMENT_3D('',#13124,#9837,#9838);
#8345=AXIS2_PLACEMENT_3D('',#13125,#9839,#9840);
#8346=AXIS2_PLACEMENT_3D('',#13126,#9841,#9842);
#8347=AXIS2_PLACEMENT_3D('',#13129,#9845,#9846);
#8348=AXIS2_PLACEMENT_3D('',#13201,#9852,#9853);
#8349=AXIS2_PLACEMENT_3D('',#13292,#9862,#9863);
#8350=AXIS2_PLACEMENT_3D('',#13293,#9864,#9865);
#8351=AXIS2_PLACEMENT_3D('',#13297,#9867,#9868);
#8352=AXIS2_PLACEMENT_3D('',#13298,#9869,#9870);
#8353=AXIS2_PLACEMENT_3D('',#13304,#9874,#9875);
#8354=AXIS2_PLACEMENT_3D('',#13305,#9876,#9877);
#8355=AXIS2_PLACEMENT_3D('',#13309,#9879,#9880);
#8356=AXIS2_PLACEMENT_3D('',#13338,#9884,#9885);
#8357=AXIS2_PLACEMENT_3D('',#13341,#9887,#9888);
#8358=AXIS2_PLACEMENT_3D('',#13355,#9890,#9891);
#8359=AXIS2_PLACEMENT_3D('',#13372,#9895,#9896);
#8360=AXIS2_PLACEMENT_3D('',#13375,#9898,#9899);
#8361=AXIS2_PLACEMENT_3D('',#13428,#9904,#9905);
#8362=AXIS2_PLACEMENT_3D('',#13470,#9909,#9910);
#8363=AXIS2_PLACEMENT_3D('',#13542,#9916,#9917);
#8364=AXIS2_PLACEMENT_3D('',#13633,#9926,#9927);
#8365=AXIS2_PLACEMENT_3D('',#13634,#9928,#9929);
#8366=AXIS2_PLACEMENT_3D('',#13638,#9931,#9932);
#8367=AXIS2_PLACEMENT_3D('',#13639,#9933,#9934);
#8368=AXIS2_PLACEMENT_3D('',#13645,#9938,#9939);
#8369=AXIS2_PLACEMENT_3D('',#13646,#9940,#9941);
#8370=AXIS2_PLACEMENT_3D('',#13650,#9943,#9944);
#8371=AXIS2_PLACEMENT_3D('',#13679,#9948,#9949);
#8372=AXIS2_PLACEMENT_3D('',#13682,#9951,#9952);
#8373=AXIS2_PLACEMENT_3D('',#13696,#9954,#9955);
#8374=AXIS2_PLACEMENT_3D('',#13713,#9959,#9960);
#8375=AXIS2_PLACEMENT_3D('',#13716,#9962,#9963);
#8376=AXIS2_PLACEMENT_3D('',#13769,#9968,#9969);
#8377=AXIS2_PLACEMENT_3D('',#13811,#9973,#9974);
#8378=AXIS2_PLACEMENT_3D('',#13827,#9977,#9978);
#8379=AXIS2_PLACEMENT_3D('',#13830,#9980,#9981);
#8380=AXIS2_PLACEMENT_3D('',#13831,#9982,#9983);
#8381=AXIS2_PLACEMENT_3D('',#13834,#9985,#9986);
#8382=AXIS2_PLACEMENT_3D('',#13861,#9989,#9990);
#8383=AXIS2_PLACEMENT_3D('',#13864,#9992,#9993);
#8384=AXIS2_PLACEMENT_3D('',#13865,#9994,#9995);
#8385=AXIS2_PLACEMENT_3D('',#13868,#9997,#9998);
#8386=AXIS2_PLACEMENT_3D('',#13869,#9999,#10000);
#8387=AXIS2_PLACEMENT_3D('',#13938,#10008,#10009);
#8388=AXIS2_PLACEMENT_3D('',#13941,#10011,#10012);
#8389=AXIS2_PLACEMENT_3D('',#13942,#10013,#10014);
#8390=AXIS2_PLACEMENT_3D('',#13945,#10016,#10017);
#8391=AXIS2_PLACEMENT_3D('',#13946,#10018,#10019);
#8392=AXIS2_PLACEMENT_3D('',#13976,#10024,#10025);
#8393=AXIS2_PLACEMENT_3D('',#13979,#10027,#10028);
#8394=AXIS2_PLACEMENT_3D('',#14032,#10033,#10034);
#8395=AXIS2_PLACEMENT_3D('',#14114,#10043,#10044);
#8396=AXIS2_PLACEMENT_3D('',#14129,#10047,#10048);
#8397=AXIS2_PLACEMENT_3D('',#14130,#10049,#10050);
#8398=AXIS2_PLACEMENT_3D('',#14136,#10054,#10055);
#8399=AXIS2_PLACEMENT_3D('',#14140,#10058,#10059);
#8400=AXIS2_PLACEMENT_3D('',#14144,#10062,#10063);
#8401=AXIS2_PLACEMENT_3D('',#14148,#10066,#10067);
#8402=AXIS2_PLACEMENT_3D('',#14152,#10070,#10071);
#8403=AXIS2_PLACEMENT_3D('',#14156,#10074,#10075);
#8404=AXIS2_PLACEMENT_3D('',#14160,#10078,#10079);
#8405=AXIS2_PLACEMENT_3D('',#14164,#10082,#10083);
#8406=AXIS2_PLACEMENT_3D('',#14168,#10086,#10087);
#8407=AXIS2_PLACEMENT_3D('',#14172,#10090,#10091);
#8408=AXIS2_PLACEMENT_3D('',#14176,#10094,#10095);
#8409=AXIS2_PLACEMENT_3D('',#14180,#10098,#10099);
#8410=AXIS2_PLACEMENT_3D('',#14182,#10101,#10102);
#8411=AXIS2_PLACEMENT_3D('',#14183,#10103,#10104);
#8412=AXIS2_PLACEMENT_3D('',#14184,#10105,#10106);
#8413=AXIS2_PLACEMENT_3D('',#14185,#10107,#10108);
#8414=AXIS2_PLACEMENT_3D('',#14186,#10109,#10110);
#8415=AXIS2_PLACEMENT_3D('',#14187,#10111,#10112);
#8416=AXIS2_PLACEMENT_3D('',#14188,#10113,#10114);
#8417=AXIS2_PLACEMENT_3D('',#14189,#10115,#10116);
#8418=AXIS2_PLACEMENT_3D('',#14190,#10117,#10118);
#8419=AXIS2_PLACEMENT_3D('',#14191,#10119,#10120);
#8420=AXIS2_PLACEMENT_3D('',#14193,#10121,#10122);
#8421=AXIS2_PLACEMENT_3D('',#14195,#10123,#10124);
#8422=AXIS2_PLACEMENT_3D('',#14196,#10125,#10126);
#8423=AXIS2_PLACEMENT_3D('',#14198,#10127,#10128);
#8424=AXIS2_PLACEMENT_3D('',#14199,#10129,#10130);
#8425=AXIS2_PLACEMENT_3D('',#14200,#10131,#10132);
#8426=AXIS2_PLACEMENT_3D('',#14202,#10133,#10134);
#8427=AXIS2_PLACEMENT_3D('',#14204,#10135,#10136);
#8428=AXIS2_PLACEMENT_3D('',#14205,#10137,#10138);
#8429=AXIS2_PLACEMENT_3D('',#14207,#10139,#10140);
#8430=AXIS2_PLACEMENT_3D('',#14208,#10141,#10142);
#8431=AXIS2_PLACEMENT_3D('',#14209,#10143,#10144);
#8432=AXIS2_PLACEMENT_3D('',#14210,#10145,#10146);
#8433=AXIS2_PLACEMENT_3D('',#14213,#10149,#10150);
#8434=AXIS2_PLACEMENT_3D('',#14215,#10152,#10153);
#8435=AXIS2_PLACEMENT_3D('',#14217,#10155,#10156);
#8436=AXIS2_PLACEMENT_3D('',#14219,#10158,#10159);
#8437=AXIS2_PLACEMENT_3D('',#14222,#10162,#10163);
#8438=AXIS2_PLACEMENT_3D('',#14225,#10166,#10167);
#8439=AXIS2_PLACEMENT_3D('',#14228,#10170,#10171);
#8440=AXIS2_PLACEMENT_3D('',#14229,#10172,#10173);
#8441=AXIS2_PLACEMENT_3D('',#14230,#10174,#10175);
#8442=AXIS2_PLACEMENT_3D('',#14231,#10176,#10177);
#8443=AXIS2_PLACEMENT_3D('',#14232,#10178,#10179);
#8444=AXIS2_PLACEMENT_3D('',#14233,#10180,#10181);
#8445=AXIS2_PLACEMENT_3D('',#14234,#10182,#10183);
#8446=AXIS2_PLACEMENT_3D('',#14235,#10184,#10185);
#8447=AXIS2_PLACEMENT_3D('',#14236,#10186,#10187);
#8448=AXIS2_PLACEMENT_3D('',#14237,#10188,#10189);
#8449=AXIS2_PLACEMENT_3D('',#14238,#10190,#10191);
#8450=AXIS2_PLACEMENT_3D('',#14239,#10192,#10193);
#8451=AXIS2_PLACEMENT_3D('',#14240,#10194,#10195);
#8452=AXIS2_PLACEMENT_3D('',#14241,#10196,#10197);
#8453=AXIS2_PLACEMENT_3D('',#14242,#10198,#10199);
#8454=AXIS2_PLACEMENT_3D('',#14243,#10200,#10201);
#8455=AXIS2_PLACEMENT_3D('',#14244,#10202,#10203);
#8456=AXIS2_PLACEMENT_3D('',#14245,#10204,#10205);
#8457=AXIS2_PLACEMENT_3D('',#14246,#10206,#10207);
#8458=AXIS2_PLACEMENT_3D('',#14247,#10208,#10209);
#8459=DIRECTION('',(0.,0.,1.));
#8460=DIRECTION('',(1.,0.,0.));
#8461=DIRECTION('',(-1.,0.,0.));
#8462=DIRECTION('',(0.,0.,1.));
#8463=DIRECTION('',(0.,0.,-1.));
#8464=DIRECTION('',(0.,-1.,0.));
#8465=DIRECTION('',(0.,0.,-1.));
#8466=DIRECTION('',(0.,1.,0.));
#8467=DIRECTION('',(0.,0.,-1.));
#8468=DIRECTION('',(-1.,0.,0.));
#8469=DIRECTION('',(0.,0.,1.));
#8470=DIRECTION('',(0.,-1.,0.));
#8471=DIRECTION('',(0.,0.,1.));
#8472=DIRECTION('',(0.,-1.,-5.35078186388183E-16));
#8473=DIRECTION('',(0.,0.,-1.));
#8474=DIRECTION('',(0.,-1.,0.));
#8475=DIRECTION('',(-1.,0.,0.));
#8476=DIRECTION('',(0.,0.,1.));
#8477=DIRECTION('',(0.,0.,-1.));
#8478=DIRECTION('',(-1.,0.,0.));
#8479=DIRECTION('',(0.,0.,1.));
#8480=DIRECTION('',(0.,1.,0.));
#8481=DIRECTION('',(0.,0.,-1.));
#8482=DIRECTION('',(-1.,0.,0.));
#8483=DIRECTION('',(0.,0.,1.));
#8484=DIRECTION('',(0.,1.,0.));
#8485=DIRECTION('',(-1.15648231731788E-15,1.,0.));
#8486=DIRECTION('',(-1.,-1.15648231731788E-15,0.));
#8487=DIRECTION('',(1.,1.15648231731788E-15,0.));
#8488=DIRECTION('',(0.,0.,-1.));
#8489=DIRECTION('',(1.,1.15648231731788E-15,0.));
#8490=DIRECTION('',(0.,0.,-1.));
#8491=DIRECTION('',(-1.15648231731788E-15,1.,0.));
#8492=DIRECTION('',(-1.,-1.15648231731788E-15,0.));
#8493=DIRECTION('',(1.,1.15648231731788E-15,0.));
#8494=DIRECTION('',(0.,0.,-1.));
#8495=DIRECTION('',(1.,1.15648231731788E-15,0.));
#8496=DIRECTION('',(0.,0.,-1.));
#8497=DIRECTION('',(-2.31296463463577E-15,1.,0.));
#8498=DIRECTION('',(-1.,-2.31296463463577E-15,0.));
#8499=DIRECTION('',(1.,2.31296463463577E-15,0.));
#8500=DIRECTION('',(0.,0.,-1.));
#8501=DIRECTION('',(1.,2.31296463463577E-15,0.));
#8502=DIRECTION('',(0.,0.,-1.));
#8503=DIRECTION('',(-1.15648231731788E-15,1.,0.));
#8504=DIRECTION('',(-1.,-1.15648231731788E-15,0.));
#8505=DIRECTION('',(1.,1.15648231731788E-15,0.));
#8506=DIRECTION('',(0.,0.,-1.));
#8507=DIRECTION('',(1.,1.15648231731788E-15,0.));
#8508=DIRECTION('',(0.,0.,-1.));
#8509=DIRECTION('',(-2.31296463463574E-15,-1.,0.));
#8510=DIRECTION('',(1.,-2.31296463463574E-15,0.));
#8511=DIRECTION('',(-1.,2.31296463463574E-15,0.));
#8512=DIRECTION('',(0.,0.,-1.));
#8513=DIRECTION('',(-1.,2.31296463463574E-15,0.));
#8514=DIRECTION('',(0.,0.,-1.));
#8515=DIRECTION('',(-3.46944695195361E-15,-1.,0.));
#8516=DIRECTION('',(1.,-3.46944695195361E-15,0.));
#8517=DIRECTION('',(-1.,3.46944695195361E-15,0.));
#8518=DIRECTION('',(0.,0.,1.));
#8519=DIRECTION('',(-1.,3.46944695195361E-15,0.));
#8520=DIRECTION('',(0.,0.,-1.));
#8521=DIRECTION('',(-1.15648231731787E-15,-1.,0.));
#8522=DIRECTION('',(1.,-1.15648231731787E-15,0.));
#8523=DIRECTION('',(-1.,1.15648231731787E-15,0.));
#8524=DIRECTION('',(0.,0.,-1.));
#8525=DIRECTION('',(-1.,1.15648231731787E-15,0.));
#8526=DIRECTION('',(0.,0.,-1.));
#8527=DIRECTION('',(0.,0.,1.));
#8528=DIRECTION('',(1.,0.,0.));
#8529=DIRECTION('',(0.,0.,-1.));
#8530=DIRECTION('',(-1.,0.,0.));
#8531=DIRECTION('',(0.,0.,1.));
#8532=DIRECTION('',(1.,0.,0.));
#8533=DIRECTION('',(0.,0.,1.));
#8534=DIRECTION('',(1.,0.,0.));
#8535=DIRECTION('',(0.,0.,-1.));
#8536=DIRECTION('',(-1.,0.,0.));
#8537=DIRECTION('',(0.,0.,1.));
#8538=DIRECTION('',(1.,0.,0.));
#8539=DIRECTION('',(0.,0.,1.));
#8540=DIRECTION('',(1.,0.,0.));
#8541=DIRECTION('',(0.,0.,-1.));
#8542=DIRECTION('',(-1.,0.,0.));
#8543=DIRECTION('',(0.,0.,1.));
#8544=DIRECTION('',(1.,0.,0.));
#8545=DIRECTION('',(0.,0.,1.));
#8546=DIRECTION('',(1.,0.,0.));
#8547=DIRECTION('',(0.,1.,0.));
#8548=DIRECTION('',(0.,0.,1.));
#8549=DIRECTION('',(1.,0.,0.));
#8550=DIRECTION('',(0.,-1.,0.));
#8551=DIRECTION('',(0.,0.,1.));
#8552=DIRECTION('',(1.,0.,0.));
#8553=DIRECTION('',(-1.,0.,0.));
#8554=DIRECTION('',(0.,1.,0.));
#8555=DIRECTION('',(1.,0.,0.));
#8556=DIRECTION('',(0.,-1.,0.));
#8557=DIRECTION('',(0.,0.,1.));
#8558=DIRECTION('',(1.,0.,0.));
#8559=DIRECTION('',(0.,-1.,0.));
#8560=DIRECTION('',(-1.,0.,0.));
#8561=DIRECTION('',(0.,1.,0.));
#8562=DIRECTION('',(0.,0.,1.));
#8563=DIRECTION('',(1.,0.,0.));
#8564=DIRECTION('',(0.,-1.,0.));
#8565=DIRECTION('',(0.988914114037516,0.14848863612208,0.));
#8566=DIRECTION('',(0.,0.,1.));
#8567=DIRECTION('',(1.,0.,0.));
#8568=DIRECTION('',(0.,0.,1.));
#8569=DIRECTION('',(1.,0.,0.));
#8570=DIRECTION('',(-0.754242957524043,0.656595431773162,0.));
#8571=DIRECTION('',(0.,0.,1.));
#8572=DIRECTION('',(1.,0.,0.));
#8573=DIRECTION('',(0.,0.,1.));
#8574=DIRECTION('',(1.,0.,0.));
#8575=DIRECTION('',(0.,0.,1.));
#8576=DIRECTION('',(1.,0.,0.));
#8577=DIRECTION('',(-0.992539177177366,-0.121926132424832,0.));
#8578=DIRECTION('',(0.,0.,1.));
#8579=DIRECTION('',(1.,0.,0.));
#8580=DIRECTION('',(0.749531137308263,-0.6619690885573,0.));
#8581=DIRECTION('',(0.,0.,1.));
#8582=DIRECTION('',(1.,0.,0.));
#8583=DIRECTION('',(0.,0.,1.));
#8584=DIRECTION('',(1.,0.,0.));
#8585=DIRECTION('',(-1.,0.,0.));
#8586=DIRECTION('',(0.,1.,0.));
#8587=DIRECTION('',(1.,0.,0.));
#8588=DIRECTION('',(0.,-1.,0.));
#8589=DIRECTION('',(0.,0.,1.));
#8590=DIRECTION('',(1.,0.,0.));
#8591=DIRECTION('',(0.,0.,1.));
#8592=DIRECTION('',(1.,0.,0.));
#8593=DIRECTION('',(0.,-1.,0.));
#8594=DIRECTION('',(0.,0.,1.));
#8595=DIRECTION('',(1.,0.,0.));
#8596=DIRECTION('',(0.,0.,1.));
#8597=DIRECTION('',(1.,0.,0.));
#8598=DIRECTION('',(0.,0.,1.));
#8599=DIRECTION('',(1.,0.,0.));
#8600=DIRECTION('',(0.,-1.,0.));
#8601=DIRECTION('',(0.,0.,1.));
#8602=DIRECTION('',(1.,0.,0.));
#8603=DIRECTION('',(0.,1.,0.));
#8604=DIRECTION('',(-1.,0.,0.));
#8605=DIRECTION('',(0.,1.,0.));
#8606=DIRECTION('',(1.,0.,0.));
#8607=DIRECTION('',(0.,1.,0.));
#8608=DIRECTION('',(1.,0.,0.));
#8609=DIRECTION('',(0.,-1.,0.));
#8610=DIRECTION('',(1.,0.,0.));
#8611=DIRECTION('',(0.,-1.,0.));
#8612=DIRECTION('',(-1.,0.,0.));
#8613=DIRECTION('',(0.,-1.,0.));
#8614=DIRECTION('',(0.,0.,1.));
#8615=DIRECTION('',(1.,0.,0.));
#8616=DIRECTION('',(0.,0.,1.));
#8617=DIRECTION('',(1.,0.,0.));
#8618=DIRECTION('',(0.,-1.,0.));
#8619=DIRECTION('',(0.,0.,1.));
#8620=DIRECTION('',(1.,0.,0.));
#8621=DIRECTION('',(0.,0.,1.));
#8622=DIRECTION('',(1.,0.,0.));
#8623=DIRECTION('',(0.,1.,0.));
#8624=DIRECTION('',(0.,0.,1.));
#8625=DIRECTION('',(1.,0.,0.));
#8626=DIRECTION('',(0.,-1.,0.));
#8627=DIRECTION('',(-1.,0.,0.));
#8628=DIRECTION('',(0.,-1.,0.));
#8629=DIRECTION('',(0.,0.,1.));
#8630=DIRECTION('',(1.,0.,0.));
#8631=DIRECTION('',(0.,0.,1.));
#8632=DIRECTION('',(1.,0.,0.));
#8633=DIRECTION('',(0.,1.,0.));
#8634=DIRECTION('',(1.,0.,0.));
#8635=DIRECTION('',(0.,-1.,0.));
#8636=DIRECTION('',(0.,0.,1.));
#8637=DIRECTION('',(1.,0.,0.));
#8638=DIRECTION('',(0.,0.,1.));
#8639=DIRECTION('',(1.,0.,0.));
#8640=DIRECTION('',(0.,1.,0.));
#8641=DIRECTION('',(0.,0.,1.));
#8642=DIRECTION('',(1.,0.,0.));
#8643=DIRECTION('',(0.,-1.,0.));
#8644=DIRECTION('',(-1.,0.,0.));
#8645=DIRECTION('',(0.,-1.,0.));
#8646=DIRECTION('',(0.,0.,1.));
#8647=DIRECTION('',(1.,0.,0.));
#8648=DIRECTION('',(0.,0.,1.));
#8649=DIRECTION('',(1.,0.,0.));
#8650=DIRECTION('',(0.,1.,0.));
#8651=DIRECTION('',(1.,0.,0.));
#8652=DIRECTION('',(0.,-1.,0.));
#8653=DIRECTION('',(0.,1.,0.));
#8654=DIRECTION('',(0.,0.,1.));
#8655=DIRECTION('',(1.,0.,0.));
#8656=DIRECTION('',(0.,-1.,0.));
#8657=DIRECTION('',(0.,0.,1.));
#8658=DIRECTION('',(1.,0.,0.));
#8659=DIRECTION('',(0.,0.,1.));
#8660=DIRECTION('',(1.,0.,0.));
#8661=DIRECTION('',(0.914553664308796,0.404464578299947,0.));
#8662=DIRECTION('',(-0.768455384887368,0.639903368828143,0.));
#8663=DIRECTION('',(0.,0.,1.));
#8664=DIRECTION('',(1.,0.,0.));
#8665=DIRECTION('',(-0.909064822894285,-0.416654710493212,0.));
#8666=DIRECTION('',(0.,0.,1.));
#8667=DIRECTION('',(1.,0.,0.));
#8668=DIRECTION('',(0.,0.,1.));
#8669=DIRECTION('',(1.,0.,0.));
#8670=DIRECTION('',(0.751336576663415,-0.659919198514258,0.));
#8671=DIRECTION('',(0.,0.,1.));
#8672=DIRECTION('',(1.,0.,0.));
#8673=DIRECTION('',(0.,0.,1.));
#8674=DIRECTION('',(1.,0.,0.));
#8675=DIRECTION('',(0.,0.,1.));
#8676=DIRECTION('',(1.,0.,0.));
#8677=DIRECTION('',(-1.,0.,0.));
#8678=DIRECTION('',(0.0171656802928482,0.999852658855335,0.));
#8679=DIRECTION('',(1.,0.,0.));
#8680=DIRECTION('',(0.185823615559177,-0.982583118062037,0.));
#8681=DIRECTION('',(0.199616043413427,0.979874193563627,0.));
#8682=DIRECTION('',(1.,0.,0.));
#8683=DIRECTION('',(0.0173584953119709,-0.999849329969523,0.));
#8684=DIRECTION('',(-1.,0.,0.));
#8685=DIRECTION('',(-0.027815320462467,0.999613079119901,0.));
#8686=DIRECTION('',(-0.171895463215818,-0.985115196170387,0.));
#8687=DIRECTION('',(-1.,0.,0.));
#8688=DIRECTION('',(-0.181126413344759,0.983459822457869,0.));
#8689=DIRECTION('',(-0.0221528356484906,-0.999754595824761,0.));
#8690=DIRECTION('',(-1.,0.,0.));
#8691=DIRECTION('',(0.,0.,1.));
#8692=DIRECTION('',(0.,0.,-1.));
#8693=DIRECTION('',(-1.,0.,0.));
#8694=DIRECTION('',(0.,0.,1.));
#8695=DIRECTION('',(0.,-1.,0.));
#8696=DIRECTION('',(0.,0.,1.));
#8697=DIRECTION('',(0.,-1.,0.));
#8698=DIRECTION('',(0.,0.,-1.));
#8699=DIRECTION('',(-1.,0.,0.));
#8700=DIRECTION('',(0.,0.,-1.));
#8701=DIRECTION('',(0.,0.,1.));
#8702=DIRECTION('',(1.,0.,0.));
#8703=DIRECTION('',(0.,0.,-1.));
#8704=DIRECTION('',(0.,0.,1.));
#8705=DIRECTION('',(1.,0.,0.));
#8706=DIRECTION('',(-1.,0.,0.));
#8707=DIRECTION('',(0.,0.,1.));
#8708=DIRECTION('',(0.,1.,0.));
#8709=DIRECTION('',(0.,0.,-1.));
#8710=DIRECTION('',(0.,1.,0.));
#8711=DIRECTION('',(0.,0.,-1.));
#8712=DIRECTION('',(-1.,0.,0.));
#8713=DIRECTION('',(0.,0.,1.));
#8714=DIRECTION('',(1.,0.,0.));
#8715=DIRECTION('',(0.,0.,1.));
#8716=DIRECTION('',(1.,0.,0.));
#8717=DIRECTION('',(0.,0.,1.));
#8718=DIRECTION('',(1.,0.,0.));
#8719=DIRECTION('',(0.,1.,0.));
#8720=DIRECTION('',(0.,0.,1.));
#8721=DIRECTION('',(0.,1.,0.));
#8722=DIRECTION('',(0.,1.,0.));
#8723=DIRECTION('',(0.,0.,1.));
#8724=DIRECTION('',(0.,1.,0.));
#8725=DIRECTION('',(0.,0.,1.));
#8726=DIRECTION('',(0.,1.,0.));
#8727=DIRECTION('',(0.,0.,-1.));
#8728=DIRECTION('',(1.,0.,0.));
#8729=DIRECTION('',(1.,0.,0.));
#8730=DIRECTION('',(0.,1.,0.));
#8731=DIRECTION('',(1.,2.61845052977631E-16,0.));
#8732=DIRECTION('',(-1.,-2.43469961540605E-16,0.));
#8733=DIRECTION('',(0.,0.,-1.));
#8734=DIRECTION('',(-1.,0.,0.));
#8735=DIRECTION('',(0.,-1.,0.));
#8736=DIRECTION('',(0.,0.,-1.));
#8737=DIRECTION('',(-1.,0.,0.));
#8738=DIRECTION('',(0.,0.,-1.));
#8739=DIRECTION('',(-1.,0.,0.));
#8740=DIRECTION('',(0.,-1.,0.));
#8741=DIRECTION('',(0.,0.,-1.));
#8742=DIRECTION('',(-1.,0.,0.));
#8743=DIRECTION('',(1.,0.,0.));
#8744=DIRECTION('',(0.,1.,0.));
#8745=DIRECTION('',(1.,0.,0.));
#8746=DIRECTION('',(0.,-1.,0.));
#8747=DIRECTION('',(-1.,0.,0.));
#8748=DIRECTION('',(0.,1.,0.));
#8749=DIRECTION('',(-1.,-2.79794109028517E-17,0.));
#8750=DIRECTION('',(2.79794109028517E-17,-1.,0.));
#8751=DIRECTION('',(0.,0.,1.));
#8752=DIRECTION('',(2.79794109028517E-17,-1.,0.));
#8753=DIRECTION('',(0.,0.,1.));
#8754=DIRECTION('',(2.79794109028517E-17,-1.,0.));
#8755=DIRECTION('',(-1.,-2.79794109028517E-17,0.));
#8756=DIRECTION('',(2.79794109028517E-17,-1.,0.));
#8757=DIRECTION('',(0.,0.,1.));
#8758=DIRECTION('',(2.79794109028517E-17,-1.,0.));
#8759=DIRECTION('',(0.,0.,1.));
#8760=DIRECTION('',(2.79794109028517E-17,-1.,0.));
#8761=DIRECTION('',(0.,-1.,0.));
#8762=DIRECTION('',(0.,0.,-1.));
#8763=DIRECTION('',(1.,0.,0.));
#8764=DIRECTION('',(0.,0.,1.));
#8765=DIRECTION('',(1.,0.,0.));
#8766=DIRECTION('',(0.,-1.,0.));
#8767=DIRECTION('',(0.,0.,-1.));
#8768=DIRECTION('',(0.,0.,1.));
#8769=DIRECTION('',(1.,0.,0.));
#8770=DIRECTION('',(0.,0.,1.));
#8771=DIRECTION('',(1.,0.,0.));
#8772=DIRECTION('',(-1.,0.,0.));
#8773=DIRECTION('',(0.,0.,1.));
#8774=DIRECTION('',(-1.,0.,0.));
#8775=DIRECTION('',(0.,0.,1.));
#8776=DIRECTION('',(0.,0.,1.));
#8777=DIRECTION('',(0.,0.,1.));
#8778=DIRECTION('',(0.,1.,0.));
#8779=DIRECTION('',(0.,0.,1.));
#8780=DIRECTION('',(0.,1.,0.));
#8781=DIRECTION('',(0.,0.,1.));
#8782=DIRECTION('',(-1.,0.,0.));
#8783=DIRECTION('',(0.,0.,1.));
#8784=DIRECTION('',(0.,0.,1.));
#8785=DIRECTION('',(-1.,0.,0.));
#8786=DIRECTION('',(0.,0.,1.));
#8787=DIRECTION('',(0.,1.,0.));
#8788=DIRECTION('',(0.,0.,1.));
#8789=DIRECTION('',(0.,1.,5.35078186388183E-16));
#8790=DIRECTION('',(0.,0.,-1.));
#8791=DIRECTION('',(0.,1.,0.));
#8792=DIRECTION('',(0.,0.,1.));
#8793=DIRECTION('',(1.,0.,0.));
#8794=DIRECTION('',(0.,0.,1.));
#8795=DIRECTION('',(0.,0.,1.));
#8796=DIRECTION('',(1.,0.,0.));
#8797=DIRECTION('',(0.,0.,1.));
#8798=DIRECTION('',(0.,0.,1.));
#8799=DIRECTION('',(1.,0.,0.));
#8800=DIRECTION('',(0.,0.,1.));
#8801=DIRECTION('',(1.,0.,0.));
#8802=DIRECTION('',(0.,0.,1.));
#8803=DIRECTION('',(1.,0.,0.));
#8804=DIRECTION('',(0.,1.,0.));
#8805=DIRECTION('',(0.,0.,1.));
#8806=DIRECTION('',(1.,0.,0.));
#8807=DIRECTION('',(0.,0.,1.));
#8808=DIRECTION('',(1.,0.,0.));
#8809=DIRECTION('',(1.,2.08688538463375E-16,0.));
#8810=DIRECTION('',(-2.08688538463375E-16,1.,0.));
#8811=DIRECTION('',(-1.,-2.08688538463375E-16,0.));
#8812=DIRECTION('',(0.,0.,-1.));
#8813=DIRECTION('',(1.,2.08688538463375E-16,0.));
#8814=DIRECTION('',(1.,2.08688538463375E-16,0.));
#8815=DIRECTION('',(0.,0.,1.));
#8816=DIRECTION('',(1.,0.,0.));
#8817=DIRECTION('',(0.,-1.,0.));
#8818=DIRECTION('',(0.,0.,1.));
#8819=DIRECTION('',(1.,0.,0.));
#8820=DIRECTION('',(0.,0.,-1.));
#8821=DIRECTION('',(1.,0.,0.));
#8822=DIRECTION('',(0.,0.,1.));
#8823=DIRECTION('',(1.,0.,0.));
#8824=DIRECTION('',(0.,0.,1.));
#8825=DIRECTION('',(1.,0.,0.));
#8826=DIRECTION('',(0.,0.,1.));
#8827=DIRECTION('',(1.,0.,0.));
#8828=DIRECTION('',(0.,0.,-1.));
#8829=DIRECTION('',(1.,0.,0.));
#8830=DIRECTION('',(0.,0.,1.));
#8831=DIRECTION('',(1.,0.,0.));
#8832=DIRECTION('',(0.,1.,0.));
#8833=DIRECTION('',(0.,0.,1.));
#8834=DIRECTION('',(1.,0.,0.));
#8835=DIRECTION('',(0.,0.,-1.));
#8836=DIRECTION('',(1.,0.,0.));
#8837=DIRECTION('',(-1.,1.15648231731787E-15,0.));
#8838=DIRECTION('',(0.,0.,1.));
#8839=DIRECTION('',(1.,0.,0.));
#8840=DIRECTION('',(0.,0.,1.));
#8841=DIRECTION('',(4.04768811061255E-16,-1.,0.));
#8842=DIRECTION('',(1.,2.10269512239613E-16,0.));
#8843=DIRECTION('',(0.,0.,1.));
#8844=DIRECTION('',(-1.,0.,0.));
#8845=DIRECTION('',(0.,-1.,0.));
#8846=DIRECTION('',(0.,0.,1.));
#8847=DIRECTION('',(1.,0.,0.));
#8848=DIRECTION('',(0.,0.,-1.));
#8849=DIRECTION('',(1.,0.,0.));
#8850=DIRECTION('',(0.,0.,1.));
#8851=DIRECTION('',(1.,0.,0.));
#8852=DIRECTION('',(0.,0.,1.));
#8853=DIRECTION('',(1.,0.,0.));
#8854=DIRECTION('',(0.,0.,1.));
#8855=DIRECTION('',(1.,0.,0.));
#8856=DIRECTION('',(0.,0.,1.));
#8857=DIRECTION('',(1.,0.,0.));
#8858=DIRECTION('',(0.,0.,1.));
#8859=DIRECTION('',(1.,0.,0.));
#8860=DIRECTION('',(0.,0.,1.));
#8861=DIRECTION('',(1.,0.,0.));
#8862=DIRECTION('',(0.,1.,0.));
#8863=DIRECTION('',(0.,0.,1.));
#8864=DIRECTION('',(1.,0.,0.));
#8865=DIRECTION('',(1.,2.08688538463375E-16,0.));
#8866=DIRECTION('',(0.,0.,1.));
#8867=DIRECTION('',(1.,0.,0.));
#8868=DIRECTION('',(-0.510058252554188,-0.860139860139831,2.98420961601595E-16));
#8869=DIRECTION('',(0.860139860139831,-0.510058252554188,0.));
#8870=DIRECTION('',(0.510058252554188,-0.860139860139831,0.));
#8871=DIRECTION('',(0.860139860139831,0.510058252554188,0.));
#8872=DIRECTION('',(0.,-1.,0.));
#8873=DIRECTION('',(0.,0.,-1.));
#8874=DIRECTION('',(0.,1.,0.));
#8875=DIRECTION('',(0.,0.,1.));
#8876=DIRECTION('',(-1.,-2.08688538463375E-16,0.));
#8877=DIRECTION('',(2.08688538463375E-16,-1.,0.));
#8878=DIRECTION('',(-1.,-1.7347234759768E-16,0.));
#8879=DIRECTION('',(1.7347234759768E-16,-1.,0.));
#8880=DIRECTION('',(1.,0.,0.));
#8881=DIRECTION('',(0.,0.,-1.));
#8882=DIRECTION('',(0.,0.,1.));
#8883=DIRECTION('',(1.,0.,0.));
#8884=DIRECTION('',(0.,0.,1.));
#8885=DIRECTION('',(1.,0.,0.));
#8886=DIRECTION('',(0.,0.,1.));
#8887=DIRECTION('',(1.,0.,0.));
#8888=DIRECTION('',(0.,0.,1.));
#8889=DIRECTION('',(1.,0.,0.));
#8890=DIRECTION('',(0.,0.,1.));
#8891=DIRECTION('',(1.,0.,0.));
#8892=DIRECTION('',(0.,0.,1.));
#8893=DIRECTION('',(1.,0.,0.));
#8894=DIRECTION('',(0.,0.,1.));
#8895=DIRECTION('',(1.,0.,0.));
#8896=DIRECTION('',(0.,0.,1.));
#8897=DIRECTION('',(1.,0.,0.));
#8898=DIRECTION('',(0.,0.,1.));
#8899=DIRECTION('',(1.,0.,0.));
#8900=DIRECTION('',(2.55106393526001E-17,-1.,0.));
#8901=DIRECTION('',(-1.,0.,0.));
#8902=DIRECTION('',(0.,1.,0.));
#8903=DIRECTION('',(0.,0.,1.));
#8904=DIRECTION('',(1.,0.,0.));
#8905=DIRECTION('',(0.,1.,0.));
#8906=DIRECTION('',(0.,0.,1.));
#8907=DIRECTION('',(1.,0.,0.));
#8908=DIRECTION('',(1.,0.,0.));
#8909=DIRECTION('',(0.,0.,1.));
#8910=DIRECTION('',(1.,0.,0.));
#8911=DIRECTION('',(-1.,-2.43469961540605E-16,0.));
#8912=DIRECTION('',(-1.,0.,0.));
#8913=DIRECTION('',(0.,0.,1.));
#8914=DIRECTION('',(0.,1.,0.));
#8915=DIRECTION('',(0.,0.,-1.));
#8916=DIRECTION('',(0.,0.,1.));
#8917=DIRECTION('',(0.,0.,-1.));
#8918=DIRECTION('',(-1.,0.,0.));
#8919=DIRECTION('',(0.,0.,-1.));
#8920=DIRECTION('',(-1.,0.,0.));
#8921=DIRECTION('',(0.,0.,-1.));
#8922=DIRECTION('',(-1.,0.,0.));
#8923=DIRECTION('',(-2.08688538463375E-16,1.,0.));
#8924=DIRECTION('',(-1.,-2.08688538463375E-16,0.));
#8925=DIRECTION('',(-1.,-2.08688538463375E-16,0.));
#8926=DIRECTION('',(0.,0.,1.));
#8927=DIRECTION('',(0.,0.,1.));
#8928=DIRECTION('',(1.,0.,0.));
#8929=DIRECTION('',(0.,0.,1.));
#8930=DIRECTION('',(1.,0.,0.));
#8931=DIRECTION('',(0.,0.,1.));
#8932=DIRECTION('',(1.,0.,0.));
#8933=DIRECTION('',(-0.510058252554188,-0.860139860139831,0.));
#8934=DIRECTION('',(0.860139860139831,-0.510058252554188,0.));
#8935=DIRECTION('',(0.510058252554188,-0.860139860139831,0.));
#8936=DIRECTION('',(0.860139860139831,0.510058252554188,0.));
#8937=DIRECTION('',(0.,1.,0.));
#8938=DIRECTION('',(0.,0.,1.));
#8939=DIRECTION('',(-0.707106781186548,0.707106781186548,0.));
#8940=DIRECTION('',(-0.707106781186548,-0.707106781186548,0.));
#8941=DIRECTION('',(0.,-1.,0.));
#8942=DIRECTION('',(0.,0.,-1.));
#8943=DIRECTION('',(0.,-1.,0.));
#8944=DIRECTION('',(0.,0.,-1.));
#8945=DIRECTION('',(-1.,-2.08688538463375E-16,0.));
#8946=DIRECTION('',(2.08688538463375E-16,-1.,0.));
#8947=DIRECTION('',(-1.,-2.08688538463375E-16,0.));
#8948=DIRECTION('',(2.08688538463375E-16,-1.,0.));
#8949=DIRECTION('',(-1.,-2.08688538463375E-16,0.));
#8950=DIRECTION('',(2.08688538463375E-16,-1.,0.));
#8951=DIRECTION('',(0.,0.,1.));
#8952=DIRECTION('',(1.,0.,0.));
#8953=DIRECTION('',(0.,0.,1.));
#8954=DIRECTION('',(1.,0.,0.));
#8955=DIRECTION('',(0.,0.,-1.));
#8956=DIRECTION('',(-1.,0.,0.));
#8957=DIRECTION('',(0.,0.,1.));
#8958=DIRECTION('',(1.,0.,0.));
#8959=DIRECTION('',(0.,0.,1.));
#8960=DIRECTION('',(1.,0.,0.));
#8961=DIRECTION('',(0.,1.,0.));
#8962=DIRECTION('',(0.,0.,1.));
#8963=DIRECTION('',(-1.,0.,0.));
#8964=DIRECTION('',(0.,0.,1.));
#8965=DIRECTION('',(-1.,0.,0.));
#8966=DIRECTION('',(0.,0.,1.));
#8967=DIRECTION('',(-2.43469961540605E-16,1.,0.));
#8968=DIRECTION('',(-1.,-2.43469961540605E-16,0.));
#8969=DIRECTION('',(-1.,-2.43469961540605E-16,0.));
#8970=DIRECTION('',(0.,0.,1.));
#8971=DIRECTION('',(-1.,-2.43469961540605E-16,0.));
#8972=DIRECTION('',(-1.,-2.55106393526001E-17,0.));
#8973=DIRECTION('',(2.55106393526001E-17,-1.,0.));
#8974=DIRECTION('',(2.55106393526001E-17,-1.,0.));
#8975=DIRECTION('',(0.,0.,1.));
#8976=DIRECTION('',(2.55106393526001E-17,-1.,0.));
#8977=DIRECTION('',(0.,0.,1.));
#8978=DIRECTION('',(1.,0.,0.));
#8979=DIRECTION('',(0.,0.,-1.));
#8980=DIRECTION('',(0.,1.,0.));
#8981=DIRECTION('',(0.,0.,1.));
#8982=DIRECTION('',(0.,1.,0.));
#8983=DIRECTION('',(-2.72113486427734E-16,1.,0.));
#8984=DIRECTION('',(-1.,-2.72113486427734E-16,0.));
#8985=DIRECTION('',(-1.,-2.72113486427734E-16,0.));
#8986=DIRECTION('',(-1.,-2.72113486427734E-16,0.));
#8987=DIRECTION('',(0.,0.,-1.));
#8988=DIRECTION('',(1.,0.,0.));
#8989=DIRECTION('',(0.,0.,-1.));
#8990=DIRECTION('',(-1.,0.,0.));
#8991=DIRECTION('',(0.,0.,-1.));
#8992=DIRECTION('',(-1.,0.,0.));
#8993=DIRECTION('',(1.,0.,0.));
#8994=DIRECTION('',(2.71050543121376E-17,-1.,0.));
#8995=DIRECTION('',(-1.,-2.61845052977631E-16,0.));
#8996=DIRECTION('',(0.,1.,0.));
#8997=DIRECTION('',(0.,0.,1.));
#8998=DIRECTION('',(1.,0.,0.));
#8999=DIRECTION('',(0.,0.,1.));
#9000=DIRECTION('',(1.,0.,0.));
#9001=DIRECTION('',(1.,0.,0.));
#9002=DIRECTION('',(2.79794109028517E-17,-1.,0.));
#9003=DIRECTION('',(0.,0.,1.));
#9004=DIRECTION('',(1.,0.,0.));
#9005=DIRECTION('',(2.79794109028517E-17,-1.,0.));
#9006=DIRECTION('',(-1.,-2.72113486427734E-16,0.));
#9007=DIRECTION('',(0.,1.,0.));
#9008=DIRECTION('',(1.,0.,0.));
#9009=DIRECTION('',(0.,0.,1.));
#9010=DIRECTION('',(1.,0.,0.));
#9011=DIRECTION('',(0.,0.,1.));
#9012=DIRECTION('',(1.,0.,0.));
#9013=DIRECTION('',(0.,0.,1.));
#9014=DIRECTION('',(1.,0.,0.));
#9015=DIRECTION('',(0.,0.,-1.));
#9016=DIRECTION('',(-1.,0.,0.));
#9017=DIRECTION('',(0.,0.,-1.));
#9018=DIRECTION('',(1.,0.,0.));
#9019=DIRECTION('',(0.,0.,1.));
#9020=DIRECTION('',(1.,0.,0.));
#9021=DIRECTION('',(0.,0.,1.));
#9022=DIRECTION('',(1.,0.,0.));
#9023=DIRECTION('',(0.,0.,1.));
#9024=DIRECTION('',(1.,0.,0.));
#9025=DIRECTION('',(0.,0.,1.));
#9026=DIRECTION('',(1.,0.,0.));
#9027=DIRECTION('',(1.,0.,0.));
#9028=DIRECTION('',(0.,0.,-1.));
#9029=DIRECTION('',(0.,1.,0.));
#9030=DIRECTION('',(1.,0.,0.));
#9031=DIRECTION('',(0.,0.,-1.));
#9032=DIRECTION('',(0.,0.,1.));
#9033=DIRECTION('',(0.,0.,-1.));
#9034=DIRECTION('',(1.,0.,0.));
#9035=DIRECTION('',(0.,0.,-1.));
#9036=DIRECTION('',(-1.,0.,0.));
#9037=DIRECTION('',(-1.,-2.61845052977631E-16,0.));
#9038=DIRECTION('',(2.71050543121376E-17,-1.,0.));
#9039=DIRECTION('',(-1.,0.,0.));
#9040=DIRECTION('',(0.,0.,-1.));
#9041=DIRECTION('',(-1.,0.,0.));
#9042=DIRECTION('',(0.,1.,0.));
#9043=DIRECTION('',(0.,0.,1.));
#9044=DIRECTION('',(0.,0.,1.));
#9045=DIRECTION('',(0.,0.,1.));
#9046=DIRECTION('',(1.,0.,0.));
#9047=DIRECTION('',(0.,0.,-1.));
#9048=DIRECTION('',(0.,1.,0.));
#9049=DIRECTION('',(0.,0.,1.));
#9050=DIRECTION('',(1.,0.,0.));
#9051=DIRECTION('',(0.,0.,-1.));
#9052=DIRECTION('',(-1.,0.,0.));
#9053=DIRECTION('',(1.,0.,0.));
#9054=DIRECTION('',(0.,1.,0.));
#9055=DIRECTION('',(1.,0.,0.));
#9056=DIRECTION('',(0.,-1.,0.));
#9057=DIRECTION('',(0.,-1.,0.));
#9058=DIRECTION('',(0.,0.,-1.));
#9059=DIRECTION('',(1.,0.,0.));
#9060=DIRECTION('',(0.,0.,-1.));
#9061=DIRECTION('',(1.,0.,0.));
#9062=DIRECTION('',(0.,0.,1.));
#9063=DIRECTION('',(0.,5.35078186388183E-16,-1.));
#9064=DIRECTION('',(0.,1.,5.35078186388183E-16));
#9065=DIRECTION('',(0.,1.,5.35078186388183E-16));
#9066=DIRECTION('',(1.,0.,0.));
#9067=DIRECTION('',(0.,-1.,-5.35078186388183E-16));
#9068=DIRECTION('',(0.,1.,0.));
#9069=DIRECTION('',(0.,0.,1.));
#9070=DIRECTION('',(0.,0.,1.));
#9071=DIRECTION('',(1.,0.,0.));
#9072=DIRECTION('',(0.,0.,-1.));
#9073=DIRECTION('',(0.,0.,-1.));
#9074=DIRECTION('',(-1.,0.,0.));
#9075=DIRECTION('',(1.,0.,0.));
#9076=DIRECTION('',(0.,1.,0.));
#9077=DIRECTION('',(1.,0.,0.));
#9078=DIRECTION('',(0.,-1.,0.));
#9079=DIRECTION('',(0.,1.,0.));
#9080=DIRECTION('',(0.,0.,1.));
#9081=DIRECTION('',(1.,0.,0.));
#9082=DIRECTION('',(0.,0.,1.));
#9083=DIRECTION('',(1.,0.,0.));
#9084=DIRECTION('',(0.,0.,-1.));
#9085=DIRECTION('',(0.,1.,0.));
#9086=DIRECTION('',(0.,0.,1.));
#9087=DIRECTION('',(0.,1.,0.));
#9088=DIRECTION('',(0.,0.,1.));
#9089=DIRECTION('',(0.,0.,1.));
#9090=DIRECTION('',(1.,0.,0.));
#9091=DIRECTION('',(0.,0.,-1.));
#9092=DIRECTION('',(-1.,0.,0.));
#9093=DIRECTION('',(1.,0.,0.));
#9094=DIRECTION('',(0.,1.,0.));
#9095=DIRECTION('',(1.,0.,0.));
#9096=DIRECTION('',(0.,1.,0.));
#9097=DIRECTION('',(0.,0.,1.));
#9098=DIRECTION('',(0.,1.,0.));
#9099=DIRECTION('',(0.,0.,1.));
#9100=DIRECTION('',(1.,0.,0.));
#9101=DIRECTION('',(0.,0.,-1.));
#9102=DIRECTION('',(-1.,0.,0.));
#9103=DIRECTION('',(0.,0.,1.));
#9104=DIRECTION('',(-1.,0.,0.));
#9105=DIRECTION('',(0.,0.,1.));
#9106=DIRECTION('',(-1.,0.,0.));
#9107=DIRECTION('',(0.,0.,1.));
#9108=DIRECTION('',(-1.,0.,0.));
#9109=DIRECTION('',(0.,0.,1.));
#9110=DIRECTION('',(-1.,0.,0.));
#9111=DIRECTION('',(0.,0.,1.));
#9112=DIRECTION('',(1.,0.,0.));
#9113=DIRECTION('',(0.,0.,-1.));
#9114=DIRECTION('',(-1.,0.,0.));
#9115=DIRECTION('',(0.,0.,1.));
#9116=DIRECTION('',(-1.,0.,0.));
#9117=DIRECTION('',(0.,0.,1.));
#9118=DIRECTION('',(1.,0.,0.));
#9119=DIRECTION('',(0.,0.,-1.));
#9120=DIRECTION('',(1.,0.,0.));
#9121=DIRECTION('',(0.,0.,-1.));
#9122=DIRECTION('',(1.,0.,0.));
#9123=DIRECTION('',(0.,0.,-1.));
#9124=DIRECTION('',(1.,0.,0.));
#9125=DIRECTION('',(0.,0.,-1.));
#9126=DIRECTION('',(1.,0.,0.));
#9127=DIRECTION('',(0.,0.,-1.));
#9128=DIRECTION('',(1.,0.,0.));
#9129=DIRECTION('',(0.,0.,-1.));
#9130=DIRECTION('',(1.,2.43469961540605E-16,0.));
#9131=DIRECTION('',(-2.43469961540605E-16,1.,0.));
#9132=DIRECTION('',(-0.588171697675045,-0.808736084303189,0.));
#9133=DIRECTION('',(-0.808736084303189,0.588171697675045,0.));
#9134=DIRECTION('',(-2.55106393526001E-17,1.,0.));
#9135=DIRECTION('',(-1.,-2.55106393526001E-17,0.));
#9136=DIRECTION('',(-0.808736084303189,-0.588171697675046,0.));
#9137=DIRECTION('',(-0.588171697675046,0.808736084303189,0.));
#9138=DIRECTION('',(0.808736084303188,-0.588171697675046,0.));
#9139=DIRECTION('',(-0.588171697675046,-0.808736084303189,0.));
#9140=DIRECTION('',(-1.,0.,0.));
#9141=DIRECTION('',(0.,0.,1.));
#9142=DIRECTION('',(0.588171697675046,-0.808736084303188,0.));
#9143=DIRECTION('',(-0.808736084303188,-0.588171697675047,0.));
#9144=DIRECTION('',(0.,0.,-1.));
#9145=DIRECTION('',(-1.,0.,0.));
#9146=DIRECTION('',(0.,0.,-1.));
#9147=DIRECTION('',(1.,0.,0.));
#9148=DIRECTION('',(0.,0.,-1.));
#9149=DIRECTION('',(-1.,0.,0.));
#9150=DIRECTION('',(0.,0.,1.));
#9151=DIRECTION('',(1.,0.,0.));
#9152=DIRECTION('',(0.,0.,-1.));
#9153=DIRECTION('',(-1.,0.,0.));
#9154=DIRECTION('',(0.,0.,-1.));
#9155=DIRECTION('',(1.,0.,0.));
#9156=DIRECTION('',(0.,0.,-1.));
#9157=DIRECTION('',(-1.,0.,0.));
#9158=DIRECTION('',(0.,0.,1.));
#9159=DIRECTION('',(1.,0.,0.));
#9160=DIRECTION('',(0.,0.,-1.));
#9161=DIRECTION('',(-1.,0.,0.));
#9162=DIRECTION('',(0.,0.,-1.));
#9163=DIRECTION('',(1.,0.,0.));
#9164=DIRECTION('',(0.,0.,-1.));
#9165=DIRECTION('',(-1.,0.,0.));
#9166=DIRECTION('',(0.,0.,1.));
#9167=DIRECTION('',(1.,0.,0.));
#9168=DIRECTION('',(0.,0.,1.));
#9169=DIRECTION('',(1.,0.,0.));
#9170=DIRECTION('',(0.,0.,1.));
#9171=DIRECTION('',(1.,0.,0.));
#9172=DIRECTION('',(0.,1.,0.));
#9173=DIRECTION('',(0.,0.,1.));
#9174=DIRECTION('',(1.,0.,0.));
#9175=DIRECTION('',(1.,2.08688538463375E-16,0.));
#9176=DIRECTION('',(0.,0.,1.));
#9177=DIRECTION('',(1.,0.,0.));
#9178=DIRECTION('',(0.,-1.,0.));
#9179=DIRECTION('',(0.,0.,1.));
#9180=DIRECTION('',(1.,0.,0.));
#9181=DIRECTION('',(0.,-1.,0.));
#9182=DIRECTION('',(0.,0.,1.));
#9183=DIRECTION('',(1.,0.,0.));
#9184=DIRECTION('',(0.,0.,1.));
#9185=DIRECTION('',(1.,0.,0.));
#9186=DIRECTION('',(0.,-1.,0.));
#9187=DIRECTION('',(0.,0.,1.));
#9188=DIRECTION('',(1.,0.,0.));
#9189=DIRECTION('',(1.,2.10269512239613E-16,0.));
#9190=DIRECTION('',(0.,0.,1.));
#9191=DIRECTION('',(1.,0.,0.));
#9192=DIRECTION('',(0.,0.,1.));
#9193=DIRECTION('',(1.,0.,0.));
#9194=DIRECTION('',(-1.,1.15648231731787E-15,0.));
#9195=DIRECTION('',(0.,0.,-1.));
#9196=DIRECTION('',(1.,0.,0.));
#9197=DIRECTION('',(0.,0.,1.));
#9198=DIRECTION('',(1.,0.,0.));
#9199=DIRECTION('',(0.,1.,0.));
#9200=DIRECTION('',(0.,0.,1.));
#9201=DIRECTION('',(1.,0.,0.));
#9202=DIRECTION('',(0.,0.,1.));
#9203=DIRECTION('',(1.,0.,0.));
#9204=DIRECTION('',(0.,0.,1.));
#9205=DIRECTION('',(1.,0.,0.));
#9206=DIRECTION('',(0.,0.,1.));
#9207=DIRECTION('',(1.,0.,0.));
#9208=DIRECTION('',(0.,0.,1.));
#9209=DIRECTION('',(1.,0.,0.));
#9210=DIRECTION('',(-1.15648231731787E-15,-1.,0.));
#9211=DIRECTION('',(1.,-1.15648231731787E-15,0.));
#9212=DIRECTION('',(0.,0.,-1.));
#9213=DIRECTION('',(0.,0.,-1.));
#9214=DIRECTION('',(0.,0.,-1.));
#9215=DIRECTION('',(-1.,0.,0.));
#9216=DIRECTION('',(0.,0.,-1.));
#9217=DIRECTION('',(-1.,0.,0.));
#9218=DIRECTION('',(0.,0.,1.));
#9219=DIRECTION('',(1.,0.,0.));
#9220=DIRECTION('',(1.,0.,0.));
#9221=DIRECTION('',(0.,0.,-1.));
#9222=DIRECTION('',(0.707106781186548,-0.707106781186548,0.));
#9223=DIRECTION('',(-0.707106781186548,-0.707106781186548,0.));
#9224=DIRECTION('',(1.,0.,0.));
#9225=DIRECTION('',(0.,0.,-1.));
#9226=DIRECTION('',(0.707106781186548,0.707106781186548,0.));
#9227=DIRECTION('',(0.707106781186548,-0.707106781186548,0.));
#9228=DIRECTION('',(2.79794109028517E-17,-1.,0.));
#9229=DIRECTION('',(1.,2.79794109028517E-17,0.));
#9230=DIRECTION('',(0.,1.,0.));
#9231=DIRECTION('',(0.,0.,1.));
#9232=DIRECTION('',(-0.707106781186548,0.707106781186548,0.));
#9233=DIRECTION('',(-0.707106781186548,-0.707106781186548,0.));
#9234=DIRECTION('',(0.,0.,1.));
#9235=DIRECTION('',(1.,0.,0.));
#9236=DIRECTION('',(-1.,-2.72113486427734E-16,0.));
#9237=DIRECTION('',(2.72113486427734E-16,-1.,0.));
#9238=DIRECTION('',(-0.707106781186548,-0.707106781186548,0.));
#9239=DIRECTION('',(0.707106781186548,-0.707106781186548,0.));
#9240=DIRECTION('',(2.79794109028517E-17,-1.,0.));
#9241=DIRECTION('',(1.,2.79794109028517E-17,0.));
#9242=DIRECTION('',(0.,0.,1.));
#9243=DIRECTION('',(1.,0.,0.));
#9244=DIRECTION('',(0.,1.,0.));
#9245=DIRECTION('',(0.,0.,1.));
#9246=DIRECTION('',(0.,1.,0.));
#9247=DIRECTION('',(0.,0.,1.));
#9248=DIRECTION('',(-1.,0.,0.));
#9249=DIRECTION('',(0.,0.,1.));
#9250=DIRECTION('',(0.,0.,-1.));
#9251=DIRECTION('',(-1.,0.,0.));
#9252=DIRECTION('',(0.,0.,1.));
#9253=DIRECTION('',(1.,0.,0.));
#9254=DIRECTION('',(0.,0.,-1.));
#9255=DIRECTION('',(-1.,0.,0.));
#9256=DIRECTION('',(-1.,0.,0.));
#9257=DIRECTION('',(0.,0.,1.));
#9258=DIRECTION('',(0.,-1.,0.));
#9259=DIRECTION('',(0.,0.,-1.));
#9260=DIRECTION('',(0.,1.,0.));
#9261=DIRECTION('',(0.,0.,1.));
#9262=DIRECTION('',(0.,-1.,0.));
#9263=DIRECTION('',(0.,0.,-1.));
#9264=DIRECTION('',(-1.,0.,0.));
#9265=DIRECTION('',(0.,0.,1.));
#9266=DIRECTION('',(0.,0.,-1.));
#9267=DIRECTION('',(-1.,0.,0.));
#9268=DIRECTION('',(0.,0.,1.));
#9269=DIRECTION('',(1.,0.,0.));
#9270=DIRECTION('',(0.,0.707106781186547,0.707106781186548));
#9271=DIRECTION('',(0.,0.707106781186548,-0.707106781186547));
#9272=DIRECTION('',(0.,1.,5.35078186388183E-16));
#9273=DIRECTION('',(0.,-5.35078186388183E-16,1.));
#9274=DIRECTION('',(0.,0.707106781186548,-0.707106781186547));
#9275=DIRECTION('',(0.,-0.707106781186547,-0.707106781186548));
#9276=DIRECTION('',(0.,0.,-1.));
#9277=DIRECTION('',(-1.,0.,0.));
#9278=DIRECTION('',(0.,0.,1.));
#9279=DIRECTION('',(1.,0.,0.));
#9280=DIRECTION('',(-1.,0.,0.));
#9281=DIRECTION('',(0.,0.,1.));
#9282=DIRECTION('',(0.,-1.,0.));
#9283=DIRECTION('',(0.,0.,-1.));
#9284=DIRECTION('',(0.,1.,0.));
#9285=DIRECTION('',(0.,0.,1.));
#9286=DIRECTION('',(0.,-1.,0.));
#9287=DIRECTION('',(0.,0.,-1.));
#9288=DIRECTION('',(-1.,0.,0.));
#9289=DIRECTION('',(0.,0.,1.));
#9290=DIRECTION('',(0.,0.,1.));
#9291=DIRECTION('',(1.,0.,0.));
#9292=DIRECTION('',(0.,0.,-1.));
#9293=DIRECTION('',(-1.,0.,0.));
#9294=DIRECTION('',(0.,0.,1.));
#9295=DIRECTION('',(1.,0.,0.));
#9296=DIRECTION('',(0.,1.,0.));
#9297=DIRECTION('',(0.,0.,1.));
#9298=DIRECTION('',(0.,0.,-1.));
#9299=DIRECTION('',(-1.,0.,0.));
#9300=DIRECTION('',(0.,0.,-1.));
#9301=DIRECTION('',(-1.,0.,0.));
#9302=DIRECTION('',(1.,0.,0.));
#9303=DIRECTION('',(0.,0.,-1.));
#9304=DIRECTION('',(-1.,0.,0.));
#9305=DIRECTION('',(0.,0.,1.));
#9306=DIRECTION('',(0.,1.,0.));
#9307=DIRECTION('',(0.,0.,1.));
#9308=DIRECTION('',(0.,-1.,0.));
#9309=DIRECTION('',(0.,0.,-1.));
#9310=DIRECTION('',(0.,1.,0.));
#9311=DIRECTION('',(0.,0.,1.));
#9312=DIRECTION('',(0.,0.707106781186548,0.707106781186548));
#9313=DIRECTION('',(0.,-0.707106781186548,0.707106781186548));
#9314=DIRECTION('',(0.,0.,1.));
#9315=DIRECTION('',(1.,0.,0.));
#9316=DIRECTION('',(-1.,-2.71050543121376E-17,0.));
#9317=DIRECTION('',(2.71050543121376E-17,-1.,0.));
#9318=DIRECTION('',(0.,0.,1.));
#9319=DIRECTION('',(2.71050543121376E-17,-1.,0.));
#9320=DIRECTION('',(0.,0.,1.));
#9321=DIRECTION('',(0.,1.,0.));
#9322=DIRECTION('',(0.,0.,1.));
#9323=DIRECTION('',(-1.,0.,0.));
#9324=DIRECTION('',(0.,0.,1.));
#9325=DIRECTION('',(-1.,0.,0.));
#9326=DIRECTION('',(0.,0.,1.));
#9327=DIRECTION('',(0.,0.,1.));
#9328=DIRECTION('',(-2.61845052977631E-16,1.,0.));
#9329=DIRECTION('',(-1.,-2.61845052977631E-16,0.));
#9330=DIRECTION('',(-1.,-2.61845052977631E-16,0.));
#9331=DIRECTION('',(-1.,-2.61845052977631E-16,0.));
#9332=DIRECTION('',(2.61845052977631E-16,-1.,0.));
#9333=DIRECTION('',(-0.707106781186548,-0.707106781186548,0.));
#9334=DIRECTION('',(-0.707106781186548,0.707106781186548,0.));
#9335=DIRECTION('',(2.71050543121376E-17,-1.,0.));
#9336=DIRECTION('',(1.,2.71050543121376E-17,0.));
#9337=DIRECTION('',(0.707106781186548,-0.707106781186548,0.));
#9338=DIRECTION('',(0.707106781186548,0.707106781186548,0.));
#9339=DIRECTION('',(1.,0.,0.));
#9340=DIRECTION('',(0.,0.,-1.));
#9341=DIRECTION('',(0.,0.,1.));
#9342=DIRECTION('',(1.,0.,0.));
#9343=DIRECTION('',(0.,0.,1.));
#9344=DIRECTION('',(1.,0.,0.));
#9345=DIRECTION('',(0.,0.,-1.));
#9346=DIRECTION('',(-1.,0.,0.));
#9347=DIRECTION('',(0.,0.,1.));
#9348=DIRECTION('',(1.,0.,0.));
#9349=DIRECTION('',(-1.,0.,0.));
#9350=DIRECTION('',(0.,0.,1.));
#9351=DIRECTION('',(0.,0.,-1.));
#9352=DIRECTION('',(-1.,0.,0.));
#9353=DIRECTION('',(0.,0.,1.));
#9354=DIRECTION('',(1.,0.,0.));
#9355=DIRECTION('',(0.,0.,-1.));
#9356=DIRECTION('',(-1.,0.,0.));
#9357=DIRECTION('',(-1.,0.,0.));
#9358=DIRECTION('',(0.,0.,1.));
#9359=DIRECTION('',(0.,-1.,0.));
#9360=DIRECTION('',(0.,0.,-1.));
#9361=DIRECTION('',(0.,1.,0.));
#9362=DIRECTION('',(0.,0.,1.));
#9363=DIRECTION('',(0.,-1.,0.));
#9364=DIRECTION('',(0.,0.,-1.));
#9365=DIRECTION('',(-1.,0.,0.));
#9366=DIRECTION('',(0.,0.,1.));
#9367=DIRECTION('',(0.,0.,-1.));
#9368=DIRECTION('',(-1.,0.,0.));
#9369=DIRECTION('',(0.,0.,1.));
#9370=DIRECTION('',(1.,0.,0.));
#9371=DIRECTION('',(0.,0.707106781186547,0.707106781186548));
#9372=DIRECTION('',(0.,-0.707106781186548,0.707106781186547));
#9373=DIRECTION('',(0.,1.,5.35078186388183E-16));
#9374=DIRECTION('',(0.,-5.35078186388183E-16,1.));
#9375=DIRECTION('',(0.,0.707106781186548,-0.707106781186547));
#9376=DIRECTION('',(0.,-0.707106781186547,-0.707106781186548));
#9377=DIRECTION('',(0.,0.,-1.));
#9378=DIRECTION('',(-1.,0.,0.));
#9379=DIRECTION('',(0.,0.,1.));
#9380=DIRECTION('',(1.,0.,0.));
#9381=DIRECTION('',(-1.,0.,0.));
#9382=DIRECTION('',(0.,0.,1.));
#9383=DIRECTION('',(0.,-1.,0.));
#9384=DIRECTION('',(0.,0.,-1.));
#9385=DIRECTION('',(0.,1.,0.));
#9386=DIRECTION('',(0.,0.,1.));
#9387=DIRECTION('',(0.,-1.,0.));
#9388=DIRECTION('',(0.,0.,-1.));
#9389=DIRECTION('',(-1.,0.,0.));
#9390=DIRECTION('',(0.,0.,1.));
#9391=DIRECTION('',(0.,0.,1.));
#9392=DIRECTION('',(1.,0.,0.));
#9393=DIRECTION('',(0.,0.,-1.));
#9394=DIRECTION('',(-1.,0.,0.));
#9395=DIRECTION('',(0.,-1.,0.));
#9396=DIRECTION('',(0.,0.,-1.));
#9397=DIRECTION('',(1.,0.,0.));
#9398=DIRECTION('',(0.,0.,1.));
#9399=DIRECTION('',(1.,0.,0.));
#9400=DIRECTION('',(0.,0.,1.));
#9401=DIRECTION('',(-1.,0.,0.));
#9402=DIRECTION('',(0.,0.,1.));
#9403=DIRECTION('',(0.,-1.,0.));
#9404=DIRECTION('',(0.,0.,1.));
#9405=DIRECTION('',(0.,-1.,0.));
#9406=DIRECTION('',(0.,0.,1.));
#9407=DIRECTION('',(0.,0.,1.));
#9408=DIRECTION('',(0.,0.,1.));
#9409=DIRECTION('',(-0.288656262222857,0.957432797787672,0.));
#9410=DIRECTION('',(0.,0.,1.));
#9411=DIRECTION('',(1.,0.,0.));
#9412=DIRECTION('',(0.,0.,1.));
#9413=DIRECTION('',(0.,0.,1.));
#9414=DIRECTION('',(1.,0.,0.));
#9415=DIRECTION('',(0.,0.,1.));
#9416=DIRECTION('',(0.225594944412429,0.974221186926025,0.));
#9417=DIRECTION('',(0.,0.,1.));
#9418=DIRECTION('',(1.,0.,0.));
#9419=DIRECTION('',(0.,0.,1.));
#9420=DIRECTION('',(0.,0.,1.));
#9421=DIRECTION('',(1.,0.,0.));
#9422=DIRECTION('',(0.,0.,1.));
#9423=DIRECTION('',(0.,0.,1.));
#9424=DIRECTION('',(0.,0.,1.));
#9425=DIRECTION('',(0.,0.,1.));
#9426=DIRECTION('',(0.,0.,1.));
#9427=DIRECTION('',(0.,0.,1.));
#9428=DIRECTION('',(-1.,0.,0.));
#9429=DIRECTION('',(0.,0.,1.));
#9430=DIRECTION('',(0.,0.,1.));
#9431=DIRECTION('',(0.,-1.,0.));
#9432=DIRECTION('',(0.,-1.,0.));
#9433=DIRECTION('',(0.,0.,-1.));
#9434=DIRECTION('',(0.,0.,1.));
#9435=DIRECTION('',(1.,0.,0.));
#9436=DIRECTION('',(1.,0.,0.));
#9437=DIRECTION('',(0.,0.,-1.));
#9438=DIRECTION('',(0.,0.,1.));
#9439=DIRECTION('',(0.,1.,0.));
#9440=DIRECTION('',(0.,0.,1.));
#9441=DIRECTION('',(0.,0.,1.));
#9442=DIRECTION('',(0.,0.,1.));
#9443=DIRECTION('',(0.254243571886023,-0.967140220523703,0.));
#9444=DIRECTION('',(0.,0.,1.));
#9445=DIRECTION('',(0.,0.,1.));
#9446=DIRECTION('',(1.,0.,0.));
#9447=DIRECTION('',(0.,0.,1.));
#9448=DIRECTION('',(-0.28067341500976,-0.959803330952107,0.));
#9449=DIRECTION('',(0.,0.,1.));
#9450=DIRECTION('',(0.,0.,1.));
#9451=DIRECTION('',(1.,0.,0.));
#9452=DIRECTION('',(0.,0.,1.));
#9453=DIRECTION('',(0.,0.,1.));
#9454=DIRECTION('',(-1.,0.,0.));
#9455=DIRECTION('',(0.,0.,1.));
#9456=DIRECTION('',(0.,0.,1.));
#9457=DIRECTION('',(0.,-1.,0.));
#9458=DIRECTION('',(0.,1.,0.));
#9459=DIRECTION('',(0.,0.,1.));
#9460=DIRECTION('',(0.,0.,1.));
#9461=DIRECTION('',(-1.,0.,0.));
#9462=DIRECTION('',(-1.,0.,0.));
#9463=DIRECTION('',(0.,0.,1.));
#9464=DIRECTION('',(0.,0.,1.));
#9465=DIRECTION('',(0.,-1.,0.));
#9466=DIRECTION('',(0.,0.,1.));
#9467=DIRECTION('',(0.,0.,1.));
#9468=DIRECTION('',(0.712417966680724,0.701755399516457,0.));
#9469=DIRECTION('',(0.,0.,1.));
#9470=DIRECTION('',(0.,0.,1.));
#9471=DIRECTION('',(1.,0.,0.));
#9472=DIRECTION('',(0.,0.,1.));
#9473=DIRECTION('',(0.,0.,1.));
#9474=DIRECTION('',(0.,0.,1.));
#9475=DIRECTION('',(0.,0.,1.));
#9476=DIRECTION('',(1.,0.,0.));
#9477=DIRECTION('',(0.,0.,-1.));
#9478=DIRECTION('',(0.,0.,1.));
#9479=DIRECTION('',(0.,1.,0.));
#9480=DIRECTION('',(0.,0.,1.));
#9481=DIRECTION('',(0.,0.,1.));
#9482=DIRECTION('',(-0.691886727911185,-0.722006063506639,0.));
#9483=DIRECTION('',(0.,0.,1.));
#9484=DIRECTION('',(1.,0.,0.));
#9485=DIRECTION('',(1.,0.,0.));
#9486=DIRECTION('',(0.,0.,-1.));
#9487=DIRECTION('',(0.,1.,0.));
#9488=DIRECTION('',(0.,1.,0.));
#9489=DIRECTION('',(0.,0.,1.));
#9490=DIRECTION('',(1.,0.,0.));
#9491=DIRECTION('',(0.,0.,1.));
#9492=DIRECTION('',(0.,0.,1.));
#9493=DIRECTION('',(0.,0.,1.));
#9494=DIRECTION('',(0.0522709868833666,-0.998632937535228,0.));
#9495=DIRECTION('',(0.,0.,1.));
#9496=DIRECTION('',(0.,0.,1.));
#9497=DIRECTION('',(1.,0.,0.));
#9498=DIRECTION('',(0.,0.,1.));
#9499=DIRECTION('',(0.123721456690311,-0.992316986226895,0.));
#9500=DIRECTION('',(0.,0.,1.));
#9501=DIRECTION('',(0.,0.,1.));
#9502=DIRECTION('',(1.,0.,0.));
#9503=DIRECTION('',(-1.,0.,0.));
#9504=DIRECTION('',(0.,0.,1.));
#9505=DIRECTION('',(0.,0.,1.));
#9506=DIRECTION('',(0.,-1.,0.));
#9507=DIRECTION('',(0.,0.,1.));
#9508=DIRECTION('',(-0.123884235059238,0.992296677563614,0.));
#9509=DIRECTION('',(0.,0.,1.));
#9510=DIRECTION('',(0.,0.,1.));
#9511=DIRECTION('',(1.,0.,0.));
#9512=DIRECTION('',(0.,0.,1.));
#9513=DIRECTION('',(0.0667822701540456,-0.997767572329885,0.));
#9514=DIRECTION('',(0.,0.,1.));
#9515=DIRECTION('',(0.,0.,1.));
#9516=DIRECTION('',(1.,0.,0.));
#9517=DIRECTION('',(0.,0.,1.));
#9518=DIRECTION('',(0.,0.,1.));
#9519=DIRECTION('',(-1.,0.,0.));
#9520=DIRECTION('',(0.,0.,1.));
#9521=DIRECTION('',(0.,0.,1.));
#9522=DIRECTION('',(0.,-1.,0.));
#9523=DIRECTION('',(0.,1.,0.));
#9524=DIRECTION('',(0.,0.,1.));
#9525=DIRECTION('',(0.,0.,1.));
#9526=DIRECTION('',(-1.,0.,0.));
#9527=DIRECTION('',(-1.,0.,0.));
#9528=DIRECTION('',(0.,0.,1.));
#9529=DIRECTION('',(0.,0.,1.));
#9530=DIRECTION('',(0.,-1.,0.));
#9531=DIRECTION('',(0.,-1.,0.));
#9532=DIRECTION('',(0.,0.,-1.));
#9533=DIRECTION('',(0.,0.,1.));
#9534=DIRECTION('',(1.,0.,0.));
#9535=DIRECTION('',(-1.,0.,0.));
#9536=DIRECTION('',(0.,0.,1.));
#9537=DIRECTION('',(0.,0.,1.));
#9538=DIRECTION('',(0.,-1.,0.));
#9539=DIRECTION('',(0.,-1.,0.));
#9540=DIRECTION('',(0.,0.,-1.));
#9541=DIRECTION('',(0.,0.,1.));
#9542=DIRECTION('',(1.,0.,0.));
#9543=DIRECTION('',(1.,0.,0.));
#9544=DIRECTION('',(0.,0.,-1.));
#9545=DIRECTION('',(0.,0.,1.));
#9546=DIRECTION('',(0.,1.,0.));
#9547=DIRECTION('',(0.,-1.,0.));
#9548=DIRECTION('',(0.,0.,-1.));
#9549=DIRECTION('',(0.,0.,1.));
#9550=DIRECTION('',(1.,0.,0.));
#9551=DIRECTION('',(1.,0.,0.));
#9552=DIRECTION('',(0.,0.,-1.));
#9553=DIRECTION('',(0.,0.,1.));
#9554=DIRECTION('',(0.,1.,0.));
#9555=DIRECTION('',(0.,1.,0.));
#9556=DIRECTION('',(0.,0.,1.));
#9557=DIRECTION('',(0.,0.,1.));
#9558=DIRECTION('',(-1.,0.,0.));
#9559=DIRECTION('',(1.,0.,0.));
#9560=DIRECTION('',(0.,0.,-1.));
#9561=DIRECTION('',(0.,0.,1.));
#9562=DIRECTION('',(0.,1.,0.));
#9563=DIRECTION('',(0.,0.,1.));
#9564=DIRECTION('',(0.,0.,1.));
#9565=DIRECTION('',(1.,0.,0.));
#9566=DIRECTION('',(1.,0.,0.));
#9567=DIRECTION('',(0.,0.,-1.));
#9568=DIRECTION('',(0.,0.,1.));
#9569=DIRECTION('',(0.,1.,0.));
#9570=DIRECTION('',(0.,0.,1.));
#9571=DIRECTION('',(0.,1.,0.));
#9572=DIRECTION('',(0.,0.,1.));
#9573=DIRECTION('',(0.,0.,1.));
#9574=DIRECTION('',(-1.,0.,0.));
#9575=DIRECTION('',(-1.,0.,0.));
#9576=DIRECTION('',(0.,0.,1.));
#9577=DIRECTION('',(0.,0.,1.));
#9578=DIRECTION('',(0.,-1.,0.));
#9579=DIRECTION('',(0.,0.,1.));
#9580=DIRECTION('',(0.,0.,1.));
#9581=DIRECTION('',(-0.276345630707918,0.961058318932126,0.));
#9582=DIRECTION('',(0.,0.,1.));
#9583=DIRECTION('',(0.,0.,1.));
#9584=DIRECTION('',(1.,0.,0.));
#9585=DIRECTION('',(0.,0.,1.));
#9586=DIRECTION('',(0.123876076936646,0.992297696038233,0.));
#9587=DIRECTION('',(0.,0.,1.));
#9588=DIRECTION('',(0.,0.,1.));
#9589=DIRECTION('',(1.,0.,0.));
#9590=DIRECTION('',(0.,0.,1.));
#9591=DIRECTION('',(0.330902875564423,0.943664817052748,0.));
#9592=DIRECTION('',(0.,0.,1.));
#9593=DIRECTION('',(0.,0.,1.));
#9594=DIRECTION('',(1.,0.,0.));
#9595=DIRECTION('',(-1.,0.,0.));
#9596=DIRECTION('',(0.,0.,1.));
#9597=DIRECTION('',(0.,0.,1.));
#9598=DIRECTION('',(0.,-1.,0.));
#9599=DIRECTION('',(0.,0.,1.));
#9600=DIRECTION('',(0.22414997746445,0.974554661167185,0.));
#9601=DIRECTION('',(0.,0.,1.));
#9602=DIRECTION('',(0.,0.,1.));
#9603=DIRECTION('',(1.,0.,0.));
#9604=DIRECTION('',(0.,0.,1.));
#9605=DIRECTION('',(0.0352360161775722,0.999379018773125,0.));
#9606=DIRECTION('',(0.,0.,1.));
#9607=DIRECTION('',(0.,0.,1.));
#9608=DIRECTION('',(1.,0.,0.));
#9609=DIRECTION('',(0.,0.,1.));
#9610=DIRECTION('',(0.,0.,1.));
#9611=DIRECTION('',(-1.,0.,0.));
#9612=DIRECTION('',(0.,0.,1.));
#9613=DIRECTION('',(0.,0.,1.));
#9614=DIRECTION('',(0.,-1.,0.));
#9615=DIRECTION('',(0.,-1.,0.));
#9616=DIRECTION('',(0.,0.,-1.));
#9617=DIRECTION('',(1.,0.,0.));
#9618=DIRECTION('',(0.,0.,1.));
#9619=DIRECTION('',(1.,0.,0.));
#9620=DIRECTION('',(0.,0.,1.));
#9621=DIRECTION('',(0.,0.,1.));
#9622=DIRECTION('',(0.,0.,1.));
#9623=DIRECTION('',(0.,0.,1.));
#9624=DIRECTION('',(0.707988869293145,-0.706223591334227,0.));
#9625=DIRECTION('',(0.,0.,1.));
#9626=DIRECTION('',(0.,0.,1.));
#9627=DIRECTION('',(1.,0.,0.));
#9628=DIRECTION('',(0.,0.,1.));
#9629=DIRECTION('',(0.,0.,1.));
#9630=DIRECTION('',(0.,0.,1.));
#9631=DIRECTION('',(0.751830259458764,0.659356702371461,0.));
#9632=DIRECTION('',(0.,0.,1.));
#9633=DIRECTION('',(0.,0.,1.));
#9634=DIRECTION('',(1.,0.,0.));
#9635=DIRECTION('',(-0.6619690885573,-0.749531137308263,0.));
#9636=DIRECTION('',(0.749531137308263,-0.6619690885573,0.));
#9637=DIRECTION('',(0.,0.,1.));
#9638=DIRECTION('',(0.749531137308263,-0.6619690885573,0.));
#9639=DIRECTION('',(0.,0.,1.));
#9640=DIRECTION('',(0.,0.,1.));
#9641=DIRECTION('',(0.,0.,1.));
#9642=DIRECTION('',(0.,0.,1.));
#9643=DIRECTION('',(0.,0.,1.));
#9644=DIRECTION('',(0.,0.,1.));
#9645=DIRECTION('',(0.,0.,1.));
#9646=DIRECTION('',(0.997203013344143,0.0747405524287904,0.));
#9647=DIRECTION('',(0.,0.,1.));
#9648=DIRECTION('',(0.,0.,1.));
#9649=DIRECTION('',(1.,0.,0.));
#9650=DIRECTION('',(-0.121926132424832,0.992539177177366,0.));
#9651=DIRECTION('',(-0.992539177177366,-0.121926132424832,0.));
#9652=DIRECTION('',(0.,0.,1.));
#9653=DIRECTION('',(-0.992539177177366,-0.121926132424832,0.));
#9654=DIRECTION('',(0.,0.,1.));
#9655=DIRECTION('',(0.993978289896364,0.109577183823548,0.));
#9656=DIRECTION('',(0.,0.,1.));
#9657=DIRECTION('',(0.,0.,1.));
#9658=DIRECTION('',(1.,0.,0.));
#9659=DIRECTION('',(0.,0.,1.));
#9660=DIRECTION('',(0.937180041829283,0.348846053721213,0.));
#9661=DIRECTION('',(0.,0.,1.));
#9662=DIRECTION('',(0.,0.,1.));
#9663=DIRECTION('',(1.,0.,0.));
#9664=DIRECTION('',(0.,0.,1.));
#9665=DIRECTION('',(0.,0.,1.));
#9666=DIRECTION('',(0.,0.,1.));
#9667=DIRECTION('',(0.,0.,1.));
#9668=DIRECTION('',(0.,0.,1.));
#9669=DIRECTION('',(0.,0.,1.));
#9670=DIRECTION('',(-0.752547928352204,-0.658537482253521,0.));
#9671=DIRECTION('',(0.,0.,1.));
#9672=DIRECTION('',(0.,0.,1.));
#9673=DIRECTION('',(1.,0.,0.));
#9674=DIRECTION('',(0.656595431773162,0.754242957524043,0.));
#9675=DIRECTION('',(-0.754242957524043,0.656595431773162,0.));
#9676=DIRECTION('',(0.,0.,1.));
#9677=DIRECTION('',(-0.754242957524043,0.656595431773162,0.));
#9678=DIRECTION('',(0.,0.,1.));
#9679=DIRECTION('',(0.,0.,1.));
#9680=DIRECTION('',(0.,0.,1.));
#9681=DIRECTION('',(0.978328483021993,-0.2070588788434,0.));
#9682=DIRECTION('',(0.,0.,1.));
#9683=DIRECTION('',(0.,0.,1.));
#9684=DIRECTION('',(1.,0.,0.));
#9685=DIRECTION('',(0.,0.,1.));
#9686=DIRECTION('',(0.,0.,1.));
#9687=DIRECTION('',(-0.353013139994279,-0.935618363966516,0.));
#9688=DIRECTION('',(0.,0.,1.));
#9689=DIRECTION('',(0.,0.,1.));
#9690=DIRECTION('',(1.,0.,0.));
#9691=DIRECTION('',(0.,0.,1.));
#9692=DIRECTION('',(0.,0.,1.));
#9693=DIRECTION('',(0.14848863612208,-0.988914114037516,0.));
#9694=DIRECTION('',(0.988914114037516,0.14848863612208,0.));
#9695=DIRECTION('',(0.,0.,1.));
#9696=DIRECTION('',(0.988914114037516,0.14848863612208,0.));
#9697=DIRECTION('',(0.,0.,1.));
#9698=DIRECTION('',(0.,0.,1.));
#9699=DIRECTION('',(1.,0.,0.));
#9700=DIRECTION('',(1.,0.,0.));
#9701=DIRECTION('',(0.,0.,-1.));
#9702=DIRECTION('',(0.,0.,1.));
#9703=DIRECTION('',(0.,1.,0.));
#9704=DIRECTION('',(0.,0.,1.));
#9705=DIRECTION('',(0.,1.,0.));
#9706=DIRECTION('',(0.,0.,1.));
#9707=DIRECTION('',(0.,0.,1.));
#9708=DIRECTION('',(-1.,0.,0.));
#9709=DIRECTION('',(-1.,0.,0.));
#9710=DIRECTION('',(0.,0.,1.));
#9711=DIRECTION('',(0.,0.,1.));
#9712=DIRECTION('',(0.,-1.,0.));
#9713=DIRECTION('',(0.,0.,1.));
#9714=DIRECTION('',(-0.488534262571723,0.872544711916531,0.));
#9715=DIRECTION('',(0.,0.,1.));
#9716=DIRECTION('',(0.,0.,1.));
#9717=DIRECTION('',(1.,0.,0.));
#9718=DIRECTION('',(0.,0.,1.));
#9719=DIRECTION('',(0.,0.,1.));
#9720=DIRECTION('',(0.,0.,1.));
#9721=DIRECTION('',(1.,0.,0.));
#9722=DIRECTION('',(0.,0.,-1.));
#9723=DIRECTION('',(0.,0.,1.));
#9724=DIRECTION('',(0.,1.,0.));
#9725=DIRECTION('',(0.,1.,0.));
#9726=DIRECTION('',(0.,0.,1.));
#9727=DIRECTION('',(0.,0.,1.));
#9728=DIRECTION('',(-1.,0.,0.));
#9729=DIRECTION('',(-1.,0.,0.));
#9730=DIRECTION('',(0.,0.,1.));
#9731=DIRECTION('',(0.,0.,1.));
#9732=DIRECTION('',(0.,-1.,0.));
#9733=DIRECTION('',(0.,0.,1.));
#9734=DIRECTION('',(0.,0.,1.));
#9735=DIRECTION('',(0.,0.,1.));
#9736=DIRECTION('',(0.,0.,1.));
#9737=DIRECTION('',(-0.239544890866134,0.970885289444604,0.));
#9738=DIRECTION('',(0.,0.,1.));
#9739=DIRECTION('',(0.,0.,1.));
#9740=DIRECTION('',(1.,0.,0.));
#9741=DIRECTION('',(0.,0.,1.));
#9742=DIRECTION('',(-1.,0.,0.));
#9743=DIRECTION('',(0.,0.,1.));
#9744=DIRECTION('',(0.,0.,1.));
#9745=DIRECTION('',(0.,-1.,0.));
#9746=DIRECTION('',(0.,-1.,0.));
#9747=DIRECTION('',(0.,0.,-1.));
#9748=DIRECTION('',(1.,0.,0.));
#9749=DIRECTION('',(0.,0.,1.));
#9750=DIRECTION('',(1.,0.,0.));
#9751=DIRECTION('',(0.,-1.,0.));
#9752=DIRECTION('',(0.,0.,-1.));
#9753=DIRECTION('',(1.,0.,0.));
#9754=DIRECTION('',(0.,0.,1.));
#9755=DIRECTION('',(1.,0.,0.));
#9756=DIRECTION('',(0.,0.,1.));
#9757=DIRECTION('',(-1.,0.,0.));
#9758=DIRECTION('',(0.,0.,1.));
#9759=DIRECTION('',(0.,-1.,0.));
#9760=DIRECTION('',(0.,0.,1.));
#9761=DIRECTION('',(0.,-1.,0.));
#9762=DIRECTION('',(0.,0.,1.));
#9763=DIRECTION('',(0.,0.,1.));
#9764=DIRECTION('',(0.,0.,1.));
#9765=DIRECTION('',(-0.288656262214686,0.957432797790135,0.));
#9766=DIRECTION('',(0.,0.,1.));
#9767=DIRECTION('',(1.,0.,0.));
#9768=DIRECTION('',(0.,0.,1.));
#9769=DIRECTION('',(0.,0.,1.));
#9770=DIRECTION('',(1.,0.,0.));
#9771=DIRECTION('',(0.,0.,1.));
#9772=DIRECTION('',(0.225594944405363,0.974221186927661,0.));
#9773=DIRECTION('',(0.,0.,1.));
#9774=DIRECTION('',(1.,0.,0.));
#9775=DIRECTION('',(0.,0.,1.));
#9776=DIRECTION('',(0.,0.,1.));
#9777=DIRECTION('',(1.,0.,0.));
#9778=DIRECTION('',(0.,0.,1.));
#9779=DIRECTION('',(0.,0.,1.));
#9780=DIRECTION('',(0.,0.,1.));
#9781=DIRECTION('',(0.,0.,1.));
#9782=DIRECTION('',(0.,0.,1.));
#9783=DIRECTION('',(0.,0.,1.));
#9784=DIRECTION('',(-1.,0.,0.));
#9785=DIRECTION('',(0.,0.,1.));
#9786=DIRECTION('',(0.,0.,1.));
#9787=DIRECTION('',(0.,-1.,0.));
#9788=DIRECTION('',(0.,-1.,0.));
#9789=DIRECTION('',(0.,0.,-1.));
#9790=DIRECTION('',(0.,0.,1.));
#9791=DIRECTION('',(1.,0.,0.));
#9792=DIRECTION('',(1.,0.,0.));
#9793=DIRECTION('',(0.,0.,-1.));
#9794=DIRECTION('',(0.,0.,1.));
#9795=DIRECTION('',(0.,1.,0.));
#9796=DIRECTION('',(0.,0.,1.));
#9797=DIRECTION('',(0.,0.,1.));
#9798=DIRECTION('',(0.,0.,1.));
#9799=DIRECTION('',(0.254243571887539,-0.967140220523305,0.));
#9800=DIRECTION('',(0.,0.,1.));
#9801=DIRECTION('',(0.,0.,1.));
#9802=DIRECTION('',(1.,0.,0.));
#9803=DIRECTION('',(0.,0.,1.));
#9804=DIRECTION('',(-0.280673415009731,-0.959803330952115,0.));
#9805=DIRECTION('',(0.,0.,1.));
#9806=DIRECTION('',(0.,0.,1.));
#9807=DIRECTION('',(1.,0.,0.));
#9808=DIRECTION('',(0.,0.,1.));
#9809=DIRECTION('',(0.,0.,1.));
#9810=DIRECTION('',(-1.,0.,0.));
#9811=DIRECTION('',(0.,0.,1.));
#9812=DIRECTION('',(0.,0.,1.));
#9813=DIRECTION('',(0.,-1.,0.));
#9814=DIRECTION('',(0.,1.,0.));
#9815=DIRECTION('',(0.,0.,1.));
#9816=DIRECTION('',(0.,0.,1.));
#9817=DIRECTION('',(-1.,0.,0.));
#9818=DIRECTION('',(-1.,0.,0.));
#9819=DIRECTION('',(0.,0.,1.));
#9820=DIRECTION('',(0.,0.,1.));
#9821=DIRECTION('',(0.,-1.,0.));
#9822=DIRECTION('',(0.,0.,1.));
#9823=DIRECTION('',(0.,0.,1.));
#9824=DIRECTION('',(0.712417966680729,0.701755399516452,0.));
#9825=DIRECTION('',(0.,0.,1.));
#9826=DIRECTION('',(0.,0.,1.));
#9827=DIRECTION('',(1.,0.,0.));
#9828=DIRECTION('',(0.,0.,1.));
#9829=DIRECTION('',(0.,0.,1.));
#9830=DIRECTION('',(0.,0.,1.));
#9831=DIRECTION('',(0.,0.,1.));
#9832=DIRECTION('',(1.,0.,0.));
#9833=DIRECTION('',(0.,0.,-1.));
#9834=DIRECTION('',(0.,0.,1.));
#9835=DIRECTION('',(0.,1.,0.));
#9836=DIRECTION('',(0.,0.,1.));
#9837=DIRECTION('',(0.,0.,1.));
#9838=DIRECTION('',(-0.691886727911174,-0.72200606350665,0.));
#9839=DIRECTION('',(0.,0.,1.));
#9840=DIRECTION('',(1.,0.,0.));
#9841=DIRECTION('',(1.,0.,0.));
#9842=DIRECTION('',(0.,0.,-1.));
#9843=DIRECTION('',(0.,1.,0.));
#9844=DIRECTION('',(0.,1.,0.));
#9845=DIRECTION('',(0.,0.,1.));
#9846=DIRECTION('',(1.,0.,0.));
#9847=DIRECTION('',(0.,0.,1.));
#9848=DIRECTION('',(0.,0.,1.));
#9849=DIRECTION('',(0.,0.,1.));
#9850=DIRECTION('',(0.,0.,1.));
#9851=DIRECTION('',(0.,0.,1.));
#9852=DIRECTION('',(-1.,0.,0.));
#9853=DIRECTION('',(0.,0.,1.));
#9854=DIRECTION('',(0.,-1.,0.));
#9855=DIRECTION('',(0.,0.,1.));
#9856=DIRECTION('',(0.,-1.,0.));
#9857=DIRECTION('',(0.,0.,1.));
#9858=DIRECTION('',(0.,0.,1.));
#9859=DIRECTION('',(0.,0.,1.));
#9860=DIRECTION('',(0.,0.,1.));
#9861=DIRECTION('',(0.,0.,1.));
#9862=DIRECTION('',(0.,0.,1.));
#9863=DIRECTION('',(0.995067176098954,0.099203402413691,0.));
#9864=DIRECTION('',(0.,0.,1.));
#9865=DIRECTION('',(1.,0.,0.));
#9866=DIRECTION('',(0.,0.,1.));
#9867=DIRECTION('',(0.,0.,1.));
#9868=DIRECTION('',(1.,0.,0.));
#9869=DIRECTION('',(1.,0.,0.));
#9870=DIRECTION('',(0.,0.,-1.));
#9871=DIRECTION('',(0.,1.,0.));
#9872=DIRECTION('',(0.,0.,1.));
#9873=DIRECTION('',(0.,1.,0.));
#9874=DIRECTION('',(0.,0.,1.));
#9875=DIRECTION('',(0.995067176098948,-0.099203402413755,0.));
#9876=DIRECTION('',(0.,0.,1.));
#9877=DIRECTION('',(1.,0.,0.));
#9878=DIRECTION('',(0.,0.,1.));
#9879=DIRECTION('',(0.,0.,1.));
#9880=DIRECTION('',(1.,0.,0.));
#9881=DIRECTION('',(0.,0.,1.));
#9882=DIRECTION('',(0.,0.,1.));
#9883=DIRECTION('',(0.,0.,1.));
#9884=DIRECTION('',(0.,0.,1.));
#9885=DIRECTION('',(0.666995362055982,-0.745061867898103,0.));
#9886=DIRECTION('',(0.,0.,1.));
#9887=DIRECTION('',(0.,0.,1.));
#9888=DIRECTION('',(1.,0.,0.));
#9889=DIRECTION('',(0.,0.,1.));
#9890=DIRECTION('',(-1.,0.,0.));
#9891=DIRECTION('',(0.,0.,1.));
#9892=DIRECTION('',(0.,0.,1.));
#9893=DIRECTION('',(0.,-1.,0.));
#9894=DIRECTION('',(0.,0.,1.));
#9895=DIRECTION('',(0.,0.,1.));
#9896=DIRECTION('',(0.666995362055943,0.745061867898137,0.));
#9897=DIRECTION('',(0.,0.,1.));
#9898=DIRECTION('',(0.,0.,1.));
#9899=DIRECTION('',(1.,0.,0.));
#9900=DIRECTION('',(0.,0.,1.));
#9901=DIRECTION('',(0.,0.,1.));
#9902=DIRECTION('',(0.,0.,1.));
#9903=DIRECTION('',(0.,0.,1.));
#9904=DIRECTION('',(1.,0.,0.));
#9905=DIRECTION('',(0.,0.,-1.));
#9906=DIRECTION('',(0.,0.,1.));
#9907=DIRECTION('',(0.,1.,0.));
#9908=DIRECTION('',(0.,0.,1.));
#9909=DIRECTION('',(0.,0.,1.));
#9910=DIRECTION('',(1.,0.,0.));
#9911=DIRECTION('',(0.,0.,1.));
#9912=DIRECTION('',(0.,0.,1.));
#9913=DIRECTION('',(0.,0.,1.));
#9914=DIRECTION('',(0.,0.,1.));
#9915=DIRECTION('',(0.,0.,1.));
#9916=DIRECTION('',(-1.,0.,0.));
#9917=DIRECTION('',(0.,0.,1.));
#9918=DIRECTION('',(0.,-1.,0.));
#9919=DIRECTION('',(0.,0.,1.));
#9920=DIRECTION('',(0.,-1.,0.));
#9921=DIRECTION('',(0.,0.,1.));
#9922=DIRECTION('',(0.,0.,1.));
#9923=DIRECTION('',(0.,0.,1.));
#9924=DIRECTION('',(0.,0.,1.));
#9925=DIRECTION('',(0.,0.,1.));
#9926=DIRECTION('',(0.,0.,1.));
#9927=DIRECTION('',(0.995067176098953,0.0992034024137041,0.));
#9928=DIRECTION('',(0.,0.,1.));
#9929=DIRECTION('',(1.,0.,0.));
#9930=DIRECTION('',(0.,0.,1.));
#9931=DIRECTION('',(0.,0.,1.));
#9932=DIRECTION('',(1.,0.,0.));
#9933=DIRECTION('',(1.,0.,0.));
#9934=DIRECTION('',(0.,0.,-1.));
#9935=DIRECTION('',(0.,1.,0.));
#9936=DIRECTION('',(0.,0.,1.));
#9937=DIRECTION('',(0.,1.,0.));
#9938=DIRECTION('',(0.,0.,1.));
#9939=DIRECTION('',(0.995067176098953,-0.0992034024137044,0.));
#9940=DIRECTION('',(0.,0.,1.));
#9941=DIRECTION('',(1.,0.,0.));
#9942=DIRECTION('',(0.,0.,1.));
#9943=DIRECTION('',(0.,0.,1.));
#9944=DIRECTION('',(1.,0.,0.));
#9945=DIRECTION('',(0.,0.,1.));
#9946=DIRECTION('',(0.,0.,1.));
#9947=DIRECTION('',(0.,0.,1.));
#9948=DIRECTION('',(0.,0.,1.));
#9949=DIRECTION('',(0.666995362055977,-0.745061867898107,0.));
#9950=DIRECTION('',(0.,0.,1.));
#9951=DIRECTION('',(0.,0.,1.));
#9952=DIRECTION('',(1.,0.,0.));
#9953=DIRECTION('',(0.,0.,1.));
#9954=DIRECTION('',(-1.,0.,0.));
#9955=DIRECTION('',(0.,0.,1.));
#9956=DIRECTION('',(0.,0.,1.));
#9957=DIRECTION('',(0.,-1.,0.));
#9958=DIRECTION('',(0.,0.,1.));
#9959=DIRECTION('',(0.,0.,1.));
#9960=DIRECTION('',(0.666995362055938,0.745061867898142,0.));
#9961=DIRECTION('',(0.,0.,1.));
#9962=DIRECTION('',(0.,0.,1.));
#9963=DIRECTION('',(1.,0.,0.));
#9964=DIRECTION('',(0.,0.,1.));
#9965=DIRECTION('',(0.,0.,1.));
#9966=DIRECTION('',(0.,0.,1.));
#9967=DIRECTION('',(0.,0.,1.));
#9968=DIRECTION('',(1.,0.,0.));
#9969=DIRECTION('',(0.,0.,-1.));
#9970=DIRECTION('',(0.,0.,1.));
#9971=DIRECTION('',(0.,1.,0.));
#9972=DIRECTION('',(0.,0.,1.));
#9973=DIRECTION('',(0.,0.,1.));
#9974=DIRECTION('',(1.,0.,0.));
#9975=DIRECTION('',(0.,0.,1.));
#9976=DIRECTION('',(0.,0.,1.));
#9977=DIRECTION('',(0.,0.,1.));
#9978=DIRECTION('',(0.204904298378891,-0.978782012761705,0.));
#9979=DIRECTION('',(0.,0.,1.));
#9980=DIRECTION('',(0.,0.,1.));
#9981=DIRECTION('',(1.,0.,0.));
#9982=DIRECTION('',(0.,0.,1.));
#9983=DIRECTION('',(0.63358574172494,-0.773672481016908,0.));
#9984=DIRECTION('',(0.,0.,1.));
#9985=DIRECTION('',(0.,0.,1.));
#9986=DIRECTION('',(1.,0.,0.));
#9987=DIRECTION('',(0.,0.,1.));
#9988=DIRECTION('',(0.,0.,1.));
#9989=DIRECTION('',(0.,0.,1.));
#9990=DIRECTION('',(0.802458427159216,0.596708029677125,0.));
#9991=DIRECTION('',(0.,0.,1.));
#9992=DIRECTION('',(0.,0.,1.));
#9993=DIRECTION('',(1.,0.,0.));
#9994=DIRECTION('',(0.,0.,1.));
#9995=DIRECTION('',(0.67567248082268,0.737201938859987,0.));
#9996=DIRECTION('',(0.,0.,1.));
#9997=DIRECTION('',(0.,0.,1.));
#9998=DIRECTION('',(1.,0.,0.));
#9999=DIRECTION('',(-0.659919198514258,-0.751336576663415,0.));
#10000=DIRECTION('',(0.751336576663415,-0.659919198514258,0.));
#10001=DIRECTION('',(0.,0.,1.));
#10002=DIRECTION('',(0.751336576663415,-0.659919198514258,0.));
#10003=DIRECTION('',(0.,0.,1.));
#10004=DIRECTION('',(0.,0.,1.));
#10005=DIRECTION('',(0.,0.,1.));
#10006=DIRECTION('',(0.,0.,1.));
#10007=DIRECTION('',(0.,0.,1.));
#10008=DIRECTION('',(0.,0.,1.));
#10009=DIRECTION('',(0.769224491597521,0.638978623685124,0.));
#10010=DIRECTION('',(0.,0.,1.));
#10011=DIRECTION('',(0.,0.,1.));
#10012=DIRECTION('',(1.,0.,0.));
#10013=DIRECTION('',(0.,0.,1.));
#10014=DIRECTION('',(0.913383111574915,0.407101082643765,0.));
#10015=DIRECTION('',(0.,0.,1.));
#10016=DIRECTION('',(0.,0.,1.));
#10017=DIRECTION('',(1.,0.,0.));
#10018=DIRECTION('',(-0.416654710493212,0.909064822894285,0.));
#10019=DIRECTION('',(-0.909064822894285,-0.416654710493212,0.));
#10020=DIRECTION('',(0.,0.,1.));
#10021=DIRECTION('',(-0.909064822894285,-0.416654710493212,0.));
#10022=DIRECTION('',(0.,0.,1.));
#10023=DIRECTION('',(0.,0.,1.));
#10024=DIRECTION('',(0.,0.,1.));
#10025=DIRECTION('',(-0.222922518874146,0.974836166019094,0.));
#10026=DIRECTION('',(0.,0.,1.));
#10027=DIRECTION('',(0.,0.,1.));
#10028=DIRECTION('',(1.,0.,0.));
#10029=DIRECTION('',(0.,0.,1.));
#10030=DIRECTION('',(0.,0.,1.));
#10031=DIRECTION('',(0.,0.,1.));
#10032=DIRECTION('',(0.,0.,1.));
#10033=DIRECTION('',(0.639903368828144,0.768455384887368,0.));
#10034=DIRECTION('',(-0.768455384887368,0.639903368828144,0.));
#10035=DIRECTION('',(0.,0.,1.));
#10036=DIRECTION('',(-0.768455384887368,0.639903368828143,0.));
#10037=DIRECTION('',(0.,0.,1.));
#10038=DIRECTION('',(0.,0.,1.));
#10039=DIRECTION('',(0.,0.,1.));
#10040=DIRECTION('',(0.,0.,1.));
#10041=DIRECTION('',(0.,0.,1.));
#10042=DIRECTION('',(0.,0.,1.));
#10043=DIRECTION('',(0.404464578299947,-0.914553664308796,0.));
#10044=DIRECTION('',(0.914553664308796,0.404464578299947,0.));
#10045=DIRECTION('',(0.,0.,1.));
#10046=DIRECTION('',(0.914553664308796,0.404464578299947,0.));
#10047=DIRECTION('',(0.,0.,1.));
#10048=DIRECTION('',(1.,0.,0.));
#10049=DIRECTION('',(0.999852658855335,-0.0171656802928482,0.));
#10050=DIRECTION('',(0.0171656802928482,0.999852658855336,0.));
#10051=DIRECTION('',(0.,0.,1.));
#10052=DIRECTION('',(0.0171656802928482,0.999852658855335,0.));
#10053=DIRECTION('',(0.,0.,1.));
#10054=DIRECTION('',(0.,1.,0.));
#10055=DIRECTION('',(0.,0.,1.));
#10056=DIRECTION('',(0.,0.,1.));
#10057=DIRECTION('',(-1.,0.,0.));
#10058=DIRECTION('',(-0.999754595824761,0.0221528356484906,0.));
#10059=DIRECTION('',(-0.0221528356484906,-0.999754595824761,0.));
#10060=DIRECTION('',(0.,0.,1.));
#10061=DIRECTION('',(-0.0221528356484906,-0.999754595824761,0.));
#10062=DIRECTION('',(0.983459822457869,0.181126413344759,0.));
#10063=DIRECTION('',(-0.181126413344759,0.983459822457869,0.));
#10064=DIRECTION('',(0.,0.,1.));
#10065=DIRECTION('',(-0.181126413344759,0.983459822457869,0.));
#10066=DIRECTION('',(0.,1.,0.));
#10067=DIRECTION('',(0.,0.,1.));
#10068=DIRECTION('',(0.,0.,1.));
#10069=DIRECTION('',(-1.,0.,0.));
#10070=DIRECTION('',(-0.985115196170387,0.171895463215818,0.));
#10071=DIRECTION('',(-0.171895463215818,-0.985115196170387,0.));
#10072=DIRECTION('',(0.,0.,1.));
#10073=DIRECTION('',(-0.171895463215818,-0.985115196170387,0.));
#10074=DIRECTION('',(0.999613079119901,0.027815320462467,0.));
#10075=DIRECTION('',(-0.027815320462467,0.999613079119901,0.));
#10076=DIRECTION('',(0.,0.,1.));
#10077=DIRECTION('',(-0.027815320462467,0.999613079119901,0.));
#10078=DIRECTION('',(0.,1.,0.));
#10079=DIRECTION('',(0.,0.,1.));
#10080=DIRECTION('',(0.,0.,1.));
#10081=DIRECTION('',(-1.,0.,0.));
#10082=DIRECTION('',(-0.999849329969523,-0.0173584953119709,0.));
#10083=DIRECTION('',(0.0173584953119709,-0.999849329969523,0.));
#10084=DIRECTION('',(0.,0.,1.));
#10085=DIRECTION('',(0.0173584953119709,-0.999849329969523,0.));
#10086=DIRECTION('',(0.,-1.,0.));
#10087=DIRECTION('',(0.,0.,-1.));
#10088=DIRECTION('',(0.,0.,1.));
#10089=DIRECTION('',(1.,0.,0.));
#10090=DIRECTION('',(0.979874193563627,-0.199616043413427,0.));
#10091=DIRECTION('',(0.199616043413427,0.979874193563627,0.));
#10092=DIRECTION('',(0.,0.,1.));
#10093=DIRECTION('',(0.199616043413427,0.979874193563627,0.));
#10094=DIRECTION('',(-0.982583118062037,-0.185823615559177,0.));
#10095=DIRECTION('',(0.185823615559177,-0.982583118062037,0.));
#10096=DIRECTION('',(0.,0.,1.));
#10097=DIRECTION('',(0.185823615559177,-0.982583118062037,0.));
#10098=DIRECTION('',(0.,-1.,0.));
#10099=DIRECTION('',(0.,0.,-1.));
#10100=DIRECTION('',(1.,0.,0.));
#10101=DIRECTION('',(0.,0.,1.));
#10102=DIRECTION('',(1.,0.,0.));
#10103=DIRECTION('',(0.,0.,1.));
#10104=DIRECTION('',(1.,0.,0.));
#10105=DIRECTION('',(0.,0.,1.));
#10106=DIRECTION('',(1.,0.,0.));
#10107=DIRECTION('',(0.,0.,1.));
#10108=DIRECTION('',(1.,0.,0.));
#10109=DIRECTION('',(0.,0.,1.));
#10110=DIRECTION('',(1.,0.,0.));
#10111=DIRECTION('',(0.,0.,1.));
#10112=DIRECTION('',(1.,0.,0.));
#10113=DIRECTION('',(0.,0.,1.));
#10114=DIRECTION('',(1.,0.,0.));
#10115=DIRECTION('',(0.,0.,1.));
#10116=DIRECTION('',(1.,0.,0.));
#10117=DIRECTION('',(0.,0.,-1.));
#10118=DIRECTION('',(1.,0.,0.));
#10119=DIRECTION('',(0.,0.,-1.));
#10120=DIRECTION('',(-1.,0.,0.));
#10121=DIRECTION('',(0.,0.,-1.));
#10122=DIRECTION('',(-1.,0.,0.));
#10123=DIRECTION('',(0.,0.,1.));
#10124=DIRECTION('',(1.,0.,0.));
#10125=DIRECTION('',(0.,0.,1.));
#10126=DIRECTION('',(1.,0.,0.));
#10127=DIRECTION('',(0.,0.,-1.));
#10128=DIRECTION('',(-1.,0.,0.));
#10129=DIRECTION('',(0.,0.,-1.));
#10130=DIRECTION('',(1.,0.,0.));
#10131=DIRECTION('',(0.,0.,-1.));
#10132=DIRECTION('',(-1.,0.,0.));
#10133=DIRECTION('',(0.,0.,-1.));
#10134=DIRECTION('',(-1.,0.,0.));
#10135=DIRECTION('',(0.,0.,1.));
#10136=DIRECTION('',(1.,0.,0.));
#10137=DIRECTION('',(0.,0.,1.));
#10138=DIRECTION('',(1.,0.,0.));
#10139=DIRECTION('',(0.,0.,-1.));
#10140=DIRECTION('',(-1.,0.,0.));
#10141=DIRECTION('',(0.,0.,1.));
#10142=DIRECTION('',(1.,0.,0.));
#10143=DIRECTION('',(0.,0.,1.));
#10144=DIRECTION('',(1.,0.,0.));
#10145=DIRECTION('',(0.,0.,-1.));
#10146=DIRECTION('',(-1.,0.,0.));
#10147=DIRECTION('',(0.,0.,-1.));
#10148=DIRECTION('',(0.,0.,-1.));
#10149=DIRECTION('',(-2.10269512239613E-16,1.,0.));
#10150=DIRECTION('',(-1.,-2.10269512239613E-16,0.));
#10151=DIRECTION('',(0.,0.,-1.));
#10152=DIRECTION('',(0.,0.,-1.));
#10153=DIRECTION('',(-1.,0.,0.));
#10154=DIRECTION('',(0.,0.,-1.));
#10155=DIRECTION('',(1.,0.,0.));
#10156=DIRECTION('',(0.,0.,-1.));
#10157=DIRECTION('',(0.,0.,-1.));
#10158=DIRECTION('',(-1.,0.,0.));
#10159=DIRECTION('',(0.,0.,1.));
#10160=DIRECTION('',(0.,0.,-1.));
#10161=DIRECTION('',(0.,0.,-1.));
#10162=DIRECTION('',(0.,0.,-1.));
#10163=DIRECTION('',(-1.,0.,0.));
#10164=DIRECTION('',(0.,0.,-1.));
#10165=DIRECTION('',(0.,0.,-1.));
#10166=DIRECTION('',(1.,0.,0.));
#10167=DIRECTION('',(0.,0.,-1.));
#10168=DIRECTION('',(0.,0.,-1.));
#10169=DIRECTION('',(0.,0.,-1.));
#10170=DIRECTION('',(0.,0.,1.));
#10171=DIRECTION('',(1.,0.,0.));
#10172=DIRECTION('',(0.,-1.,0.));
#10173=DIRECTION('',(0.,0.,-1.));
#10174=DIRECTION('',(-1.,0.,0.));
#10175=DIRECTION('',(0.,0.,1.));
#10176=DIRECTION('',(1.,2.08688538463375E-16,0.));
#10177=DIRECTION('',(-2.08688538463375E-16,1.,0.));
#10178=DIRECTION('',(-1.,0.,0.));
#10179=DIRECTION('',(0.,0.,1.));
#10180=DIRECTION('',(0.,1.,0.));
#10181=DIRECTION('',(0.,0.,1.));
#10182=DIRECTION('',(0.,-1.,0.));
#10183=DIRECTION('',(0.,0.,-1.));
#10184=DIRECTION('',(0.,0.,1.));
#10185=DIRECTION('',(1.,0.,0.));
#10186=DIRECTION('',(0.,-1.,0.));
#10187=DIRECTION('',(0.,0.,-1.));
#10188=DIRECTION('',(0.,0.,1.));
#10189=DIRECTION('',(1.,0.,0.));
#10190=DIRECTION('',(0.,1.,0.));
#10191=DIRECTION('',(0.,0.,1.));
#10192=DIRECTION('',(0.,1.,0.));
#10193=DIRECTION('',(0.,0.,1.));
#10194=DIRECTION('',(0.,0.,1.));
#10195=DIRECTION('',(1.,0.,0.));
#10196=DIRECTION('',(0.,0.,-1.));
#10197=DIRECTION('',(-1.,0.,0.));
#10198=DIRECTION('',(0.,0.,-1.));
#10199=DIRECTION('',(-1.,0.,0.));
#10200=DIRECTION('',(0.,0.,1.));
#10201=DIRECTION('',(1.,0.,0.));
#10202=DIRECTION('',(0.,0.,-1.));
#10203=DIRECTION('',(-1.,0.,0.));
#10204=DIRECTION('',(0.,0.,1.));
#10205=DIRECTION('',(1.,0.,0.));
#10206=DIRECTION('',(0.,0.,-1.));
#10207=DIRECTION('',(-1.,0.,0.));
#10208=DIRECTION('',(0.,0.,-1.));
#10209=DIRECTION('',(-1.,0.,0.));
#10210=CARTESIAN_POINT('',(0.,0.,0.));
#10211=CARTESIAN_POINT('',(-0.0665,0.,0.048));
#10212=CARTESIAN_POINT('',(-0.0665,0.045,0.048));
#10213=CARTESIAN_POINT('',(-0.0665,0.045,0.043));
#10214=CARTESIAN_POINT('',(-0.0665,0.045,0.006));
#10215=CARTESIAN_POINT('',(-0.0665,-0.101499999999998,0.006));
#10216=CARTESIAN_POINT('',(-0.0665,-0.101499999999998,0.006));
#10217=CARTESIAN_POINT('',(-0.0665,-0.101499999999998,0.043));
#10218=CARTESIAN_POINT('',(-0.0665,-0.101499999999998,0.043));
#10219=CARTESIAN_POINT('',(-0.0665,0.,0.043));
#10220=CARTESIAN_POINT('',(-0.0665,-0.0965122250444444,0.043));
#10221=CARTESIAN_POINT('',(-0.0665,-0.0965122250444444,0.048));
#10222=CARTESIAN_POINT('',(-0.0665,-0.0965122250444444,0.036413843027686));
#10223=CARTESIAN_POINT('',(-0.0665,-0.0945122250444444,0.036413843027686));
#10224=CARTESIAN_POINT('',(-0.0665,-0.0945122250444444,0.034413843027686));
#10225=CARTESIAN_POINT('',(-0.0665,-0.0822587680570184,0.034413843027686));
#10226=CARTESIAN_POINT('',(-0.0665,-0.0822587680570184,0.034413843027686));
#10227=CARTESIAN_POINT('',(-0.0665,-0.0822587680570184,0.025821442999557));
#10228=CARTESIAN_POINT('',(-0.0665,-0.0822587680570184,0.024821442999557));
#10229=CARTESIAN_POINT('',(-0.0665,-0.0488387681372624,0.024821442999557));
#10230=CARTESIAN_POINT('',(-0.0665,-0.0478387681372624,0.024821442999557));
#10231=CARTESIAN_POINT('',(-0.0665,-0.0478387681372624,0.027413842109711));
#10232=CARTESIAN_POINT('',(-0.0665,-0.0478387681372624,0.027413842109711));
#10233=CARTESIAN_POINT('',(-0.0665,-0.0376664426310904,0.027413842109711));
#10234=CARTESIAN_POINT('',(-0.0665,-0.0376664426310904,0.027413842109711));
#10235=CARTESIAN_POINT('',(-0.0665,-0.0376664426310904,0.029413842109711));
#10236=CARTESIAN_POINT('',(-0.0665,-0.0356664426310904,0.029413842109711));
#10237=CARTESIAN_POINT('',(-0.0665,-0.0356664426310904,0.0395));
#10238=CARTESIAN_POINT('',(-0.0665,-0.0356664426310904,0.0395));
#10239=CARTESIAN_POINT('',(-0.0665,-0.0376664426310904,0.0395));
#10240=CARTESIAN_POINT('',(-0.0665,-0.0376664426310904,0.0415));
#10241=CARTESIAN_POINT('',(-0.0665,0.,0.0415));
#10242=CARTESIAN_POINT('',(-0.0665,-0.0812587680570184,0.0415));
#10243=CARTESIAN_POINT('',(-0.0665,-0.0812587680570184,0.048));
#10244=CARTESIAN_POINT('',(-0.0665,-0.0812587680570184,0.0425));
#10245=CARTESIAN_POINT('',(-0.0665,-0.0822587680570184,0.0425));
#10246=CARTESIAN_POINT('',(-0.0665,-0.081392742653234,0.043));
#10247=CARTESIAN_POINT('',(-0.0665,0.,0.043));
#10248=CARTESIAN_POINT('',(-0.0695,-0.035,0.004));
#10249=CARTESIAN_POINT('',(-0.0695,-0.035,0.004));
#10250=CARTESIAN_POINT('',(-0.0725,-0.035,0.004));
#10251=CARTESIAN_POINT('',(-0.0715,-0.035,0.004));
#10252=CARTESIAN_POINT('',(-0.0715,-0.035,0.004));
#10253=CARTESIAN_POINT('',(-0.0715,-0.035,0.));
#10254=CARTESIAN_POINT('',(-0.0695,-0.035,0.));
#10255=CARTESIAN_POINT('',(-0.0725,-0.035,0.));
#10256=CARTESIAN_POINT('',(-0.0725,-0.035,0.004));
#10257=CARTESIAN_POINT('',(-0.0695,-0.055,0.004));
#10258=CARTESIAN_POINT('',(-0.0695,-0.055,0.));
#10259=CARTESIAN_POINT('',(-0.0725,-0.055,0.));
#10260=CARTESIAN_POINT('',(-0.0715,-0.055,0.));
#10261=CARTESIAN_POINT('',(-0.0715,-0.055,0.004));
#10262=CARTESIAN_POINT('',(-0.0715,-0.055,0.004));
#10263=CARTESIAN_POINT('',(-0.0695,-0.055,0.004));
#10264=CARTESIAN_POINT('',(-0.0725,-0.055,0.004));
#10265=CARTESIAN_POINT('',(-0.0725,-0.055,0.004));
#10266=CARTESIAN_POINT('',(-0.0695,0.055,0.004));
#10267=CARTESIAN_POINT('',(-0.0695,0.055,0.004));
#10268=CARTESIAN_POINT('',(-0.0725,0.055,0.004));
#10269=CARTESIAN_POINT('',(-0.0704858141756223,0.055,0.004));
#10270=CARTESIAN_POINT('',(-0.0704858141756223,0.055,0.004));
#10271=CARTESIAN_POINT('',(-0.0704858141756223,0.055,0.));
#10272=CARTESIAN_POINT('',(-0.0695,0.055,0.));
#10273=CARTESIAN_POINT('',(-0.0725,0.055,0.));
#10274=CARTESIAN_POINT('',(-0.0725,0.055,0.004));
#10275=CARTESIAN_POINT('',(-0.0695,0.035,0.004));
#10276=CARTESIAN_POINT('',(-0.0695,0.035,0.));
#10277=CARTESIAN_POINT('',(-0.0725,0.035,0.));
#10278=CARTESIAN_POINT('',(-0.0715,0.035,0.));
#10279=CARTESIAN_POINT('',(-0.0715,0.035,0.004));
#10280=CARTESIAN_POINT('',(-0.0715,0.035,0.004));
#10281=CARTESIAN_POINT('',(-0.0695,0.035,0.004));
#10282=CARTESIAN_POINT('',(-0.0725,0.035,0.004));
#10283=CARTESIAN_POINT('',(-0.0725,0.035,0.004));
#10284=CARTESIAN_POINT('',(0.0695,0.035,0.004));
#10285=CARTESIAN_POINT('',(0.0695,0.035,0.004));
#10286=CARTESIAN_POINT('',(0.0725,0.035,0.004));
#10287=CARTESIAN_POINT('',(0.0715,0.035,0.004));
#10288=CARTESIAN_POINT('',(0.0715,0.035,0.004));
#10289=CARTESIAN_POINT('',(0.0715,0.035,0.));
#10290=CARTESIAN_POINT('',(0.0695,0.035,0.));
#10291=CARTESIAN_POINT('',(0.0725,0.035,0.));
#10292=CARTESIAN_POINT('',(0.0725,0.035,0.004));
#10293=CARTESIAN_POINT('',(0.0695,0.055,0.004));
#10294=CARTESIAN_POINT('',(0.0695,0.055,0.));
#10295=CARTESIAN_POINT('',(0.0725,0.055,0.));
#10296=CARTESIAN_POINT('',(0.0704858141756222,0.055,0.));
#10297=CARTESIAN_POINT('',(0.0704858141756222,0.055,0.004));
#10298=CARTESIAN_POINT('',(0.0704858141756222,0.055,0.004));
#10299=CARTESIAN_POINT('',(0.0695,0.055,0.004));
#10300=CARTESIAN_POINT('',(0.0725,0.055,0.004));
#10301=CARTESIAN_POINT('',(0.0725,0.055,0.004));
#10302=CARTESIAN_POINT('',(0.0695,-0.035,0.004));
#10303=CARTESIAN_POINT('',(0.0695,-0.035,0.));
#10304=CARTESIAN_POINT('',(0.0725,-0.035,0.));
#10305=CARTESIAN_POINT('',(0.0715,-0.035,0.));
#10306=CARTESIAN_POINT('',(0.0715,-0.035,0.004));
#10307=CARTESIAN_POINT('',(0.0715,-0.035,0.004));
#10308=CARTESIAN_POINT('',(0.0695,-0.035,0.004));
#10309=CARTESIAN_POINT('',(0.0725,-0.035,0.004));
#10310=CARTESIAN_POINT('',(0.0725,-0.035,0.004));
#10311=CARTESIAN_POINT('',(-0.0365,-0.0714999999999984,-0.223416408269255));
#10312=CARTESIAN_POINT('',(-0.0365,-0.0714999999999984,0.042));
#10313=CARTESIAN_POINT('',(-0.0381,-0.0714999999999984,0.042));
#10314=CARTESIAN_POINT('',(-0.0365,-0.0714999999999984,0.0476));
#10315=CARTESIAN_POINT('',(-0.0349,-0.0714999999999984,0.0476));
#10316=CARTESIAN_POINT('',(-0.0365,-0.0414999999999984,-0.223416408269255));
#10317=CARTESIAN_POINT('',(-0.0365,-0.0414999999999984,0.042));
#10318=CARTESIAN_POINT('',(-0.0381,-0.0414999999999984,0.042));
#10319=CARTESIAN_POINT('',(-0.0365,-0.0414999999999984,0.0476));
#10320=CARTESIAN_POINT('',(-0.0349,-0.0414999999999984,0.0476));
#10321=CARTESIAN_POINT('',(-0.0115,-0.0564999999999984,-0.223416408269255));
#10322=CARTESIAN_POINT('',(-0.0115,-0.0564999999999984,0.042));
#10323=CARTESIAN_POINT('',(-0.0131,-0.0564999999999984,0.042));
#10324=CARTESIAN_POINT('',(-0.0115,-0.0564999999999984,0.0476));
#10325=CARTESIAN_POINT('',(-0.0099,-0.0564999999999984,0.0476));
#10326=CARTESIAN_POINT('',(-2.77555756156289E-17,0.045,0.068));
#10327=CARTESIAN_POINT('',(-0.00808592229861204,0.0451714716565054,0.068));
#10328=CARTESIAN_POINT('',(-0.00879491503437543,0.0448443377870022,0.068));
#10329=CARTESIAN_POINT('',(-0.00976050719937738,0.0448443377870022,0.068));
#10330=CARTESIAN_POINT('',(-0.00808592229861204,0.0451714716565054,0.068));
#10331=CARTESIAN_POINT('',(-0.00976050719937738,0.0448443377870022,0.068));
#10332=CARTESIAN_POINT('',(-0.00976050719937738,0.0448443377870022,0.068));
#10333=CARTESIAN_POINT('',(-0.0107236671423012,0.0448443377870022,0.068));
#10334=CARTESIAN_POINT('',(-0.0114326598780646,0.0451714716565054,0.068));
#10335=CARTESIAN_POINT('',(-0.0114326598780646,0.0451714716565054,0.068));
#10336=CARTESIAN_POINT('',(-0.0114326598780646,0.0451714716565054,0.068));
#10337=CARTESIAN_POINT('',(-0.012141652613828,0.0454986055260086,0.068));
#10338=CARTESIAN_POINT('',(-0.0125222953690492,0.0461516571539759,0.068));
#10339=CARTESIAN_POINT('',(-0.0125222953690492,0.0461516571539759,0.068));
#10340=CARTESIAN_POINT('',(-0.0125222953690492,0.0461516571539759,0.068));
#10341=CARTESIAN_POINT('',(-0.0129029381242704,0.0468047087819432,0.068));
#10342=CARTESIAN_POINT('',(-0.0129029381242704,0.0477873265014918,0.068));
#10343=CARTESIAN_POINT('',(-0.0129029381242704,0.0477873265014918,0.068));
#10344=CARTESIAN_POINT('',(-0.0129029381242704,0.0494996108444675,0.068));
#10345=CARTESIAN_POINT('',(-0.0129029381242704,0.0512118951874433,0.068));
#10346=CARTESIAN_POINT('',(-0.0129029381242704,0.0512118951874433,0.068));
#10347=CARTESIAN_POINT('',(-0.0129029381242704,0.0521920806849137,0.068));
#10348=CARTESIAN_POINT('',(-0.0125222953690492,0.0528451323128811,0.068));
#10349=CARTESIAN_POINT('',(-0.0125222953690492,0.0528451323128811,0.068));
#10350=CARTESIAN_POINT('',(-0.0125222953690492,0.0528451323128811,0.068));
#10351=CARTESIAN_POINT('',(-0.012141652613828,0.0534981839408484,0.068));
#10352=CARTESIAN_POINT('',(-0.0114326598780646,0.0538253178103515,0.068));
#10353=CARTESIAN_POINT('',(-0.0114326598780646,0.0538253178103515,0.068));
#10354=CARTESIAN_POINT('',(-0.0114326598780646,0.0538253178103515,0.068));
#10355=CARTESIAN_POINT('',(-0.0107236671423012,0.0541524516798547,0.068));
#10356=CARTESIAN_POINT('',(-0.00976050719937738,0.0541524516798547,0.068));
#10357=CARTESIAN_POINT('',(-0.00976050719937738,0.0541524516798547,0.068));
#10358=CARTESIAN_POINT('',(-0.00976050719937738,0.0541524516798547,0.068));
#10359=CARTESIAN_POINT('',(-0.00879491503437543,0.0541524516798547,0.068));
#10360=CARTESIAN_POINT('',(-0.00808592229861204,0.0538253178103515,0.068));
#10361=CARTESIAN_POINT('',(-0.00808592229861204,0.0538253178103515,0.068));
#10362=CARTESIAN_POINT('',(-0.00907691804465358,0.0516070637806197,0.068));
#10363=CARTESIAN_POINT('',(-0.00698777403035416,0.0528451323128811,0.068));
#10364=CARTESIAN_POINT('',(-0.00698777403035416,0.0528451323128811,0.068));
#10365=CARTESIAN_POINT('',(-0.00659861849785967,0.0521920806849137,0.068));
#10366=CARTESIAN_POINT('',(-0.00659861849785967,0.0512118951874433,0.068));
#10367=CARTESIAN_POINT('',(-0.00659861849785967,0.0512118951874433,0.068));
#10368=CARTESIAN_POINT('',(-0.00659861849785967,0.0494996108444675,0.068));
#10369=CARTESIAN_POINT('',(-0.00659861849785967,0.0477873265014918,0.068));
#10370=CARTESIAN_POINT('',(-0.00659861849785967,0.0477873265014918,0.068));
#10371=CARTESIAN_POINT('',(-0.00659861849785967,0.0468047087819432,0.068));
#10372=CARTESIAN_POINT('',(-0.00698777403035416,0.0461516571539759,0.068));
#10373=CARTESIAN_POINT('',(-0.00698777403035416,0.0461516571539759,0.068));
#10374=CARTESIAN_POINT('',(-0.00907691804465405,0.0473897256862376,0.068));
#10375=CARTESIAN_POINT('',(0.0173490400830199,0.045,0.068));
#10376=CARTESIAN_POINT('',(0.0186186600077831,0.045,0.068));
#10377=CARTESIAN_POINT('',(0.0160794201582566,0.045,0.068));
#10378=CARTESIAN_POINT('',(0.0160794201582566,0.0494983947334285,0.068));
#10379=CARTESIAN_POINT('',(0.0160794201582566,0.0539967894668569,0.068));
#10380=CARTESIAN_POINT('',(0.0173490400830199,0.0539967894668569,0.068));
#10381=CARTESIAN_POINT('',(0.0186186600077831,0.0539967894668569,0.068));
#10382=CARTESIAN_POINT('',(0.0186186600077831,0.0535456122713711,0.068));
#10383=CARTESIAN_POINT('',(0.0186186600077831,0.0530944350758853,0.068));
#10384=CARTESIAN_POINT('',(0.0186186600077831,0.0530944350758853,0.068));
#10385=CARTESIAN_POINT('',(0.0191148333117135,0.0535930406018939,0.068));
#10386=CARTESIAN_POINT('',(0.0196523543909716,0.0538727461408743,0.068));
#10387=CARTESIAN_POINT('',(0.0196523543909716,0.0538727461408743,0.068));
#10388=CARTESIAN_POINT('',(0.0207806758490977,0.0517422055023778,0.068));
#10389=CARTESIAN_POINT('',(0.0207809054352056,0.0541524516798547,0.068));
#10390=CARTESIAN_POINT('',(0.0207809054352056,0.0541524516798547,0.068));
#10391=CARTESIAN_POINT('',(0.0213427487352445,0.0541524516798547,0.068));
#10392=CARTESIAN_POINT('',(0.0217075820469581,0.0538800428071086,0.068));
#10393=CARTESIAN_POINT('',(0.0217075820469581,0.0538800428071086,0.068));
#10394=CARTESIAN_POINT('',(0.0217075820469581,0.0538800428071086,0.068));
#10395=CARTESIAN_POINT('',(0.0220724153586716,0.0536076339343624,0.068));
#10396=CARTESIAN_POINT('',(0.0222596964586847,0.0531333506291348,0.068));
#10397=CARTESIAN_POINT('',(0.0222596964586847,0.0531333506291348,0.068));
#10398=CARTESIAN_POINT('',(0.0222596964586847,0.0531333506291348,0.068));
#10399=CARTESIAN_POINT('',(0.0224469775586976,0.0526590673239071,0.068));
#10400=CARTESIAN_POINT('',(0.0224469775586976,0.0520510118043845,0.068));
#10401=CARTESIAN_POINT('',(0.0224469775586976,0.0520510118043845,0.068));
#10402=CARTESIAN_POINT('',(0.0224469775586976,0.0485255059021922,0.068));
#10403=CARTESIAN_POINT('',(0.0224469775586976,0.045,0.068));
#10404=CARTESIAN_POINT('',(0.0211858704112077,0.045,0.068));
#10405=CARTESIAN_POINT('',(0.0199247632637177,0.045,0.068));
#10406=CARTESIAN_POINT('',(0.0199247632637177,0.0483467375794526,0.068));
#10407=CARTESIAN_POINT('',(0.0199247632637177,0.0516934751589052,0.068));
#10408=CARTESIAN_POINT('',(0.0199247632637177,0.0516934751589052,0.068));
#10409=CARTESIAN_POINT('',(0.0199247632637177,0.0520193929173693,0.068));
#10410=CARTESIAN_POINT('',(0.0198165293812427,0.0521908645738747,0.068));
#10411=CARTESIAN_POINT('',(0.0198165293812427,0.0521908645738747,0.068));
#10412=CARTESIAN_POINT('',(0.0198165293812427,0.0521908645738747,0.068));
#10413=CARTESIAN_POINT('',(0.0197082954987676,0.0523623362303801,0.068));
#10414=CARTESIAN_POINT('',(0.0194115644052406,0.0523623362303801,0.068));
#10415=CARTESIAN_POINT('',(0.0194115644052406,0.0523623362303801,0.068));
#10416=CARTESIAN_POINT('',(0.0194115644052406,0.0523623362303801,0.068));
#10417=CARTESIAN_POINT('',(0.0192559021922428,0.0523623362303801,0.068));
#10418=CARTESIAN_POINT('',(0.019045514982488,0.0522772084576469,0.068));
#10419=CARTESIAN_POINT('',(0.019045514982488,0.0522772084576469,0.068));
#10420=CARTESIAN_POINT('',(0.0198419879205801,0.0503734334016573,0.068));
#10421=CARTESIAN_POINT('',(0.0186186600077831,0.0520359246023086,0.068));
#10422=CARTESIAN_POINT('',(0.0186186600077831,0.048518209235958,0.068));
#10423=CARTESIAN_POINT('',(0.00600029186664935,0.0452334933194967,0.068));
#10424=CARTESIAN_POINT('',(0.00526089635490983,0.0448127188999871,0.068));
#10425=CARTESIAN_POINT('',(0.00424909197042415,0.0448127188999871,0.068));
#10426=CARTESIAN_POINT('',(0.00600029186664935,0.0452334933194967,0.068));
#10427=CARTESIAN_POINT('',(0.00424909197042415,0.0448127188999871,0.068));
#10428=CARTESIAN_POINT('',(0.00424909197042415,0.0448127188999871,0.068));
#10429=CARTESIAN_POINT('',(0.00306703204047215,0.0448127188999871,0.068));
#10430=CARTESIAN_POINT('',(0.00227291153197559,0.0452334933194967,0.068));
#10431=CARTESIAN_POINT('',(0.00227291153197559,0.0452334933194967,0.068));
#10432=CARTESIAN_POINT('',(0.00227291153197559,0.0452334933194967,0.068));
#10433=CARTESIAN_POINT('',(0.00147879102347902,0.0456542677390064,0.068));
#10434=CARTESIAN_POINT('',(0.00107382604747695,0.0465335160202361,0.068));
#10435=CARTESIAN_POINT('',(0.00107382604747695,0.0465335160202361,0.068));
#10436=CARTESIAN_POINT('',(0.00107382604747695,0.0465335160202361,0.068));
#10437=CARTESIAN_POINT('',(0.000668861071474874,0.0474127643014658,0.068));
#10438=CARTESIAN_POINT('',(0.000622648851991155,0.048813724218446,0.068));
#10439=CARTESIAN_POINT('',(0.000622648851991153,0.048813724218446,0.068));
#10440=CARTESIAN_POINT('',(0.00181322155921648,0.0489924925411856,0.068));
#10441=CARTESIAN_POINT('',(0.0030037942664418,0.0491712608639253,0.068));
#10442=CARTESIAN_POINT('',(0.0030037942664418,0.0491712608639253,0.068));
#10443=CARTESIAN_POINT('',(0.00301838759891034,0.0483613309119211,0.068));
#10444=CARTESIAN_POINT('',(0.00315094370216628,0.0478639414969516,0.068));
#10445=CARTESIAN_POINT('',(0.00315094370216628,0.0478639414969516,0.068));
#10446=CARTESIAN_POINT('',(0.00315094370216628,0.0478639414969516,0.068));
#10447=CARTESIAN_POINT('',(0.00328349980542221,0.0473665520819821,0.068));
#10448=CARTESIAN_POINT('',(0.00352550590219221,0.047148868205993,0.068));
#10449=CARTESIAN_POINT('',(0.00352550590219221,0.047148868205993,0.068));
#10450=CARTESIAN_POINT('',(0.0040884030424963,0.0477708190811202,0.068));
#10451=CARTESIAN_POINT('',(0.00410802308989491,0.0469311843300039,0.068));
#10452=CARTESIAN_POINT('',(0.00410802308989491,0.0469311843300039,0.068));
#10453=CARTESIAN_POINT('',(0.0045458230639512,0.0469311843300039,0.068));
#10454=CARTESIAN_POINT('',(0.00467716305616809,0.0472266993124919,0.068));
#10455=CARTESIAN_POINT('',(0.00467716305616809,0.0472266993124919,0.068));
#10456=CARTESIAN_POINT('',(0.00329606680750795,0.0478429660213632,0.068));
#10457=CARTESIAN_POINT('',(0.00480850304838498,0.047848132053444,0.068));
#10458=CARTESIAN_POINT('',(0.00480850304838498,0.047848132053444,0.068));
#10459=CARTESIAN_POINT('',(0.00480850304838498,0.048626443118433,0.068));
#10460=CARTESIAN_POINT('',(0.00443515695939808,0.049163964197691,0.068));
#10461=CARTESIAN_POINT('',(0.00443515695939808,0.049163964197691,0.068));
#10462=CARTESIAN_POINT('',(0.00443515695939808,0.049163964197691,0.068));
#10463=CARTESIAN_POINT('',(0.00406181087041118,0.049701485276949,0.068));
#10464=CARTESIAN_POINT('',(0.00342456868595146,0.0502463030224413,0.068));
#10465=CARTESIAN_POINT('',(0.00342456868595146,0.0502463030224413,0.068));
#10466=CARTESIAN_POINT('',(0.00287975094045917,0.050720586327669,0.068));
#10467=CARTESIAN_POINT('',(0.00233506946482133,0.0511950315903875,0.068));
#10468=CARTESIAN_POINT('',(0.0062484666034853,0.0558461261711967,0.068));
#10469=CARTESIAN_POINT('',(0.00112733493319494,0.0525727234401349,0.068));
#10470=CARTESIAN_POINT('',(0.00112733493319494,0.0525727234401349,0.068));
#10471=CARTESIAN_POINT('',(0.000637242184459694,0.0533425217278506,0.068));
#10472=CARTESIAN_POINT('',(0.000637242184459694,0.0544808016603969,0.068));
#10473=CARTESIAN_POINT('',(0.000637242184459694,0.0544808016603969,0.068));
#10474=CARTESIAN_POINT('',(0.000637242184459694,0.0544808016603969,0.068));
#10475=CARTESIAN_POINT('',(0.000637242184459694,0.0560836360098586,0.068));
#10476=CARTESIAN_POINT('',(0.00158702490595406,0.0569312654040732,0.068));
#10477=CARTESIAN_POINT('',(0.00158702490595406,0.0569312654040732,0.068));
#10478=CARTESIAN_POINT('',(0.00158702490595406,0.0569312654040732,0.068));
#10479=CARTESIAN_POINT('',(0.00253680762744842,0.0577788947982877,0.068));
#10480=CARTESIAN_POINT('',(0.00417126086392526,0.0577788947982877,0.068));
#10481=CARTESIAN_POINT('',(0.00417126086392526,0.0577788947982877,0.068));
#10482=CARTESIAN_POINT('',(0.00417126086392526,0.0577788947982877,0.068));
#10483=CARTESIAN_POINT('',(0.00518306524841092,0.0577788947982877,0.068));
#10484=CARTESIAN_POINT('',(0.00579841743416783,0.057437167596316,0.068));
#10485=CARTESIAN_POINT('',(0.00579841743416783,0.057437167596316,0.068));
#10486=CARTESIAN_POINT('',(0.00579841743416783,0.057437167596316,0.068));
#10487=CARTESIAN_POINT('',(0.00641376961992474,0.0570954403943443,0.068));
#10488=CARTESIAN_POINT('',(0.0067323907121546,0.0565421098715787,0.068));
#10489=CARTESIAN_POINT('',(0.0067323907121546,0.0565421098715787,0.068));
#10490=CARTESIAN_POINT('',(0.00351955559002248,0.0546778517019521,0.068));
#10491=CARTESIAN_POINT('',(0.00716761261916896,0.0553746140886328,0.068));
#10492=CARTESIAN_POINT('',(-2.60497608932867E-5,0.0539704727134378,0.068));
#10493=CARTESIAN_POINT('',(0.00729953318505034,0.0541987173025596,0.068));
#10494=CARTESIAN_POINT('',(0.0061012290828901,0.054051514463614,0.068));
#10495=CARTESIAN_POINT('',(0.00490335970943051,0.0539043650278895,0.068));
#10496=CARTESIAN_POINT('',(-0.00522875090090594,0.0536695448375598,0.068));
#10497=CARTESIAN_POINT('',(0.00483282526916588,0.0548760377480867,0.068));
#10498=CARTESIAN_POINT('',(0.00483282526916588,0.0548760377480867,0.068));
#10499=CARTESIAN_POINT('',(0.00477931638344789,0.055288299390323,0.068));
#10500=CARTESIAN_POINT('',(0.00460784472694251,0.0555144960435854,0.068));
#10501=CARTESIAN_POINT('',(0.00460784472694251,0.0555144960435854,0.068));
#10502=CARTESIAN_POINT('',(0.00460784472694251,0.0555144960435854,0.068));
#10503=CARTESIAN_POINT('',(0.00443637307043713,0.0557406926968478,0.068));
#10504=CARTESIAN_POINT('',(0.00407883642495782,0.0557406926968478,0.068));
#10505=CARTESIAN_POINT('',(0.00407883642495782,0.0557406926968478,0.068));
#10506=CARTESIAN_POINT('',(0.00407883642495782,0.0557406926968478,0.068));
#10507=CARTESIAN_POINT('',(0.00368968089246334,0.0557406926968478,0.068));
#10508=CARTESIAN_POINT('',(0.00350969645868463,0.0554135588273447,0.068));
#10509=CARTESIAN_POINT('',(0.00350969645868463,0.0554135588273447,0.068));
#10510=CARTESIAN_POINT('',(0.00350969645868463,0.0554135588273447,0.068));
#10511=CARTESIAN_POINT('',(0.00332971202490593,0.0550864249578415,0.068));
#10512=CARTESIAN_POINT('',(0.00332971202490593,0.0547605071993774,0.068));
#10513=CARTESIAN_POINT('',(0.00332971202490593,0.0547605071993774,0.068));
#10514=CARTESIAN_POINT('',(0.00332971202490593,0.0547605071993774,0.068));
#10515=CARTESIAN_POINT('',(0.00332971202490593,0.0540600272408873,0.068));
#10516=CARTESIAN_POINT('',(0.00366535867168243,0.0536161467116358,0.068));
#10517=CARTESIAN_POINT('',(0.00366535867168243,0.0536161467116358,0.068));
#10518=CARTESIAN_POINT('',(0.00366535867168243,0.0536161467116358,0.068));
#10519=CARTESIAN_POINT('',(0.00400100531845892,0.0531722661823842,0.068));
#10520=CARTESIAN_POINT('',(0.0045458230639512,0.0526906862109223,0.068));
#10521=CARTESIAN_POINT('',(0.0045458230639512,0.0526906862109223,0.068));
#10522=CARTESIAN_POINT('',(0.00506631858866258,0.0522309962381632,0.068));
#10523=CARTESIAN_POINT('',(0.00558666784409786,0.0517711324201679,0.068));
#10524=CARTESIAN_POINT('',(0.00104226186250195,0.0463699753729686,0.068));
#10525=CARTESIAN_POINT('',(0.00698169347515888,0.050183065248411,0.068));
#10526=CARTESIAN_POINT('',(0.00698169347515888,0.050183065248411,0.068));
#10527=CARTESIAN_POINT('',(0.00754961733039302,0.0492953041899079,0.068));
#10528=CARTESIAN_POINT('',(0.00754961733039302,0.0479892009339733,0.068));
#10529=CARTESIAN_POINT('',(0.00754961733039302,0.0479892009339733,0.068));
#10530=CARTESIAN_POINT('',(0.00754961733039302,0.0479892009339733,0.068));
#10531=CARTESIAN_POINT('',(0.00754961733039302,0.0471014398754702,0.068));
#10532=CARTESIAN_POINT('',(0.00714465235439095,0.0463778538072383,0.068));
#10533=CARTESIAN_POINT('',(0.00714465235439095,0.0463778538072383,0.068));
#10534=CARTESIAN_POINT('',(0.00456088395760982,0.0478199423404468,0.068));
#10535=CARTESIAN_POINT('',(-0.00390006810221822,0.045,0.068));
#10536=CARTESIAN_POINT('',(-0.00263166428849399,0.045,0.068));
#10537=CARTESIAN_POINT('',(-0.00516847191594243,0.045,0.068));
#10538=CARTESIAN_POINT('',(-0.00516847191594243,0.0494983947334285,0.068));
#10539=CARTESIAN_POINT('',(-0.00516847191594243,0.0539967894668569,0.068));
#10540=CARTESIAN_POINT('',(-0.00390006810221822,0.0539967894668569,0.068));
#10541=CARTESIAN_POINT('',(-0.00263166428849399,0.0539967894668569,0.068));
#10542=CARTESIAN_POINT('',(-0.00263166428849399,0.0532500972888831,0.068));
#10543=CARTESIAN_POINT('',(-0.00263166428849399,0.0525034051109093,0.068));
#10544=CARTESIAN_POINT('',(-0.00263166428849399,0.0525034051109093,0.068));
#10545=CARTESIAN_POINT('',(-0.00219386431443769,0.0532817161758983,0.068));
#10546=CARTESIAN_POINT('',(-0.00175849656245949,0.0536939778181347,0.068));
#10547=CARTESIAN_POINT('',(-0.00175849656245949,0.0536939778181347,0.068));
#10548=CARTESIAN_POINT('',(-0.00175849656245949,0.0536939778181347,0.068));
#10549=CARTESIAN_POINT('',(-0.00132312881048128,0.054106239460371,0.068));
#10550=CARTESIAN_POINT('',(-0.000700479958490104,0.054106239460371,0.068));
#10551=CARTESIAN_POINT('',(-0.000700479958490104,0.054106239460371,0.068));
#10552=CARTESIAN_POINT('',(-0.000684988853480196,0.051241184743935,0.068));
#10553=CARTESIAN_POINT('',(-0.000482796869700377,0.054098926822575,0.068));
#10554=CARTESIAN_POINT('',(-0.000521205632703747,0.0535286248566587,0.068));
#10555=CARTESIAN_POINT('',(-0.000311324425995615,0.0540601640465465,0.068));
#10556=CARTESIAN_POINT('',(-0.000311324425995615,0.0527989200933973,0.068));
#10557=CARTESIAN_POINT('',(-0.000311324425995615,0.0515380612333454,0.068));
#10558=CARTESIAN_POINT('',(-0.00126132753369269,0.0494148046095726,0.068));
#10559=CARTESIAN_POINT('',(-0.000691973091008019,0.0516703444912218,0.068));
#10560=CARTESIAN_POINT('',(-0.00112583104400239,0.0499675463586138,0.068));
#10561=CARTESIAN_POINT('',(-0.00113584745121108,0.0517250029957632,0.068));
#10562=CARTESIAN_POINT('',(-0.00114115288267425,0.0502239412570588,0.068));
#10563=CARTESIAN_POINT('',(-0.00194577766247246,0.0514916007264237,0.068));
#10564=CARTESIAN_POINT('',(-0.00194577766247246,0.0514916007264237,0.068));
#10565=CARTESIAN_POINT('',(-0.0023203398624984,0.051258107406927,0.068));
#10566=CARTESIAN_POINT('',(-0.00263166428849399,0.0508519263198859,0.068));
#10567=CARTESIAN_POINT('',(-0.00263166428849399,0.0508519263198859,0.068));
#10568=CARTESIAN_POINT('',(-0.00263166428849399,0.0479259631599429,0.068));
#10569=CARTESIAN_POINT('',(-0.0154334669626825,0.0533143246945576,0.068));
#10570=CARTESIAN_POINT('',(-0.0145544313357167,0.0449539353522854,0.068));
#10571=CARTESIAN_POINT('',(-0.0154421779737969,0.0449075755610325,0.068));
#10572=CARTESIAN_POINT('',(-0.0154421779737969,0.0449075755610325,0.068));
#10573=CARTESIAN_POINT('',(-0.0164539823582826,0.0449075755610325,0.068));
#10574=CARTESIAN_POINT('',(-0.0170060967700091,0.0452030905435206,0.068));
#10575=CARTESIAN_POINT('',(-0.0170060967700091,0.0452030905435206,0.068));
#10576=CARTESIAN_POINT('',(-0.0170060967700091,0.0452030905435206,0.068));
#10577=CARTESIAN_POINT('',(-0.0175582111817357,0.0454986055260086,0.068));
#10578=CARTESIAN_POINT('',(-0.0177613017252562,0.0460665293812427,0.068));
#10579=CARTESIAN_POINT('',(-0.0177613017252562,0.0460665293812427,0.068));
#10580=CARTESIAN_POINT('',(-0.0177613017252562,0.0460665293812427,0.068));
#10581=CARTESIAN_POINT('',(-0.0179643922687768,0.0466344532364768,0.068));
#10582=CARTESIAN_POINT('',(-0.0179643922687768,0.047444383188481,0.068));
#10583=CARTESIAN_POINT('',(-0.0179643922687768,0.047444383188481,0.068));
#10584=CARTESIAN_POINT('',(-0.0179643922687768,0.049887550265923,0.068));
#10585=CARTESIAN_POINT('',(-0.0179643922687768,0.0523307173433649,0.068));
#10586=CARTESIAN_POINT('',(-0.018399760020755,0.0523307173433649,0.068));
#10587=CARTESIAN_POINT('',(-0.0188351277727332,0.0523307173433649,0.068));
#10588=CARTESIAN_POINT('',(-0.0188351277727332,0.0531637534051109,0.068));
#10589=CARTESIAN_POINT('',(-0.0188351277727332,0.0539967894668569,0.068));
#10590=CARTESIAN_POINT('',(-0.018399760020755,0.0539967894668569,0.068));
#10591=CARTESIAN_POINT('',(-0.0179643922687768,0.0539967894668569,0.068));
#10592=CARTESIAN_POINT('',(-0.0179643922687768,0.0553673466078609,0.068));
#10593=CARTESIAN_POINT('',(-0.0179643922687768,0.056737903748865,0.068));
#10594=CARTESIAN_POINT('',(-0.016680179011545,0.056737903748865,0.068));
#10595=CARTESIAN_POINT('',(-0.0153959657543132,0.056737903748865,0.068));
#10596=CARTESIAN_POINT('',(-0.0153959657543132,0.0553673466078609,0.068));
#10597=CARTESIAN_POINT('',(-0.0153959657543132,0.0539967894668569,0.068));
#10598=CARTESIAN_POINT('',(-0.0147575074588144,0.0539967894668569,0.068));
#10599=CARTESIAN_POINT('',(-0.0141190491633156,0.0539967894668569,0.068));
#10600=CARTESIAN_POINT('',(-0.0141190491633156,0.0531637534051109,0.068));
#10601=CARTESIAN_POINT('',(-0.0141190491633156,0.0523307173433649,0.068));
#10602=CARTESIAN_POINT('',(-0.0147575074588144,0.0523307173433649,0.068));
#10603=CARTESIAN_POINT('',(-0.0153959657543132,0.0523307173433649,0.068));
#10604=CARTESIAN_POINT('',(-0.0153959657543132,0.0500115935919056,0.068));
#10605=CARTESIAN_POINT('',(-0.0153959657543132,0.0476924698404462,0.068));
#10606=CARTESIAN_POINT('',(-0.0153959657543132,0.0476924698404462,0.068));
#10607=CARTESIAN_POINT('',(-0.0153959657543132,0.0473033143079518,0.068));
#10608=CARTESIAN_POINT('',(-0.0151697691010507,0.0471318426514464,0.068));
#10609=CARTESIAN_POINT('',(-0.0151697691010507,0.0471318426514464,0.068));
#10610=CARTESIAN_POINT('',(-0.0151697691010507,0.0471318426514464,0.068));
#10611=CARTESIAN_POINT('',(-0.0149435724477883,0.046960370994941,0.068));
#10612=CARTESIAN_POINT('',(-0.0146006291347776,0.046960370994941,0.068));
#10613=CARTESIAN_POINT('',(-0.0146006291347776,0.046960370994941,0.068));
#10614=CARTESIAN_POINT('',(-0.0145848315833288,0.0496329939041111,0.068));
#10615=CARTESIAN_POINT('',(-0.0142272711144863,0.0469846067087634,0.068));
#10616=CARTESIAN_POINT('',(-0.0129743023330664,0.038278084728777,0.068));
#10617=CARTESIAN_POINT('',(-0.0139171747308341,0.0470236622114531,0.068));
#10618=CARTESIAN_POINT('',(-0.0139171747308341,0.0460276138279933,0.068));
#10619=CARTESIAN_POINT('',(-0.0139171747308341,0.0450311302080652,0.068));
#10620=CARTESIAN_POINT('',(-0.0160684446447791,0.0601634330491402,0.068));
#10621=CARTESIAN_POINT('',(0.0357111006615644,0.045537521079258,0.068));
#10622=CARTESIAN_POINT('',(0.0349169801530679,0.0448443377870022,0.068));
#10623=CARTESIAN_POINT('',(0.0335160202360876,0.0448443377870022,0.068));
#10624=CARTESIAN_POINT('',(0.0357111006615644,0.045537521079258,0.068));
#10625=CARTESIAN_POINT('',(0.0335160202360876,0.0448443377870022,0.068));
#10626=CARTESIAN_POINT('',(0.0335160202360876,0.0448443377870022,0.068));
#10627=CARTESIAN_POINT('',(0.0325358347386172,0.0448443377870022,0.068));
#10628=CARTESIAN_POINT('',(0.0318353547801271,0.0451945777662472,0.068));
#10629=CARTESIAN_POINT('',(0.0318353547801271,0.0451945777662472,0.068));
#10630=CARTESIAN_POINT('',(0.0329065999776384,0.0473901097424274,0.068));
#10631=CARTESIAN_POINT('',(0.0307615287326501,0.0462221915942405,0.068));
#10632=CARTESIAN_POINT('',(0.0307615287326501,0.0462221915942405,0.068));
#10633=CARTESIAN_POINT('',(0.0303881826436633,0.0468995654429887,0.068));
#10634=CARTESIAN_POINT('',(0.0303881826436633,0.047848132053444,0.068));
#10635=CARTESIAN_POINT('',(0.0303881826436633,0.047848132053444,0.068));
#10636=CARTESIAN_POINT('',(0.0303881826436633,0.0494983947334285,0.068));
#10637=CARTESIAN_POINT('',(0.0303881826436633,0.0511486574134129,0.068));
#10638=CARTESIAN_POINT('',(0.0303881826436633,0.0511486574134129,0.068));
#10639=CARTESIAN_POINT('',(0.0303881826436633,0.0521142495784148,0.068));
#10640=CARTESIAN_POINT('',(0.0307615287326501,0.0527831106498897,0.068));
#10641=CARTESIAN_POINT('',(0.0307615287326501,0.0527831106498897,0.068));
#10642=CARTESIAN_POINT('',(0.0307615287326501,0.0527831106498897,0.068));
#10643=CARTESIAN_POINT('',(0.031134874821637,0.0534519717213646,0.068));
#10644=CARTESIAN_POINT('',(0.0318426514463614,0.0538022117006097,0.068));
#10645=CARTESIAN_POINT('',(0.0318426514463614,0.0538022117006097,0.068));
#10646=CARTESIAN_POINT('',(0.0318426514463614,0.0538022117006097,0.068));
#10647=CARTESIAN_POINT('',(0.0325504280710857,0.0541524516798547,0.068));
#10648=CARTESIAN_POINT('',(0.0335160202360876,0.0541524516798547,0.068));
#10649=CARTESIAN_POINT('',(0.0335160202360876,0.0541524516798547,0.068));
#10650=CARTESIAN_POINT('',(0.0335160202360876,0.0541524516798547,0.068));
#10651=CARTESIAN_POINT('',(0.0345132312881048,0.0541524516798547,0.068));
#10652=CARTESIAN_POINT('',(0.0351747956933454,0.053810724477883,0.068));
#10653=CARTESIAN_POINT('',(0.0351747956933454,0.053810724477883,0.068));
#10654=CARTESIAN_POINT('',(0.0341664935591658,0.0518225951188641,0.068));
#10655=CARTESIAN_POINT('',(0.0361707906343235,0.0527989200933973,0.068));
#10656=CARTESIAN_POINT('',(0.0361707906343235,0.0527989200933973,0.068));
#10657=CARTESIAN_POINT('',(0.0365052211700609,0.0521288429108834,0.068));
#10658=CARTESIAN_POINT('',(0.0365052211700609,0.0511486574134129,0.068));
#10659=CARTESIAN_POINT('',(0.0365052211700609,0.0511486574134129,0.068));
#10660=CARTESIAN_POINT('',(0.0365052211700609,0.0502463030224413,0.068));
#10661=CARTESIAN_POINT('',(0.0365052211700609,0.0493439486314697,0.068));
#10662=CARTESIAN_POINT('',(0.0346992962770788,0.0493439486314697,0.068));
#10663=CARTESIAN_POINT('',(0.0328933713840965,0.0493439486314697,0.068));
#10664=CARTESIAN_POINT('',(0.0328933713840965,0.0484792936827085,0.068));
#10665=CARTESIAN_POINT('',(0.0328933713840965,0.0476146387339473,0.068));
#10666=CARTESIAN_POINT('',(0.0328933713840965,0.0476146387339473,0.068));
#10667=CARTESIAN_POINT('',(0.0328933713840965,0.0472716954209366,0.068));
#10668=CARTESIAN_POINT('',(0.0329712024905954,0.0470540115449475,0.068));
#10669=CARTESIAN_POINT('',(0.0329712024905954,0.0470540115449475,0.068));
#10670=CARTESIAN_POINT('',(0.0329712024905954,0.0470540115449475,0.068));
#10671=CARTESIAN_POINT('',(0.0330490335970943,0.0468363276689584,0.068));
#10672=CARTESIAN_POINT('',(0.0331888863665845,0.0467426871189519,0.068));
#10673=CARTESIAN_POINT('',(0.0331888863665845,0.0467426871189519,0.068));
#10674=CARTESIAN_POINT('',(0.0335017319233646,0.047223483550446,0.068));
#10675=CARTESIAN_POINT('',(0.0335160223859016,0.0466493373611374,0.068));
#10676=CARTESIAN_POINT('',(0.0335284327914381,0.04729766576241,0.068));
#10677=CARTESIAN_POINT('',(0.0338504507718251,0.0467353904527176,0.068));
#10678=CARTESIAN_POINT('',(0.0338504507718251,0.0467353904527176,0.068));
#10679=CARTESIAN_POINT('',(0.0339976002075496,0.0468217343364898,0.068));
#10680=CARTESIAN_POINT('',(0.0340839440913218,0.0470077993254637,0.068));
#10681=CARTESIAN_POINT('',(0.0340839440913218,0.0470077993254637,0.068));
#10682=CARTESIAN_POINT('',(0.0340839440913218,0.0470077993254637,0.068));
#10683=CARTESIAN_POINT('',(0.034170287975094,0.0471938643144377,0.068));
#10684=CARTESIAN_POINT('',(0.034170287975094,0.0475222142949799,0.068));
#10685=CARTESIAN_POINT('',(0.034170287975094,0.0475222142949799,0.068));
#10686=CARTESIAN_POINT('',(0.034170287975094,0.0479964976002076,0.068));
#10687=CARTESIAN_POINT('',(0.034170287975094,0.0484707809054352,0.068));
#10688=CARTESIAN_POINT('',(0.0353377545725775,0.0484707809054352,0.068));
#10689=CARTESIAN_POINT('',(0.0365052211700609,0.0484707809054352,0.068));
#10690=CARTESIAN_POINT('',(0.0365052211700609,0.048035413153457,0.068));
#10691=CARTESIAN_POINT('',(0.0365052211700609,0.0476000454014788,0.068));
#10692=CARTESIAN_POINT('',(0.0365052211700609,0.0476000454014788,0.068));
#10693=CARTESIAN_POINT('',(0.0365052211700609,0.0462307043715138,0.068));
#10694=CARTESIAN_POINT('',(0.0357111006615644,0.045537521079258,0.068));
#10695=CARTESIAN_POINT('',(-2.77555756156289E-17,0.045,0.068));
#10696=CARTESIAN_POINT('',(0.0615000000000024,0.045,0.068));
#10697=CARTESIAN_POINT('',(0.0139013652873265,0.045537521079258,0.068));
#10698=CARTESIAN_POINT('',(0.0131072447788299,0.0448443377870022,0.068));
#10699=CARTESIAN_POINT('',(0.0117062848618498,0.0448443377870022,0.068));
#10700=CARTESIAN_POINT('',(0.0139013652873265,0.045537521079258,0.068));
#10701=CARTESIAN_POINT('',(0.0117062848618498,0.0448443377870022,0.068));
#10702=CARTESIAN_POINT('',(0.0117062848618498,0.0448443377870022,0.068));
#10703=CARTESIAN_POINT('',(0.0107260993643793,0.0448443377870022,0.068));
#10704=CARTESIAN_POINT('',(0.0100256194058892,0.0451945777662472,0.068));
#10705=CARTESIAN_POINT('',(0.0100256194058892,0.0451945777662472,0.068));
#10706=CARTESIAN_POINT('',(0.0110968646034004,0.0473901097424274,0.068));
#10707=CARTESIAN_POINT('',(0.00895179335841222,0.0462221915942405,0.068));
#10708=CARTESIAN_POINT('',(0.00895179335841222,0.0462221915942405,0.068));
#10709=CARTESIAN_POINT('',(0.00857844726942533,0.0468995654429887,0.068));
#10710=CARTESIAN_POINT('',(0.00857844726942533,0.047848132053444,0.068));
#10711=CARTESIAN_POINT('',(0.00857844726942533,0.047848132053444,0.068));
#10712=CARTESIAN_POINT('',(0.00857844726942533,0.0494983947334285,0.068));
#10713=CARTESIAN_POINT('',(0.00857844726942533,0.0511486574134129,0.068));
#10714=CARTESIAN_POINT('',(0.00857844726942533,0.0511486574134129,0.068));
#10715=CARTESIAN_POINT('',(0.00857844726942533,0.0521142495784148,0.068));
#10716=CARTESIAN_POINT('',(0.00895179335841222,0.0527831106498897,0.068));
#10717=CARTESIAN_POINT('',(0.00895179335841222,0.0527831106498897,0.068));
#10718=CARTESIAN_POINT('',(0.00895179335841222,0.0527831106498897,0.068));
#10719=CARTESIAN_POINT('',(0.00932513944739912,0.0534519717213646,0.068));
#10720=CARTESIAN_POINT('',(0.0100329160721235,0.0538022117006097,0.068));
#10721=CARTESIAN_POINT('',(0.0100329160721235,0.0538022117006097,0.068));
#10722=CARTESIAN_POINT('',(0.0100329160721235,0.0538022117006097,0.068));
#10723=CARTESIAN_POINT('',(0.0107406926968478,0.0541524516798547,0.068));
#10724=CARTESIAN_POINT('',(0.0117062848618498,0.0541524516798547,0.068));
#10725=CARTESIAN_POINT('',(0.0117062848618498,0.0541524516798547,0.068));
#10726=CARTESIAN_POINT('',(0.0117062848618498,0.0541524516798547,0.068));
#10727=CARTESIAN_POINT('',(0.0127034959138669,0.0541524516798547,0.068));
#10728=CARTESIAN_POINT('',(0.0133650603191075,0.053810724477883,0.068));
#10729=CARTESIAN_POINT('',(0.0133650603191075,0.053810724477883,0.068));
#10730=CARTESIAN_POINT('',(0.0123567581849278,0.0518225951188641,0.068));
#10731=CARTESIAN_POINT('',(0.0143610552600856,0.0527989200933973,0.068));
#10732=CARTESIAN_POINT('',(0.0143610552600856,0.0527989200933973,0.068));
#10733=CARTESIAN_POINT('',(0.014695485795823,0.0521288429108834,0.068));
#10734=CARTESIAN_POINT('',(0.014695485795823,0.0511486574134129,0.068));
#10735=CARTESIAN_POINT('',(0.014695485795823,0.0511486574134129,0.068));
#10736=CARTESIAN_POINT('',(0.014695485795823,0.0502463030224413,0.068));
#10737=CARTESIAN_POINT('',(0.014695485795823,0.0493439486314697,0.068));
#10738=CARTESIAN_POINT('',(0.0128895609028408,0.0493439486314697,0.068));
#10739=CARTESIAN_POINT('',(0.0110836360098586,0.0493439486314697,0.068));
#10740=CARTESIAN_POINT('',(0.0110836360098586,0.0484792936827085,0.068));
#10741=CARTESIAN_POINT('',(0.0110836360098586,0.0476146387339473,0.068));
#10742=CARTESIAN_POINT('',(0.0110836360098586,0.0476146387339473,0.068));
#10743=CARTESIAN_POINT('',(0.0110836360098586,0.0472716954209366,0.068));
#10744=CARTESIAN_POINT('',(0.0111614671163575,0.0470540115449475,0.068));
#10745=CARTESIAN_POINT('',(0.0111614671163575,0.0470540115449475,0.068));
#10746=CARTESIAN_POINT('',(0.0111614671163575,0.0470540115449475,0.068));
#10747=CARTESIAN_POINT('',(0.0112392982228564,0.0468363276689584,0.068));
#10748=CARTESIAN_POINT('',(0.0113791509923466,0.0467426871189519,0.068));
#10749=CARTESIAN_POINT('',(0.0113791509923466,0.0467426871189519,0.068));
#10750=CARTESIAN_POINT('',(0.0116919965491267,0.047223483550446,0.068));
#10751=CARTESIAN_POINT('',(0.0117062870116637,0.0466493373611374,0.068));
#10752=CARTESIAN_POINT('',(0.0117186974171965,0.04729766576242,0.068));
#10753=CARTESIAN_POINT('',(0.0120407153975872,0.0467353904527176,0.068));
#10754=CARTESIAN_POINT('',(0.0120407153975872,0.0467353904527176,0.068));
#10755=CARTESIAN_POINT('',(0.0121878648333117,0.0468217343364898,0.068));
#10756=CARTESIAN_POINT('',(0.0122742087170839,0.0470077993254637,0.068));
#10757=CARTESIAN_POINT('',(0.0122742087170839,0.0470077993254637,0.068));
#10758=CARTESIAN_POINT('',(0.0122742087170839,0.0470077993254637,0.068));
#10759=CARTESIAN_POINT('',(0.0123605526008561,0.0471938643144377,0.068));
#10760=CARTESIAN_POINT('',(0.0123605526008561,0.0475222142949799,0.068));
#10761=CARTESIAN_POINT('',(0.0123605526008561,0.0475222142949799,0.068));
#10762=CARTESIAN_POINT('',(0.0123605526008561,0.0479964976002076,0.068));
#10763=CARTESIAN_POINT('',(0.0123605526008561,0.0484707809054352,0.068));
#10764=CARTESIAN_POINT('',(0.0135280191983396,0.0484707809054352,0.068));
#10765=CARTESIAN_POINT('',(0.014695485795823,0.0484707809054352,0.068));
#10766=CARTESIAN_POINT('',(0.014695485795823,0.048035413153457,0.068));
#10767=CARTESIAN_POINT('',(0.014695485795823,0.0476000454014788,0.068));
#10768=CARTESIAN_POINT('',(0.014695485795823,0.0476000454014788,0.068));
#10769=CARTESIAN_POINT('',(0.014695485795823,0.0462307043715138,0.068));
#10770=CARTESIAN_POINT('',(0.0139013652873265,0.045537521079258,0.068));
#10771=CARTESIAN_POINT('',(-0.0211153359709431,0.0451714716565054,0.068));
#10772=CARTESIAN_POINT('',(-0.0218243287067065,0.0448443377870022,0.068));
#10773=CARTESIAN_POINT('',(-0.0227899208717084,0.0448443377870022,0.068));
#10774=CARTESIAN_POINT('',(-0.0211153359709431,0.0451714716565054,0.068));
#10775=CARTESIAN_POINT('',(-0.0227899208717084,0.0448443377870022,0.068));
#10776=CARTESIAN_POINT('',(-0.0227899208717084,0.0448443377870022,0.068));
#10777=CARTESIAN_POINT('',(-0.0237530808146323,0.0448443377870022,0.068));
#10778=CARTESIAN_POINT('',(-0.0244620735503957,0.0451714716565054,0.068));
#10779=CARTESIAN_POINT('',(-0.0244620735503957,0.0451714716565054,0.068));
#10780=CARTESIAN_POINT('',(-0.0244620735503957,0.0451714716565054,0.068));
#10781=CARTESIAN_POINT('',(-0.0251710662861591,0.0454986055260086,0.068));
#10782=CARTESIAN_POINT('',(-0.0255517090413802,0.0461516571539759,0.068));
#10783=CARTESIAN_POINT('',(-0.0255517090413802,0.0461516571539759,0.068));
#10784=CARTESIAN_POINT('',(-0.0255517090413802,0.0461516571539759,0.068));
#10785=CARTESIAN_POINT('',(-0.0259323517966014,0.0468047087819432,0.068));
#10786=CARTESIAN_POINT('',(-0.0259323517966014,0.0477873265014918,0.068));
#10787=CARTESIAN_POINT('',(-0.0259323517966014,0.0477873265014918,0.068));
#10788=CARTESIAN_POINT('',(-0.0259323517966014,0.0494996108444675,0.068));
#10789=CARTESIAN_POINT('',(-0.0259323517966014,0.0512118951874433,0.068));
#10790=CARTESIAN_POINT('',(-0.0259323517966014,0.0512118951874433,0.068));
#10791=CARTESIAN_POINT('',(-0.0259323517966014,0.0521920806849137,0.068));
#10792=CARTESIAN_POINT('',(-0.0255517090413802,0.0528451323128811,0.068));
#10793=CARTESIAN_POINT('',(-0.0255517090413802,0.0528451323128811,0.068));
#10794=CARTESIAN_POINT('',(-0.0255517090413802,0.0528451323128811,0.068));
#10795=CARTESIAN_POINT('',(-0.0251710662861591,0.0534981839408484,0.068));
#10796=CARTESIAN_POINT('',(-0.0244620735503957,0.0538253178103515,0.068));
#10797=CARTESIAN_POINT('',(-0.0244620735503957,0.0538253178103515,0.068));
#10798=CARTESIAN_POINT('',(-0.0244620735503957,0.0538253178103515,0.068));
#10799=CARTESIAN_POINT('',(-0.0237530808146323,0.0541524516798547,0.068));
#10800=CARTESIAN_POINT('',(-0.0227899208717084,0.0541524516798547,0.068));
#10801=CARTESIAN_POINT('',(-0.0227899208717084,0.0541524516798547,0.068));
#10802=CARTESIAN_POINT('',(-0.0227899208717084,0.0541524516798547,0.068));
#10803=CARTESIAN_POINT('',(-0.0218243287067065,0.0541524516798547,0.068));
#10804=CARTESIAN_POINT('',(-0.0211153359709431,0.0538253178103515,0.068));
#10805=CARTESIAN_POINT('',(-0.0211153359709431,0.0538253178103515,0.068));
#10806=CARTESIAN_POINT('',(-0.0221063317169846,0.0516070637806197,0.068));
#10807=CARTESIAN_POINT('',(-0.0200171877026852,0.0528451323128811,0.068));
#10808=CARTESIAN_POINT('',(-0.0200171877026852,0.0528451323128811,0.068));
#10809=CARTESIAN_POINT('',(-0.0196280321701907,0.0521920806849137,0.068));
#10810=CARTESIAN_POINT('',(-0.0196280321701907,0.0512118951874433,0.068));
#10811=CARTESIAN_POINT('',(-0.0196280321701907,0.0512118951874433,0.068));
#10812=CARTESIAN_POINT('',(-0.0196280321701907,0.0494996108444675,0.068));
#10813=CARTESIAN_POINT('',(-0.0196280321701907,0.0477873265014918,0.068));
#10814=CARTESIAN_POINT('',(-0.0196280321701907,0.0477873265014918,0.068));
#10815=CARTESIAN_POINT('',(-0.0196280321701907,0.0468047087819432,0.068));
#10816=CARTESIAN_POINT('',(-0.0200171877026852,0.0461516571539759,0.068));
#10817=CARTESIAN_POINT('',(-0.0200171877026852,0.0461516571539759,0.068));
#10818=CARTESIAN_POINT('',(-0.0221063317169851,0.0473897256862376,0.068));
#10819=CARTESIAN_POINT('',(0.0267673930478612,0.0481200174146102,0.068));
#10820=CARTESIAN_POINT('',(0.0280896857519776,0.045124154279673,0.068));
#10821=CARTESIAN_POINT('',(0.0267447139706836,0.0448443377870022,0.068));
#10822=CARTESIAN_POINT('',(0.0267447139706836,0.0448443377870022,0.068));
#10823=CARTESIAN_POINT('',(0.0255602218186535,0.0448443377870022,0.068));
#10824=CARTESIAN_POINT('',(0.0247746140874303,0.0453733460889869,0.068));
#10825=CARTESIAN_POINT('',(0.0247746140874303,0.0453733460889869,0.068));
#10826=CARTESIAN_POINT('',(0.0247746140874303,0.0453733460889869,0.068));
#10827=CARTESIAN_POINT('',(0.023989006356207,0.0459023543909716,0.068));
#10828=CARTESIAN_POINT('',(0.0234904008301984,0.0471014398754702,0.068));
#10829=CARTESIAN_POINT('',(0.0234904008301984,0.0471014398754702,0.068));
#10830=CARTESIAN_POINT('',(0.0243538396679206,0.0474832987417304,0.068));
#10831=CARTESIAN_POINT('',(0.0252172785056427,0.0478651576079907,0.068));
#10832=CARTESIAN_POINT('',(0.0252172785056427,0.0478651576079907,0.068));
#10833=CARTESIAN_POINT('',(0.0254677973796861,0.047257102088468,0.068));
#10834=CARTESIAN_POINT('',(0.0258022279154235,0.046906862109223,0.068));
#10835=CARTESIAN_POINT('',(0.0258022279154235,0.046906862109223,0.068));
#10836=CARTESIAN_POINT('',(0.0258022279154235,0.046906862109223,0.068));
#10837=CARTESIAN_POINT('',(0.0261366584511609,0.0465566221299779,0.068));
#10838=CARTESIAN_POINT('',(0.026540407316124,0.0465566221299779,0.068));
#10839=CARTESIAN_POINT('',(0.026540407316124,0.0465566221299779,0.068));
#10840=CARTESIAN_POINT('',(0.026540407316124,0.0465566221299779,0.068));
#10841=CARTESIAN_POINT('',(0.026837138409651,0.0465566221299779,0.068));
#10842=CARTESIAN_POINT('',(0.0269855039564145,0.0466806654559606,0.068));
#10843=CARTESIAN_POINT('',(0.0269855039564145,0.0466806654559606,0.068));
#10844=CARTESIAN_POINT('',(0.0269855039564145,0.0466806654559606,0.068));
#10845=CARTESIAN_POINT('',(0.0271338695031781,0.0468047087819432,0.068));
#10846=CARTESIAN_POINT('',(0.0271338695031781,0.0470236087689713,0.068));
#10847=CARTESIAN_POINT('',(0.0271338695031781,0.0470236087689713,0.068));
#10848=CARTESIAN_POINT('',(0.0271338695031781,0.0470236087689713,0.068));
#10849=CARTESIAN_POINT('',(0.0271338695031781,0.0473811454144506,0.068));
#10850=CARTESIAN_POINT('',(0.0268614606304319,0.0476766603969386,0.068));
#10851=CARTESIAN_POINT('',(0.0268614606304319,0.0476766603969386,0.068));
#10852=CARTESIAN_POINT('',(0.0268614606304319,0.0476766603969386,0.068));
#10853=CARTESIAN_POINT('',(0.0265890517576858,0.0479721753794266,0.068));
#10854=CARTESIAN_POINT('',(0.0258885717991958,0.0485486120119341,0.068));
#10855=CARTESIAN_POINT('',(0.0258885717991958,0.0485486120119341,0.068));
#10856=CARTESIAN_POINT('',(0.0255614379296926,0.0488210208846802,0.068));
#10857=CARTESIAN_POINT('',(0.0252343040601893,0.0490934297574264,0.068));
#10858=CARTESIAN_POINT('',(0.0252343040601893,0.0490934297574264,0.068));
#10859=CARTESIAN_POINT('',(0.0245167985471526,0.049701485276949,0.068));
#10860=CARTESIAN_POINT('',(0.0241045369049163,0.0502694091321832,0.068));
#10861=CARTESIAN_POINT('',(0.0241045369049163,0.0502694091321832,0.068));
#10862=CARTESIAN_POINT('',(0.0241045369049163,0.0502694091321832,0.068));
#10863=CARTESIAN_POINT('',(0.02369227526268,0.0508373329874173,0.068));
#10864=CARTESIAN_POINT('',(0.02369227526268,0.0516788818264366,0.068));
#10865=CARTESIAN_POINT('',(0.02369227526268,0.0516788818264366,0.068));
#10866=CARTESIAN_POINT('',(0.02369227526268,0.0516788818264366,0.068));
#10867=CARTESIAN_POINT('',(0.02369227526268,0.0524085484498638,0.068));
#10868=CARTESIAN_POINT('',(0.0240741341289402,0.0529691756388637,0.068));
#10869=CARTESIAN_POINT('',(0.0240741341289402,0.0529691756388637,0.068));
#10870=CARTESIAN_POINT('',(0.0240741341289402,0.0529691756388637,0.068));
#10871=CARTESIAN_POINT('',(0.0244559929952004,0.0535298028278635,0.068));
#10872=CARTESIAN_POINT('',(0.0250944512906991,0.0538411272538591,0.068));
#10873=CARTESIAN_POINT('',(0.0250944512906991,0.0538411272538591,0.068));
#10874=CARTESIAN_POINT('',(0.0264418967755254,0.0510739454392226,0.068));
#10875=CARTESIAN_POINT('',(0.0264625762096251,0.0541524516798547,0.068));
#10876=CARTESIAN_POINT('',(0.0264625762096251,0.0541524516798547,0.068));
#10877=CARTESIAN_POINT('',(0.0275692372551563,0.0541524516798547,0.068));
#10878=CARTESIAN_POINT('',(0.0283159294331301,0.0535456122713711,0.068));
#10879=CARTESIAN_POINT('',(0.0283159294331301,0.0535456122713711,0.068));
#10880=CARTESIAN_POINT('',(0.0283159294331301,0.0535456122713711,0.068));
#10881=CARTESIAN_POINT('',(0.0290626216111039,0.0529387728628875,0.068));
#10882=CARTESIAN_POINT('',(0.0293593527046309,0.0518345440394344,0.068));
#10883=CARTESIAN_POINT('',(0.0293593527046309,0.0518345440394344,0.068));
#10884=CARTESIAN_POINT('',(0.0285421260863925,0.0514599818394085,0.068));
#10885=CARTESIAN_POINT('',(0.0277251419343441,0.0510855307697197,0.068));
#10886=CARTESIAN_POINT('',(0.0248286356462782,0.0501416418755714,0.068));
#10887=CARTESIAN_POINT('',(0.027459609280511,0.0516775649636503,0.068));
#10888=CARTESIAN_POINT('',(0.0258510888844061,0.0507700907684934,0.068));
#10889=CARTESIAN_POINT('',(0.0270475256194058,0.0521762712414062,0.068));
#10890=CARTESIAN_POINT('',(0.0270475256194058,0.0521762712414062,0.068));
#10891=CARTESIAN_POINT('',(0.0268055195226359,0.0523793617849267,0.068));
#10892=CARTESIAN_POINT('',(0.0265258139836555,0.0523793617849267,0.068));
#10893=CARTESIAN_POINT('',(0.0265258139836555,0.0523793617849267,0.068));
#10894=CARTESIAN_POINT('',(0.0265258139836555,0.0523793617849267,0.068));
#10895=CARTESIAN_POINT('',(0.0262777273316902,0.0523793617849267,0.068));
#10896=CARTESIAN_POINT('',(0.0261293617849267,0.0522382929043975,0.068));
#10897=CARTESIAN_POINT('',(0.0261293617849267,0.0522382929043975,0.068));
#10898=CARTESIAN_POINT('',(0.0261293617849267,0.0522382929043975,0.068));
#10899=CARTESIAN_POINT('',(0.0259809962381631,0.0520972240238682,0.068));
#10900=CARTESIAN_POINT('',(0.0259809962381631,0.0518637307043715,0.068));
#10901=CARTESIAN_POINT('',(0.0259809962381631,0.0518637307043715,0.068));
#10902=CARTESIAN_POINT('',(0.0259809962381631,0.0518637307043715,0.068));
#10903=CARTESIAN_POINT('',(0.0259809962381631,0.0515694318329226,0.068));
#10904=CARTESIAN_POINT('',(0.0263154267739006,0.0512264885199118,0.068));
#10905=CARTESIAN_POINT('',(0.0263154267739006,0.0512264885199118,0.068));
#10906=CARTESIAN_POINT('',(0.0263154267739006,0.0512264885199118,0.068));
#10907=CARTESIAN_POINT('',(0.0266498573096381,0.050883545206901,0.068));
#10908=CARTESIAN_POINT('',(0.0272408872746141,0.0504019652354391,0.068));
#10909=CARTESIAN_POINT('',(0.0272408872746141,0.0504019652354391,0.068));
#10910=CARTESIAN_POINT('',(0.027560724477883,0.0501210435854196,0.068));
#10911=CARTESIAN_POINT('',(0.0278805860950448,0.0498401510263714,0.068));
#10912=CARTESIAN_POINT('',(0.0203384969567402,0.0408531902488174,0.068));
#10913=CARTESIAN_POINT('',(0.028642977780843,0.0491407718388696,0.068));
#10914=CARTESIAN_POINT('',(0.0261932063791658,0.046673362839215,0.068));
#10915=CARTESIAN_POINT('',(0.0292571993773512,0.0483163348034765,0.068));
#10916=CARTESIAN_POINT('',(0.0292571993773512,0.0483163348034765,0.068));
#10917=CARTESIAN_POINT('',(0.0294979893630821,0.0478651576079907,0.068));
#10918=CARTESIAN_POINT('',(0.0294979893630821,0.0472887209754832,0.068));
#10919=CARTESIAN_POINT('',(0.0294979893630821,0.0472887209754832,0.068));
#10920=CARTESIAN_POINT('',(0.0294979893630821,0.0472887209754832,0.068));
#10921=CARTESIAN_POINT('',(0.0294979893630821,0.0465104099104942,0.068));
#10922=CARTESIAN_POINT('',(0.0291088338305876,0.0459570793877286,0.068));
#10923=CARTESIAN_POINT('',(0.0291088338305876,0.0459570793877286,0.068));
#10924=CARTESIAN_POINT('',(0.0271255025790949,0.0473452981744622,0.068));
#10925=CARTESIAN_POINT('',(-0.0356089473342847,0.045,0.068));
#10926=CARTESIAN_POINT('',(-0.0346056557270723,0.045,0.068));
#10927=CARTESIAN_POINT('',(-0.036612238941497,0.045,0.068));
#10928=CARTESIAN_POINT('',(-0.0365040050590219,0.0513043196264107,0.068));
#10929=CARTESIAN_POINT('',(-0.036395771176547,0.0576086392528214,0.068));
#10930=CARTESIAN_POINT('',(-0.0349011707095603,0.0576086392528214,0.068));
#10931=CARTESIAN_POINT('',(-0.0334065702425737,0.0576086392528214,0.068));
#10932=CARTESIAN_POINT('',(-0.0327133869503178,0.0539432805811389,0.068));
#10933=CARTESIAN_POINT('',(-0.032020203658062,0.0502779219094565,0.068));
#10934=CARTESIAN_POINT('',(-0.0312735114800883,0.0539432805811389,0.068));
#10935=CARTESIAN_POINT('',(-0.0305268193021145,0.0576086392528214,0.068));
#10936=CARTESIAN_POINT('',(-0.0290869438318848,0.0576086392528214,0.068));
#10937=CARTESIAN_POINT('',(-0.0276470683616553,0.0576086392528214,0.068));
#10938=CARTESIAN_POINT('',(-0.0275376183681411,0.0513043196264107,0.068));
#10939=CARTESIAN_POINT('',(-0.0274281683746271,0.045,0.068));
#10940=CARTESIAN_POINT('',(-0.0284168666493709,0.045,0.068));
#10941=CARTESIAN_POINT('',(-0.0294055649241147,0.045,0.068));
#10942=CARTESIAN_POINT('',(-0.029522311583863,0.0491955830847062,0.068));
#10943=CARTESIAN_POINT('',(-0.0296390582436114,0.0533911661694124,0.068));
#10944=CARTESIAN_POINT('',(-0.0303711570891167,0.0491955830847062,0.068));
#10945=CARTESIAN_POINT('',(-0.0311032559346219,0.045,0.068));
#10946=CARTESIAN_POINT('',(-0.0319825042158517,0.045,0.068));
#10947=CARTESIAN_POINT('',(-0.0328617524970813,0.045,0.068));
#10948=CARTESIAN_POINT('',(-0.0336400635620703,0.0492259858606823,0.068));
#10949=CARTESIAN_POINT('',(-0.0344183746270593,0.0534519717213646,0.068));
#10950=CARTESIAN_POINT('',(-0.0345120151770658,0.0492259858606823,0.068));
#10951=CARTESIAN_POINT('',(-0.0615,-0.102499999999998,0.0385));
#10952=CARTESIAN_POINT('',(-0.0615,-0.102249999999998,0.0385));
#10953=CARTESIAN_POINT('',(-0.0615,-0.102249999999998,0.0405));
#10954=CARTESIAN_POINT('',(-0.0615,-0.102249999999998,0.03925));
#10955=CARTESIAN_POINT('',(-0.0615,-0.102999999999998,0.03925));
#10956=CARTESIAN_POINT('',(-0.0615,-0.102999999999998,0.0385));
#10957=CARTESIAN_POINT('',(-0.0615,-0.102499999999998,0.0385));
#10958=CARTESIAN_POINT('',(-0.0615,-0.103499999999998,0.0385));
#10959=CARTESIAN_POINT('',(-0.0615,-0.103499999999998,0.0385));
#10960=CARTESIAN_POINT('',(-0.0615,-0.103499999999998,0.0405));
#10961=CARTESIAN_POINT('',(-0.0615,-0.102499999999998,0.0405));
#10962=CARTESIAN_POINT('',(0.0065,-0.0514999999999984,0.048));
#10963=CARTESIAN_POINT('',(0.0065,-0.111499999999998,0.048));
#10964=CARTESIAN_POINT('',(0.0065,-0.111499999999998,0.006));
#10965=CARTESIAN_POINT('',(0.0065,-0.111499999999998,0.043));
#10966=CARTESIAN_POINT('',(0.0065,-0.0514999999999984,0.006));
#10967=CARTESIAN_POINT('',(0.0665,-0.0514999999999984,0.006));
#10968=CARTESIAN_POINT('',(0.0665,-0.0514999999999984,0.048));
#10969=CARTESIAN_POINT('',(0.0665,-0.0514999999999984,0.043));
#10970=CARTESIAN_POINT('',(0.0065,-0.0514999999999984,0.043));
#10971=CARTESIAN_POINT('',(0.0665,6.93889390390723E-18,0.048));
#10972=CARTESIAN_POINT('',(0.0665,6.93889390390723E-18,0.006));
#10973=CARTESIAN_POINT('',(0.0665,0.045,0.006));
#10974=CARTESIAN_POINT('',(0.0665,0.045,0.048));
#10975=CARTESIAN_POINT('',(0.0665,0.045,0.043));
#10976=CARTESIAN_POINT('',(0.0665,-0.111499999999998,0.043));
#10977=CARTESIAN_POINT('',(-2.77555756156289E-17,0.045,0.048));
#10978=CARTESIAN_POINT('',(-2.77555756156289E-17,0.045,0.063));
#10979=CARTESIAN_POINT('',(0.0665000000000024,0.045,0.063));
#10980=CARTESIAN_POINT('',(-2.77555756156289E-17,0.045,0.006));
#10981=CARTESIAN_POINT('',(-0.0571993006993009,0.0110811262051453,0.053));
#10982=CARTESIAN_POINT('',(-0.0588002318207103,0.013780866213207,0.053));
#10983=CARTESIAN_POINT('',(-0.061539790946972,0.0192554098113694,0.0521689309154771));
#10984=CARTESIAN_POINT('',(-0.0644474132476831,0.0278252433735,0.0496361095556619));
#10985=CARTESIAN_POINT('',(-0.0658415483606458,0.0349245878370405,0.047004989796844));
#10986=CARTESIAN_POINT('',(-0.0664058226510644,0.0406589706865192,0.0447456605107592));
#10987=CARTESIAN_POINT('',(-0.0665000000000025,0.0435673131393895,0.0435760795415387));
#10988=CARTESIAN_POINT('',(-0.0665000000000025,0.045,0.043));
#10989=CARTESIAN_POINT('',(-0.0571993006993009,0.0110811262051453,0.053));
#10990=CARTESIAN_POINT('',(-2.77555756156289E-17,0.045,0.053));
#10991=CARTESIAN_POINT('',(0.0571993006993008,0.0110811262051453,0.053));
#10992=CARTESIAN_POINT('',(0.0571993006993008,0.0110811262051453,0.053));
#10993=CARTESIAN_POINT('',(0.0588002318207102,0.013780866213207,0.053));
#10994=CARTESIAN_POINT('',(0.0615397909469719,0.0192554098113694,0.0521689309154771));
#10995=CARTESIAN_POINT('',(0.0644474132476831,0.0278252433735001,0.049636109555662));
#10996=CARTESIAN_POINT('',(0.0658415483606457,0.0349245878370405,0.0470049897968439));
#10997=CARTESIAN_POINT('',(0.0664058226510644,0.0406589706865193,0.0447456605107596));
#10998=CARTESIAN_POINT('',(0.0665000000000024,0.0435673131393895,0.0435760795415387));
#10999=CARTESIAN_POINT('',(0.0665000000000024,0.045,0.043));
#11000=CARTESIAN_POINT('',(-0.0615,0.,0.043));
#11001=CARTESIAN_POINT('',(-0.0664749371855331,0.,0.0435));
#11002=CARTESIAN_POINT('',(-0.0664749371855331,-0.0822587680570184,0.0435));
#11003=CARTESIAN_POINT('',(-0.0664749371855331,-0.0965122250444444,0.0435));
#11004=CARTESIAN_POINT('',(-0.0615,-0.0965122250444444,0.043));
#11005=CARTESIAN_POINT('',(-0.0615,-0.101499999999998,0.043));
#11006=CARTESIAN_POINT('',(-0.0615,-0.101499999999998,0.048));
#11007=CARTESIAN_POINT('',(-0.0615,2.02615701994091E-15,0.048));
#11008=CARTESIAN_POINT('',(-0.0615,0.00853083494237432,0.048));
#11009=CARTESIAN_POINT('',(-0.0615,0.00853083494237432,0.048));
#11010=CARTESIAN_POINT('',(-0.0623871898486688,0.0115230710194501,0.048));
#11011=CARTESIAN_POINT('',(-0.0638795306849946,0.0175386420950045,0.047560127527875));
#11012=CARTESIAN_POINT('',(-0.0654141482022373,0.0266823810040481,0.0462933531668575));
#11013=CARTESIAN_POINT('',(-0.0663035531122827,0.0358135277732429,0.04471765957548));
#11014=CARTESIAN_POINT('',(-0.0665,0.04194624733956,0.0435710190977428));
#11015=CARTESIAN_POINT('',(-0.0665,0.045,0.043));
#11016=CARTESIAN_POINT('',(-0.0665,-0.081392742653234,0.043));
#11017=CARTESIAN_POINT('',(-0.0665,-0.0815691699865332,0.0433055811051181));
#11018=CARTESIAN_POINT('',(-0.0664749371855331,-0.0819059290768398,0.0435));
#11019=CARTESIAN_POINT('',(-0.0664749371855331,-0.0822587680570184,0.0435));
#11020=CARTESIAN_POINT('',(-0.00100000000000003,-0.048984582528812,0.0405));
#11021=CARTESIAN_POINT('',(-0.00100000000000003,-0.0367499999999984,0.0405));
#11022=CARTESIAN_POINT('',(-0.06225,-0.0367499999999984,0.0405));
#11023=CARTESIAN_POINT('',(-0.0615,-0.0367499999999984,0.0405));
#11024=CARTESIAN_POINT('',(-0.06225,2.02615701994091E-15,0.0405));
#11025=CARTESIAN_POINT('',(-0.06225,-0.102249999999998,0.0405));
#11026=CARTESIAN_POINT('',(-0.00100000000000001,-0.102249999999998,0.0405));
#11027=CARTESIAN_POINT('',(-0.035,-0.103499999999998,0.0405));
#11028=CARTESIAN_POINT('',(-0.0632082039324994,-0.103499999999998,0.0405));
#11029=CARTESIAN_POINT('',(-0.0565,-0.101499999999998,0.0405));
#11030=CARTESIAN_POINT('',(-0.0635,-0.101499999999998,0.0405));
#11031=CARTESIAN_POINT('',(-0.0635,-0.0694999999999984,0.0405));
#11032=CARTESIAN_POINT('',(-0.0635,-0.0965122250444444,0.0405));
#11033=CARTESIAN_POINT('',(-0.0645,-0.0965122250444444,0.0405));
#11034=CARTESIAN_POINT('',(-0.0645,-0.0955122250444444,0.0405));
#11035=CARTESIAN_POINT('',(-0.0645,-0.0945122250444444,0.0405));
#11036=CARTESIAN_POINT('',(-0.0635,-0.0945122250444444,0.0405));
#11037=CARTESIAN_POINT('',(-0.0635,-0.0694999999999984,0.0405));
#11038=CARTESIAN_POINT('',(-0.0635,-0.0822587680570184,0.0405));
#11039=CARTESIAN_POINT('',(-0.0645,-0.0822587680570184,0.0405));
#11040=CARTESIAN_POINT('',(-0.0645,-0.0812587680570184,0.0405));
#11041=CARTESIAN_POINT('',(-0.0885,-0.0812587680570184,0.0405));
#11042=CARTESIAN_POINT('',(-0.0655,-0.0812587680570184,0.0405));
#11043=CARTESIAN_POINT('',(-0.0655,-0.048984582528812,0.0405));
#11044=CARTESIAN_POINT('',(-0.0655,-0.0376664426310904,0.0405));
#11045=CARTESIAN_POINT('',(-0.00100000000000003,-0.0376664426310904,0.0405));
#11046=CARTESIAN_POINT('',(-0.0645,-0.0376664426310904,0.0405));
#11047=CARTESIAN_POINT('',(-0.0635,-0.0359343918235215,0.0405));
#11048=CARTESIAN_POINT('',(-0.0635,-0.0362810459294716,0.0405));
#11049=CARTESIAN_POINT('',(-0.0637671545707663,-0.0369342792732677,0.0405));
#11050=CARTESIAN_POINT('',(-0.0642587022722911,-0.0374251436968972,0.0405));
#11051=CARTESIAN_POINT('',(-0.0645,-0.0376664426310904,0.0405));
#11052=CARTESIAN_POINT('',(-0.0635,-0.0359343918235215,0.0405));
#11053=CARTESIAN_POINT('',(-0.0635,-0.0694999999999984,0.0405));
#11054=CARTESIAN_POINT('',(-0.0635,-0.0354999999999984,0.0405));
#11055=CARTESIAN_POINT('',(-0.035,-0.0354999999999984,0.0405));
#11056=CARTESIAN_POINT('',(-0.0615,-0.0354999999999984,0.0405));
#11057=CARTESIAN_POINT('',(-0.0615,-0.0364999999999984,0.0405));
#11058=CARTESIAN_POINT('',(-0.0095,-0.0694999999999984,0.042));
#11059=CARTESIAN_POINT('',(-0.0095,-0.100499999999998,0.042));
#11060=CARTESIAN_POINT('',(-0.0095,-0.100499999999998,0.042));
#11061=CARTESIAN_POINT('',(-0.0095,-0.100499999999998,0.044));
#11062=CARTESIAN_POINT('',(-0.0095,-0.0694999999999984,0.044));
#11063=CARTESIAN_POINT('',(-0.0095,-0.0599641016151361,0.044));
#11064=CARTESIAN_POINT('',(-0.0095,-0.0599641016151361,0.041998));
#11065=CARTESIAN_POINT('',(-0.0095,-0.0599641016151361,0.042));
#11066=CARTESIAN_POINT('',(-0.0095,-0.0694999999999984,0.042));
#11067=CARTESIAN_POINT('',(-0.0095,-0.0694999999999984,0.042));
#11068=CARTESIAN_POINT('',(-0.0095,-0.0530358983848606,0.041998));
#11069=CARTESIAN_POINT('',(-0.0095,-0.0530358983848606,0.042));
#11070=CARTESIAN_POINT('',(-0.0095,-0.0530358983848606,0.044));
#11071=CARTESIAN_POINT('',(-0.0095,-0.0694999999999984,0.044));
#11072=CARTESIAN_POINT('',(-0.0095,-0.0384999999999984,0.044));
#11073=CARTESIAN_POINT('',(-0.0095,-0.0384999999999984,0.042));
#11074=CARTESIAN_POINT('',(-0.0095,-0.0384999999999984,0.042));
#11075=CARTESIAN_POINT('',(-0.0095,-0.0694999999999984,0.042));
#11076=CARTESIAN_POINT('',(-0.035,-0.0384999999999984,0.042));
#11077=CARTESIAN_POINT('',(-0.035,-0.0384999999999984,0.044));
#11078=CARTESIAN_POINT('',(-0.0338542486889354,-0.0384999999999984,0.044));
#11079=CARTESIAN_POINT('',(-0.0338542486889354,-0.0384999999999984,0.041998));
#11080=CARTESIAN_POINT('',(-0.0338542486889354,-0.0384999999999984,0.042));
#11081=CARTESIAN_POINT('',(-0.035,-0.0384999999999984,0.042));
#11082=CARTESIAN_POINT('',(-0.035,-0.0384999999999984,0.042));
#11083=CARTESIAN_POINT('',(-0.0391457513110646,-0.0384999999999984,0.041998));
#11084=CARTESIAN_POINT('',(-0.0391457513110646,-0.0384999999999984,0.042));
#11085=CARTESIAN_POINT('',(-0.0391457513110646,-0.0384999999999984,0.044));
#11086=CARTESIAN_POINT('',(-0.035,-0.0384999999999984,0.044));
#11087=CARTESIAN_POINT('',(-0.0605,-0.0384999999999984,0.044));
#11088=CARTESIAN_POINT('',(-0.0605,-0.0384999999999984,0.042));
#11089=CARTESIAN_POINT('',(-0.0605,-0.0384999999999984,0.042));
#11090=CARTESIAN_POINT('',(-0.035,-0.0384999999999984,0.042));
#11091=CARTESIAN_POINT('',(-0.0635,0.,0.048));
#11092=CARTESIAN_POINT('',(-0.0635,-0.0945122250444444,0.036413843027686));
#11093=CARTESIAN_POINT('',(-0.0635,-0.0945122250444444,0.034413843027686));
#11094=CARTESIAN_POINT('',(-0.0635,-0.0965122250444444,0.036413843027686));
#11095=CARTESIAN_POINT('',(-0.0635,-0.0965122250444444,0.0405));
#11096=CARTESIAN_POINT('',(-0.0635,-0.101499999999998,0.048));
#11097=CARTESIAN_POINT('',(-0.0635,-0.101499999999998,0.));
#11098=CARTESIAN_POINT('',(-0.0635,0.,0.));
#11099=CARTESIAN_POINT('',(-0.0635,0.045,0.));
#11100=CARTESIAN_POINT('',(-0.0635,0.045,0.048));
#11101=CARTESIAN_POINT('',(-0.0635,0.045,0.043));
#11102=CARTESIAN_POINT('',(-0.0635,0.,0.043));
#11103=CARTESIAN_POINT('',(-0.0635,-0.0354999999999984,0.043));
#11104=CARTESIAN_POINT('',(-0.0635,-0.0354999999999984,0.0405));
#11105=CARTESIAN_POINT('',(-0.0635,-0.0376664426310904,0.0395));
#11106=CARTESIAN_POINT('',(-0.0635,-0.0356664426310904,0.0395));
#11107=CARTESIAN_POINT('',(-0.0635,-0.0356664426310904,0.048));
#11108=CARTESIAN_POINT('',(-0.0635,-0.0356664426310904,0.029413842109711));
#11109=CARTESIAN_POINT('',(-0.0635,-0.0376664426310904,0.029413842109711));
#11110=CARTESIAN_POINT('',(-0.0635,-0.0376664426310904,0.027413842109711));
#11111=CARTESIAN_POINT('',(-0.0635,0.,0.027413842109711));
#11112=CARTESIAN_POINT('',(-0.0635,-0.0478387681372624,0.027413842109711));
#11113=CARTESIAN_POINT('',(-0.0635,-0.0478387681372624,0.048));
#11114=CARTESIAN_POINT('',(-0.0635,-0.0478387681372624,0.024821442999557));
#11115=CARTESIAN_POINT('',(-0.0635,1.24023402428921E-17,0.0248214429995571));
#11116=CARTESIAN_POINT('',(-0.0635,-0.0822587680570184,0.024821442999557));
#11117=CARTESIAN_POINT('',(-0.0635,-0.0822587680570184,0.048));
#11118=CARTESIAN_POINT('',(-0.0635,-0.0822587680570184,0.034413843027686));
#11119=CARTESIAN_POINT('',(-0.0635,0.,0.034413843027686));
#11120=CARTESIAN_POINT('',(-0.0565,-0.101499999999998,0.048));
#11121=CARTESIAN_POINT('',(-0.0632082039324994,-0.103499999999998,0.048));
#11122=CARTESIAN_POINT('',(-0.0632082039324994,-0.103499999999998,0.043));
#11123=CARTESIAN_POINT('',(-0.0565,-0.101499999999998,0.043));
#11124=CARTESIAN_POINT('',(-0.0565,-0.108499999999998,0.043));
#11125=CARTESIAN_POINT('',(-0.0565,-0.108499999999998,0.048));
#11126=CARTESIAN_POINT('',(-0.0565,-0.108499999999998,0.));
#11127=CARTESIAN_POINT('',(-0.0565,-0.101499999999998,0.));
#11128=CARTESIAN_POINT('',(0.,2.02615701994091E-15,0.048));
#11129=CARTESIAN_POINT('',(0.0065,-0.0514999999999984,0.048));
#11130=CARTESIAN_POINT('',(0.0615,-0.0514999999999984,0.048));
#11131=CARTESIAN_POINT('',(0.0065,-0.106499999999998,0.048));
#11132=CARTESIAN_POINT('',(0.0615,0.045,0.048));
#11133=CARTESIAN_POINT('',(0.0615,0.00853083494237432,0.048));
#11134=CARTESIAN_POINT('',(-2.77555756156289E-17,0.045,0.048));
#11135=CARTESIAN_POINT('',(-0.0565,-0.101499999999998,0.048));
#11136=CARTESIAN_POINT('',(-0.0565,-0.106499999999998,0.048));
#11137=CARTESIAN_POINT('',(0.0665,-0.106499999999998,0.048));
#11138=CARTESIAN_POINT('',(-2.77555756156289E-17,-0.111499999999998,0.048));
#11139=CARTESIAN_POINT('',(-0.0565,-0.111499999999998,0.));
#11140=CARTESIAN_POINT('',(-0.0565,-0.111499999999998,0.043));
#11141=CARTESIAN_POINT('',(-0.0565,-0.111499999999998,0.006));
#11142=CARTESIAN_POINT('',(-2.77555756156289E-17,-0.111499999999998,0.006));
#11143=CARTESIAN_POINT('',(-0.0665,-0.111499999999998,0.043));
#11144=CARTESIAN_POINT('',(0.,2.02615701994091E-15,0.));
#11145=CARTESIAN_POINT('',(-0.0695,-0.102999999999998,0.));
#11146=CARTESIAN_POINT('',(-0.0695,0.033,0.));
#11147=CARTESIAN_POINT('',(-0.0695,-0.033,0.));
#11148=CARTESIAN_POINT('',(-0.0715,0.033,0.));
#11149=CARTESIAN_POINT('',(-0.0725,0.045,0.));
#11150=CARTESIAN_POINT('',(-0.0704858141756223,0.057,0.));
#11151=CARTESIAN_POINT('',(-0.0685141830098706,0.0566643356643357,0.));
#11152=CARTESIAN_POINT('',(-2.77555756156289E-17,0.045,0.));
#11153=CARTESIAN_POINT('',(0.0685141830098706,0.0566643356643357,0.));
#11154=CARTESIAN_POINT('',(0.0704858141756222,0.057,0.));
#11155=CARTESIAN_POINT('',(0.0725,0.045,0.));
#11156=CARTESIAN_POINT('',(0.0715,0.033,0.));
#11157=CARTESIAN_POINT('',(0.0695,0.033,0.));
#11158=CARTESIAN_POINT('',(0.0695,-0.0497499999999992,0.));
#11159=CARTESIAN_POINT('',(0.0695,-0.033,0.));
#11160=CARTESIAN_POINT('',(0.0715,-0.033,0.));
#11161=CARTESIAN_POINT('',(0.0725,-0.045,0.));
#11162=CARTESIAN_POINT('',(0.0725,-0.055,0.));
#11163=CARTESIAN_POINT('',(0.0695,-0.055,0.));
#11164=CARTESIAN_POINT('',(0.0714495762697372,-0.055,0.));
#11165=CARTESIAN_POINT('',(0.0714495762697372,-0.057,0.));
#11166=CARTESIAN_POINT('',(0.0694512028416812,-0.0569193548387096,0.));
#11167=CARTESIAN_POINT('',(0.0095,-0.0544999999999984,0.));
#11168=CARTESIAN_POINT('',(0.0095,-0.114499999999998,0.));
#11169=CARTESIAN_POINT('',(-0.0235,-0.114499999999998,0.));
#11170=CARTESIAN_POINT('',(-0.0595,-0.114499999999998,0.));
#11171=CARTESIAN_POINT('',(-0.0595,-0.104499999999998,0.));
#11172=CARTESIAN_POINT('',(-0.0695,-0.104499999999998,0.));
#11173=CARTESIAN_POINT('',(-0.0695,-0.102999999999998,0.));
#11174=CARTESIAN_POINT('',(-0.0695,-0.057,0.));
#11175=CARTESIAN_POINT('',(-0.0715,-0.057,0.));
#11176=CARTESIAN_POINT('',(-0.0725,-0.045,0.));
#11177=CARTESIAN_POINT('',(-0.0715,-0.033,0.));
#11178=CARTESIAN_POINT('',(-0.0725,-0.045,0.));
#11179=CARTESIAN_POINT('',(-0.0695,-0.045,0.));
#11180=CARTESIAN_POINT('',(-0.0725,0.045,0.));
#11181=CARTESIAN_POINT('',(-0.0695,0.045,0.));
#11182=CARTESIAN_POINT('',(0.0725,0.045,0.));
#11183=CARTESIAN_POINT('',(0.0755,0.045,0.));
#11184=CARTESIAN_POINT('',(0.0725,-0.045,0.));
#11185=CARTESIAN_POINT('',(0.0755,-0.045,0.));
#11186=CARTESIAN_POINT('',(0.0065,-0.0514999999999984,0.));
#11187=CARTESIAN_POINT('',(0.0635,-0.0514999999999984,0.));
#11188=CARTESIAN_POINT('',(0.0065,-0.108499999999998,0.));
#11189=CARTESIAN_POINT('',(0.0635,6.93889390390723E-18,0.));
#11190=CARTESIAN_POINT('',(0.0635,0.045,0.));
#11191=CARTESIAN_POINT('',(-2.77555756156289E-17,0.045,0.));
#11192=CARTESIAN_POINT('',(-2.83816412310191E-17,-0.108499999999998,0.));
#11193=CARTESIAN_POINT('',(-2.77555756156289E-17,0.045,0.053));
#11194=CARTESIAN_POINT('',(0.0615,0.00853083494237432,0.053));
#11195=CARTESIAN_POINT('',(-0.0615,0.00853083494237432,0.053));
#11196=CARTESIAN_POINT('',(-0.0615,0.00853083494237432,0.048));
#11197=CARTESIAN_POINT('',(-0.0571993006993008,0.0110811262051453,0.048));
#11198=CARTESIAN_POINT('',(-0.0571993006993008,0.0110811262051453,0.053));
#11199=CARTESIAN_POINT('',(-0.06235698930649,0.0114212132811742,0.048));
#11200=CARTESIAN_POINT('',(-0.0584763328727646,0.0132346572345705,0.0486865248137083));
#11201=CARTESIAN_POINT('',(-0.0587934206682143,0.0137693801844525,0.0529999999974701));
#11202=CARTESIAN_POINT('',(-0.06382885084665,0.0172972256627237,0.0475871520441755));
#11203=CARTESIAN_POINT('',(-0.0611099010489143,0.0182332185800863,0.049113236048911));
#11204=CARTESIAN_POINT('',(-0.061531288987383,0.0192344826094493,0.0521743040895273));
#11205=CARTESIAN_POINT('',(-0.0653954671291187,0.0265234530742124,0.0463198570125807));
#11206=CARTESIAN_POINT('',(-0.0642422837465703,0.027015906290871,0.0478470729986595));
#11207=CARTESIAN_POINT('',(-0.0644454143800644,0.0278155192927825,0.0496397140248392));
#11208=CARTESIAN_POINT('',(-0.0661457272937899,0.034162800160678,0.0450032443504956));
#11209=CARTESIAN_POINT('',(-0.0657866890698297,0.0344979966269562,0.0459900227448419));
#11210=CARTESIAN_POINT('',(-0.0658410032178161,0.0349206463032874,0.0470064887010315));
#11211=CARTESIAN_POINT('',(-0.066449056897668,0.0403261729939634,0.0438740153988476));
#11212=CARTESIAN_POINT('',(-0.0663970725470555,0.0404762834875297,0.0443147911874231));
#11213=CARTESIAN_POINT('',(-0.0664052387047539,0.0406530140433408,0.0447480307976872));
#11214=CARTESIAN_POINT('',(-0.0665,0.0434492028701415,0.0432899824923866));
#11215=CARTESIAN_POINT('',(-0.0665000000000459,0.0435034265454742,0.0434349737387235));
#11216=CARTESIAN_POINT('',(-0.0665,0.0435576502218696,0.0435799649847731));
#11217=CARTESIAN_POINT('',(-0.0665,0.045,0.043));
#11218=CARTESIAN_POINT('',(-0.0665,0.045,0.043));
#11219=CARTESIAN_POINT('',(-0.0665,0.045,0.043));
#11220=CARTESIAN_POINT('',(0.0571993006993008,0.0110811262051453,0.053));
#11221=CARTESIAN_POINT('',(0.0571993006993008,0.0110811262051453,0.048));
#11222=CARTESIAN_POINT('',(0.0615,0.00853083494237432,0.048));
#11223=CARTESIAN_POINT('',(0.0587934206682092,0.013769380184444,0.0529999999974701));
#11224=CARTESIAN_POINT('',(0.0584763328726136,0.0132346572347404,0.0486865248135897));
#11225=CARTESIAN_POINT('',(0.0623569893063734,0.0114212132812616,0.048));
#11226=CARTESIAN_POINT('',(0.0615312889873852,0.0192344826094529,0.0521743040895272));
#11227=CARTESIAN_POINT('',(0.0611099010491422,0.0182332185799926,0.0491132360489585));
#11228=CARTESIAN_POINT('',(0.0638288508467041,0.0172972256626827,0.0475871520441754));
#11229=CARTESIAN_POINT('',(0.0644454143800638,0.027815519292783,0.0496397140248393));
#11230=CARTESIAN_POINT('',(0.0642422837460024,0.0270159062909051,0.0478470729986463));
#11231=CARTESIAN_POINT('',(0.0653954671291039,0.0265234530742252,0.0463198570125808));
#11232=CARTESIAN_POINT('',(0.065841003217816,0.034920646303283,0.0470064887010315));
#11233=CARTESIAN_POINT('',(0.0657866890713953,0.0344979966269482,0.0459900227448438));
#11234=CARTESIAN_POINT('',(0.0661457272937917,0.0341628001606721,0.0450032443504956));
#11235=CARTESIAN_POINT('',(0.0664052387047539,0.0406530140433488,0.0447480307976877));
#11236=CARTESIAN_POINT('',(0.0663970725443926,0.0404762834875362,0.0443147911874229));
#11237=CARTESIAN_POINT('',(0.0664490568976676,0.0403261729939717,0.0438740153988479));
#11238=CARTESIAN_POINT('',(0.0665,0.0435576502218523,0.0435799649847731));
#11239=CARTESIAN_POINT('',(0.0665000000059167,0.0435034265454627,0.0434349737387234));
#11240=CARTESIAN_POINT('',(0.0665,0.0434492028701243,0.0432899824923866));
#11241=CARTESIAN_POINT('',(0.0665,0.045,0.043));
#11242=CARTESIAN_POINT('',(0.0665,0.045,0.043));
#11243=CARTESIAN_POINT('',(0.0665,0.045,0.043));
#11244=CARTESIAN_POINT('',(0.0615,0.00853083494237432,0.048));
#11245=CARTESIAN_POINT('',(0.0623871898486688,0.0115230710194501,0.048));
#11246=CARTESIAN_POINT('',(0.0638795306849945,0.0175386420950045,0.0475601275278751));
#11247=CARTESIAN_POINT('',(0.0654141482022373,0.0266823810040481,0.0462933531668575));
#11248=CARTESIAN_POINT('',(0.0663035531122826,0.035813527773243,0.0447176595754801));
#11249=CARTESIAN_POINT('',(0.0665,0.04194624733956,0.0435710190977428));
#11250=CARTESIAN_POINT('',(0.0665,0.045,0.043));
#11251=CARTESIAN_POINT('',(0.0615,2.02615701994091E-15,0.043));
#11252=CARTESIAN_POINT('',(0.0615,-0.0514999999999984,0.043));
#11253=CARTESIAN_POINT('',(2.22253293463495E-17,-0.106499999999998,0.043));
#11254=CARTESIAN_POINT('',(0.0065,-0.106499999999998,0.043));
#11255=CARTESIAN_POINT('',(-0.0565,-0.106499999999998,0.043));
#11256=CARTESIAN_POINT('',(-2.77555756156289E-17,0.045,0.063));
#11257=CARTESIAN_POINT('',(-0.0565,-0.101499999999998,0.048));
#11258=CARTESIAN_POINT('',(-0.0565,-0.101499999999998,0.006));
#11259=CARTESIAN_POINT('',(-0.0565,-0.101499999999998,0.043));
#11260=CARTESIAN_POINT('',(-0.0565,-0.101499999999998,0.043));
#11261=CARTESIAN_POINT('',(0.0065,-0.0514999999999984,0.043));
#11262=CARTESIAN_POINT('',(0.,2.02615701994091E-15,0.045));
#11263=CARTESIAN_POINT('',(0.0335,-0.0714999999999984,0.045));
#11264=CARTESIAN_POINT('',(0.0415,-0.0714999999999984,0.045));
#11265=CARTESIAN_POINT('',(0.0335,-0.0414999999999984,0.045));
#11266=CARTESIAN_POINT('',(0.0415,-0.0414999999999984,0.045));
#11267=CARTESIAN_POINT('',(-0.0045,-0.0354999999999984,0.045));
#11268=CARTESIAN_POINT('',(-0.0045,-0.105499999999998,0.045));
#11269=CARTESIAN_POINT('',(-0.0045,-0.0334999999999984,0.045));
#11270=CARTESIAN_POINT('',(0.,-0.0334999999999984,0.045));
#11271=CARTESIAN_POINT('',(-0.0615,-0.0334999999999984,0.045));
#11272=CARTESIAN_POINT('',(-0.0615,2.02615701994091E-15,0.045));
#11273=CARTESIAN_POINT('',(-0.0615,0.00853083494237432,0.045));
#11274=CARTESIAN_POINT('',(-2.77555756156289E-17,0.045,0.045));
#11275=CARTESIAN_POINT('',(0.0615,0.00853083494237432,0.045));
#11276=CARTESIAN_POINT('',(0.0615,2.02615701994091E-15,0.045));
#11277=CARTESIAN_POINT('',(0.0615,-0.0514999999999984,0.045));
#11278=CARTESIAN_POINT('',(0.0065,-0.0514999999999984,0.045));
#11279=CARTESIAN_POINT('',(0.0065,-0.106499999999998,0.045));
#11280=CARTESIAN_POINT('',(0.,-0.106499999999998,0.045));
#11281=CARTESIAN_POINT('',(-0.0565,-0.106499999999998,0.045));
#11282=CARTESIAN_POINT('',(-0.0565,-0.101499999999998,0.045));
#11283=CARTESIAN_POINT('',(-0.0595,-0.105499999999998,0.045));
#11284=CARTESIAN_POINT('',(-0.0065,-0.105499999999998,0.045));
#11285=CARTESIAN_POINT('',(0.0635,6.93889390390723E-18,0.048));
#11286=CARTESIAN_POINT('',(0.0635,6.93889390390723E-18,0.043));
#11287=CARTESIAN_POINT('',(0.0635000000000024,0.045,0.043));
#11288=CARTESIAN_POINT('',(0.0635,-0.0514999999999984,0.043));
#11289=CARTESIAN_POINT('',(0.0635000000000024,0.045,0.048));
#11290=CARTESIAN_POINT('',(0.0635,-0.0514999999999984,0.048));
#11291=CARTESIAN_POINT('',(-2.77555756156289E-17,0.045,0.048));
#11292=CARTESIAN_POINT('',(-2.77555756156289E-17,0.045,0.063));
#11293=CARTESIAN_POINT('',(-0.0635000000000024,0.045,0.063));
#11294=CARTESIAN_POINT('',(0.0546188811188813,0.0126113009628078,0.053));
#11295=CARTESIAN_POINT('',(0.0561546306958286,0.0152011216738941,0.053));
#11296=CARTESIAN_POINT('',(0.0587752212324765,0.0204432812135503,0.0521626980583256));
#11297=CARTESIAN_POINT('',(0.0615483553980934,0.0286323230646056,0.0496244433669198));
#11298=CARTESIAN_POINT('',(0.0628742036234678,0.0354011413427406,0.0469960332186355));
#11299=CARTESIAN_POINT('',(0.0634106336110446,0.0408663555257597,0.0447408069294754));
#11300=CARTESIAN_POINT('',(0.0635000000000024,0.0436362692023674,0.0435742589043148));
#11301=CARTESIAN_POINT('',(0.0635000000000024,0.045,0.043));
#11302=CARTESIAN_POINT('',(0.0546188811188813,0.0126113009628078,0.053));
#11303=CARTESIAN_POINT('',(-2.77555756156289E-17,0.045,0.053));
#11304=CARTESIAN_POINT('',(-0.0546188811188814,0.0126113009628078,0.053));
#11305=CARTESIAN_POINT('',(-0.0546188811188814,0.0126113009628078,0.053));
#11306=CARTESIAN_POINT('',(-0.0561546306958287,0.015201121673894,0.053));
#11307=CARTESIAN_POINT('',(-0.0587752212324765,0.0204432812135503,0.0521626980583255));
#11308=CARTESIAN_POINT('',(-0.0615483553980935,0.0286323230646056,0.0496244433669199));
#11309=CARTESIAN_POINT('',(-0.0628742036234678,0.0354011413427404,0.0469960332186351));
#11310=CARTESIAN_POINT('',(-0.0634106336110447,0.0408663555257599,0.0447408069294757));
#11311=CARTESIAN_POINT('',(-0.0635000000000024,0.0436362692023667,0.0435742589043131));
#11312=CARTESIAN_POINT('',(-0.0635000000000024,0.045,0.043));
#11313=CARTESIAN_POINT('',(-2.83816412310191E-17,-0.108499999999998,0.048));
#11314=CARTESIAN_POINT('',(-2.83816412310191E-17,-0.108499999999998,0.043));
#11315=CARTESIAN_POINT('',(0.0065,-0.108499999999998,0.043));
#11316=CARTESIAN_POINT('',(0.0065,-0.108499999999998,0.048));
#11317=CARTESIAN_POINT('',(-2.77555756156289E-17,0.045,0.065));
#11318=CARTESIAN_POINT('',(-2.77555756156289E-17,0.045,0.065));
#11319=CARTESIAN_POINT('',(0.0615000000000024,0.045,0.065));
#11320=CARTESIAN_POINT('',(-2.77555756156289E-17,0.045,0.053));
#11321=CARTESIAN_POINT('',(0.0615,0.00853083494237432,0.053));
#11322=CARTESIAN_POINT('',(-0.0615,0.00853083494237432,0.053));
#11323=CARTESIAN_POINT('',(-0.0615,0.00853083494237432,0.045));
#11324=CARTESIAN_POINT('',(-0.0546188811188814,0.0126113009628078,0.045));
#11325=CARTESIAN_POINT('',(-0.0546188811188814,0.0126113009628078,0.053));
#11326=CARTESIAN_POINT('',(-0.0616713978612887,0.00997602411177426,0.045));
#11327=CARTESIAN_POINT('',(-0.0551809061448139,0.0135590753078939,0.0455687426481629));
#11328=CARTESIAN_POINT('',(-0.0553799835100582,0.013894790644664,0.052999999998735));
#11329=CARTESIAN_POINT('',(-0.061989564354981,0.0128905973376898,0.044956829957266));
#11330=CARTESIAN_POINT('',(-0.0563848504850464,0.0156950265062424,0.0464075026111189));
#11331=CARTESIAN_POINT('',(-0.0567928207370903,0.0164832577754571,0.0527841497869022));
#11332=CARTESIAN_POINT('',(-0.0625362227055025,0.0188347100778894,0.0447514639466647));
#11333=CARTESIAN_POINT('',(-0.058727537168077,0.0205509488608829,0.047128385390621));
#11334=CARTESIAN_POINT('',(-0.0592202896363589,0.021762294964264,0.0517573197329936));
#11335=CARTESIAN_POINT('',(-0.0630581029277016,0.0265235296493136,0.0443275638608821));
#11336=CARTESIAN_POINT('',(-0.0612506343479027,0.0274532174489364,0.0467276322389322));
#11337=CARTESIAN_POINT('',(-0.0615377297838372,0.0285908270312135,0.0496378193045211));
#11338=CARTESIAN_POINT('',(-0.0633583014080092,0.0341627905887904,0.0438013451082147));
#11339=CARTESIAN_POINT('',(-0.0627871386728471,0.0347333322583859,0.0453672286318826));
#11340=CARTESIAN_POINT('',(-0.0628707789796232,0.0353753454879468,0.0470067255410713));
#11341=CARTESIAN_POINT('',(-0.0634796206609685,0.0403261749083409,0.0433495966859394));
#11342=CARTESIAN_POINT('',(-0.0633970629102422,0.0405746617767409,0.0440518512784514));
#11343=CARTESIAN_POINT('',(-0.0634095043336716,0.0408491203731407,0.0447479834296793));
#11344=CARTESIAN_POINT('',(-0.0635,0.0434492028701415,0.0431159929969454));
#11345=CARTESIAN_POINT('',(-0.063500000000046,0.0435359607510253,0.0433479789909799));
#11346=CARTESIAN_POINT('',(-0.0635,0.0436227186329259,0.0435799649847731));
#11347=CARTESIAN_POINT('',(-0.0635,0.045,0.043));
#11348=CARTESIAN_POINT('',(-0.0635,0.045,0.043));
#11349=CARTESIAN_POINT('',(-0.0635,0.045,0.043));
#11350=CARTESIAN_POINT('',(-0.0615,0.00853083494237432,0.045));
#11351=CARTESIAN_POINT('',(-0.061859490377142,0.0115619789457123,0.045));
#11352=CARTESIAN_POINT('',(-0.0624595399732884,0.0176300062344402,0.0448200750636337));
#11353=CARTESIAN_POINT('',(-0.0632717813492281,0.0297905748812175,0.0441431608338035));
#11354=CARTESIAN_POINT('',(-0.0635,0.0389170419514745,0.0434549792421237));
#11355=CARTESIAN_POINT('',(-0.0635,0.045,0.043));
#11356=CARTESIAN_POINT('',(0.0546188811188814,0.0126113009628078,0.053));
#11357=CARTESIAN_POINT('',(0.0546188811188814,0.0126113009628078,0.045));
#11358=CARTESIAN_POINT('',(0.0615,0.00853083494237432,0.045));
#11359=CARTESIAN_POINT('',(0.055379983510046,0.0138947906446435,0.052999999998735));
#11360=CARTESIAN_POINT('',(0.0551809061447243,0.0135590753079854,0.045568742648066));
#11361=CARTESIAN_POINT('',(0.0616713978612712,0.00997602411181798,0.045));
#11362=CARTESIAN_POINT('',(0.0567928207370957,0.0164832577754665,0.0527841497869022));
#11363=CARTESIAN_POINT('',(0.0563848504850644,0.0156950265061984,0.0464075026111579));
#11364=CARTESIAN_POINT('',(0.0619895643549888,0.0128905973376701,0.044956829957266));
#11365=CARTESIAN_POINT('',(0.0592202896363557,0.0217622949642585,0.0517573197329936));
#11366=CARTESIAN_POINT('',(0.0587275371681388,0.020550948860912,0.0471283853906015));
#11367=CARTESIAN_POINT('',(0.0625362227054979,0.0188347100779006,0.0447514639466647));
#11368=CARTESIAN_POINT('',(0.0615377297838382,0.028590827031217,0.0496378193045213));
#11369=CARTESIAN_POINT('',(0.061250634347338,0.0274532174489255,0.0467276322389387));
#11370=CARTESIAN_POINT('',(0.0630581029277032,0.0265235296493113,0.0443275638608821));
#11371=CARTESIAN_POINT('',(0.0628707789796229,0.035375345487942,0.0470067255410712));
#11372=CARTESIAN_POINT('',(0.0627871386744096,0.0347333322583845,0.0453672286318817));
#11373=CARTESIAN_POINT('',(0.063358301408009,0.0341627905887863,0.0438013451082147));
#11374=CARTESIAN_POINT('',(0.0634095043336716,0.0408491203731487,0.0447479834296798));
#11375=CARTESIAN_POINT('',(0.0633970629075846,0.040574661776746,0.044051851278452));
#11376=CARTESIAN_POINT('',(0.0634796206609686,0.0403261749083488,0.0433495966859395));
#11377=CARTESIAN_POINT('',(0.0635,0.0436227186329087,0.0435799649847731));
#11378=CARTESIAN_POINT('',(0.0635000000059052,0.0435359607510139,0.0433479789909799));
#11379=CARTESIAN_POINT('',(0.0635,0.0434492028701243,0.0431159929969454));
#11380=CARTESIAN_POINT('',(0.0635,0.045,0.043));
#11381=CARTESIAN_POINT('',(0.0635,0.045,0.043));
#11382=CARTESIAN_POINT('',(0.0635,0.045,0.043));
#11383=CARTESIAN_POINT('',(0.0615,0.00853083494237432,0.045));
#11384=CARTESIAN_POINT('',(0.061859490377142,0.0115619789457123,0.045));
#11385=CARTESIAN_POINT('',(0.0624595399732884,0.0176300062344402,0.0448200750636337));
#11386=CARTESIAN_POINT('',(0.0632717813492281,0.0297905748812175,0.0441431608338035));
#11387=CARTESIAN_POINT('',(0.0635,0.0389170419514745,0.0434549792421237));
#11388=CARTESIAN_POINT('',(0.0635,0.045,0.043));
#11389=CARTESIAN_POINT('',(-0.0615,0.,0.043));
#11390=CARTESIAN_POINT('',(-0.0615,-0.0334999999999984,0.043));
#11391=CARTESIAN_POINT('',(0.0615,2.02615701994091E-15,0.043));
#11392=CARTESIAN_POINT('',(0.0615,-0.0514999999999984,0.043));
#11393=CARTESIAN_POINT('',(2.22253293463495E-17,-0.106499999999998,0.043));
#11394=CARTESIAN_POINT('',(-0.0565,-0.106499999999998,0.043));
#11395=CARTESIAN_POINT('',(0.0065,-0.106499999999998,0.043));
#11396=CARTESIAN_POINT('',(-2.77555756156289E-17,0.045,0.063));
#11397=CARTESIAN_POINT('',(-0.0565,-0.101499999999998,0.043));
#11398=CARTESIAN_POINT('',(-0.0632082039324994,-0.103499999999998,0.043));
#11399=CARTESIAN_POINT('',(-0.0632082039324994,-0.103499999999998,0.0434341694316811));
#11400=CARTESIAN_POINT('',(-0.0628095878889893,-0.103801187531222,0.0442117442661292));
#11401=CARTESIAN_POINT('',(-0.0618159910961629,-0.104451486691188,0.0447493898748334));
#11402=CARTESIAN_POINT('',(-0.0607013956148925,-0.105044279469583,0.0449737926606708));
#11403=CARTESIAN_POINT('',(-0.0599038936208056,-0.105365123036317,0.045));
#11404=CARTESIAN_POINT('',(-0.0595,-0.105499999999998,0.045));
#11405=CARTESIAN_POINT('',(0.0065,-0.0514999999999984,0.048));
#11406=CARTESIAN_POINT('',(0.0065,-0.0514999999999984,0.043));
#11407=CARTESIAN_POINT('',(0.0065,-0.0514999999999984,0.043));
#11408=CARTESIAN_POINT('',(-0.035,-0.0354999999999984,0.0405));
#11409=CARTESIAN_POINT('',(-0.035,-0.0354999999999984,0.043));
#11410=CARTESIAN_POINT('',(-0.00725,-0.0354999999999984,0.043));
#11411=CARTESIAN_POINT('',(-0.00725,-0.0354999999999984,0.0385));
#11412=CARTESIAN_POINT('',(-0.00725,-0.0354999999999984,0.0385));
#11413=CARTESIAN_POINT('',(-0.035,-0.0354999999999984,0.0385));
#11414=CARTESIAN_POINT('',(-0.0615,-0.0354999999999984,0.0385));
#11415=CARTESIAN_POINT('',(-0.0615,-0.0354999999999984,0.0385));
#11416=CARTESIAN_POINT('',(-0.035,-0.103499999999998,0.0405));
#11417=CARTESIAN_POINT('',(-0.035,-0.103499999999998,0.0385));
#11418=CARTESIAN_POINT('',(-0.00725,-0.103499999999998,0.0385));
#11419=CARTESIAN_POINT('',(-0.00725,-0.103499999999998,0.0405));
#11420=CARTESIAN_POINT('',(-0.00725,-0.103499999999998,0.043));
#11421=CARTESIAN_POINT('',(-0.0610825756949559,-0.103499999999998,0.043));
#11422=CARTESIAN_POINT('',(-0.0065,-0.0694999999999984,0.0405));
#11423=CARTESIAN_POINT('',(-0.0065,-0.103499999999998,0.043));
#11424=CARTESIAN_POINT('',(-0.0065,-0.0362499999999984,0.043));
#11425=CARTESIAN_POINT('',(-0.0065,-0.102749999999998,0.043));
#11426=CARTESIAN_POINT('',(-0.0065,-0.102749999999998,0.0405));
#11427=CARTESIAN_POINT('',(-0.0065,-0.102749999999998,0.0385));
#11428=CARTESIAN_POINT('',(-0.0065,-0.0694999999999984,0.0385));
#11429=CARTESIAN_POINT('',(-0.0065,-0.0362499999999984,0.0385));
#11430=CARTESIAN_POINT('',(-0.0065,-0.0362499999999984,0.043));
#11431=CARTESIAN_POINT('',(-0.0605,-0.0694999999999984,0.042));
#11432=CARTESIAN_POINT('',(-0.0605,-0.0694999999999984,0.044));
#11433=CARTESIAN_POINT('',(-0.0605,-0.100499999999998,0.044));
#11434=CARTESIAN_POINT('',(-0.0605,-0.100499999999998,0.042));
#11435=CARTESIAN_POINT('',(-0.0605,-0.100499999999998,0.042));
#11436=CARTESIAN_POINT('',(-0.0605,-0.0694999999999984,0.042));
#11437=CARTESIAN_POINT('',(-0.035,-0.100499999999998,0.042));
#11438=CARTESIAN_POINT('',(-0.035,-0.100499999999998,0.044));
#11439=CARTESIAN_POINT('',(-0.035,-0.100499999999998,0.042));
#11440=CARTESIAN_POINT('',(-0.035,-0.0694999999999984,0.042));
#11441=CARTESIAN_POINT('',(-0.0365,-0.0414999999999984,0.042));
#11442=CARTESIAN_POINT('',(-0.0115,-0.0564999999999984,0.042));
#11443=CARTESIAN_POINT('',(-0.035,-0.0367499999999984,0.042));
#11444=CARTESIAN_POINT('',(-0.00775,-0.0367499999999984,0.042));
#11445=CARTESIAN_POINT('',(-0.06225,-0.0367499999999984,0.042));
#11446=CARTESIAN_POINT('',(-0.00775,-0.0694999999999984,0.042));
#11447=CARTESIAN_POINT('',(-0.00775,-0.102249999999998,0.042));
#11448=CARTESIAN_POINT('',(-0.035,-0.102249999999998,0.042));
#11449=CARTESIAN_POINT('',(-0.06225,-0.102249999999998,0.042));
#11450=CARTESIAN_POINT('',(-0.06225,2.02615701994091E-15,0.042));
#11451=CARTESIAN_POINT('',(0.,2.02615701994091E-15,0.045));
#11452=CARTESIAN_POINT('',(-0.0365,-0.0714999999999984,0.045));
#11453=CARTESIAN_POINT('',(-0.0315,-0.0714999999999984,0.045));
#11454=CARTESIAN_POINT('',(0.,-0.0394999999999984,0.045));
#11455=CARTESIAN_POINT('',(-0.0319174243050441,-0.0394999999999984,0.045));
#11456=CARTESIAN_POINT('',(-0.0105,-0.0394999999999984,0.045));
#11457=CARTESIAN_POINT('',(-0.0105,2.02586323612643E-15,0.045));
#11458=CARTESIAN_POINT('',(-0.0105,-0.051601020514432,0.045));
#11459=CARTESIAN_POINT('',(-0.0115,-0.0564999999999984,0.045));
#11460=CARTESIAN_POINT('',(-0.0105,-0.0613989794855647,0.045));
#11461=CARTESIAN_POINT('',(-0.0105,2.02586323612643E-15,0.045));
#11462=CARTESIAN_POINT('',(-0.0105,-0.0994999999999984,0.045));
#11463=CARTESIAN_POINT('',(2.70752918995597E-17,-0.0994999999999984,0.045));
#11464=CARTESIAN_POINT('',(-0.0595,-0.0994999999999984,0.045));
#11465=CARTESIAN_POINT('',(-0.0595,2.02615701994091E-15,0.045));
#11466=CARTESIAN_POINT('',(-0.0595,-0.0394999999999984,0.045));
#11467=CARTESIAN_POINT('',(0.,-0.0394999999999984,0.045));
#11468=CARTESIAN_POINT('',(-0.0410825756949559,-0.0394999999999984,0.045));
#11469=CARTESIAN_POINT('',(-0.0365,-0.0414999999999984,0.045));
#11470=CARTESIAN_POINT('',(-0.0365,-0.0714999999999984,0.041998));
#11471=CARTESIAN_POINT('',(-0.0365,-0.0714999999999984,0.044));
#11472=CARTESIAN_POINT('',(-0.0325,-0.0714999999999984,0.044));
#11473=CARTESIAN_POINT('',(-0.0365,-0.0714999999999984,0.042));
#11474=CARTESIAN_POINT('',(-0.0405,-0.0714999999999984,0.042));
#11475=CARTESIAN_POINT('',(-0.035,-0.0694999999999984,0.042));
#11476=CARTESIAN_POINT('',(-0.0365,-0.0414999999999984,0.041998));
#11477=CARTESIAN_POINT('',(-0.0365,-0.0414999999999984,0.044));
#11478=CARTESIAN_POINT('',(-0.0115,-0.0564999999999984,0.041998));
#11479=CARTESIAN_POINT('',(-0.0115,-0.0564999999999984,0.044));
#11480=CARTESIAN_POINT('',(-0.0615,-0.0364999999999984,0.0385));
#11481=CARTESIAN_POINT('',(-0.0615,-0.0364999999999984,0.0385));
#11482=CARTESIAN_POINT('',(-0.0615,-0.0359999999999984,0.0385));
#11483=CARTESIAN_POINT('',(-0.0615,-0.0359999999999984,0.03925));
#11484=CARTESIAN_POINT('',(-0.0615,-0.0367499999999984,0.03925));
#11485=CARTESIAN_POINT('',(-0.0615,-0.0367499999999984,0.0385));
#11486=CARTESIAN_POINT('',(-0.035,-0.0694999999999984,0.0385));
#11487=CARTESIAN_POINT('',(-0.00725,-0.102749999999998,0.0385));
#11488=CARTESIAN_POINT('',(-0.035,-0.102999999999998,0.0385));
#11489=CARTESIAN_POINT('',(-0.007,-0.102999999999998,0.0385));
#11490=CARTESIAN_POINT('',(-0.007,-0.0694999999999984,0.0385));
#11491=CARTESIAN_POINT('',(-0.007,-0.0359999999999984,0.0385));
#11492=CARTESIAN_POINT('',(-0.0615,-0.0359999999999984,0.0385));
#11493=CARTESIAN_POINT('',(-0.00725,-0.0362499999999984,0.0385));
#11494=CARTESIAN_POINT('',(-0.0885,-0.0955122250444444,0.042));
#11495=CARTESIAN_POINT('',(-0.0645,-0.0955122250444444,0.042));
#11496=CARTESIAN_POINT('',(-0.0645,-0.0955122250444444,0.0435));
#11497=CARTESIAN_POINT('',(-0.0645,-0.0955122250444444,0.036413843027686));
#11498=CARTESIAN_POINT('',(-0.0645,-0.0955122250444444,0.036413843027686));
#11499=CARTESIAN_POINT('',(-0.0885,-0.0955122250444444,0.036413843027686));
#11500=CARTESIAN_POINT('',(-0.0655,-0.0955122250444444,0.036413843027686));
#11501=CARTESIAN_POINT('',(-0.0655,-0.0955122250444444,0.042));
#11502=CARTESIAN_POINT('',(-0.0655,-0.0955122250444444,0.043));
#11503=CARTESIAN_POINT('',(-0.0615,-0.0955122250444444,0.043));
#11504=CARTESIAN_POINT('',(-0.0654686269665969,-0.0955122250444444,0.0435));
#11505=CARTESIAN_POINT('',(-0.0885,-0.0955122250444444,0.0435));
#11506=CARTESIAN_POINT('',(-0.0885,-0.0883854965507314,0.035413843027686));
#11507=CARTESIAN_POINT('',(-0.0885,-0.0945122250444444,0.035413843027686));
#11508=CARTESIAN_POINT('',(-0.0655,-0.0945122250444444,0.035413843027686));
#11509=CARTESIAN_POINT('',(-0.0645,-0.0945122250444444,0.035413843027686));
#11510=CARTESIAN_POINT('',(-0.0645,-0.0883854965507314,0.035413843027686));
#11511=CARTESIAN_POINT('',(-0.0645,-0.0822587680570184,0.035413843027686));
#11512=CARTESIAN_POINT('',(-0.0885,-0.0822587680570184,0.035413843027686));
#11513=CARTESIAN_POINT('',(-0.0655,-0.0822587680570184,0.035413843027686));
#11514=CARTESIAN_POINT('',(-0.0655,-0.0945122250444444,0.035413843027686));
#11515=CARTESIAN_POINT('',(-0.0885,-0.0812587680570184,0.0306176430136215));
#11516=CARTESIAN_POINT('',(-0.0885,-0.0812587680570184,0.034413843027686));
#11517=CARTESIAN_POINT('',(-0.0655,-0.0812587680570184,0.034413843027686));
#11518=CARTESIAN_POINT('',(-0.0645,-0.0812587680570184,0.034413843027686));
#11519=CARTESIAN_POINT('',(-0.0645,-0.0812587680570184,0.0306176430136215));
#11520=CARTESIAN_POINT('',(-0.0645,-0.0812587680570184,0.025821442999557));
#11521=CARTESIAN_POINT('',(-0.0885,-0.0812587680570184,0.025821442999557));
#11522=CARTESIAN_POINT('',(-0.0655,-0.0812587680570184,0.025821442999557));
#11523=CARTESIAN_POINT('',(-0.0655,-0.0812587680570184,0.034413843027686));
#11524=CARTESIAN_POINT('',(-0.0885,-0.0650487680971404,0.025821442999557));
#11525=CARTESIAN_POINT('',(-0.0645,-0.0650487680971404,0.025821442999557));
#11526=CARTESIAN_POINT('',(-0.0645,-0.0488387681372624,0.025821442999557));
#11527=CARTESIAN_POINT('',(-0.0885,-0.0488387681372624,0.025821442999557));
#11528=CARTESIAN_POINT('',(-0.0655,-0.0488387681372624,0.025821442999557));
#11529=CARTESIAN_POINT('',(-0.0655,-0.0812587680570184,0.025821442999557));
#11530=CARTESIAN_POINT('',(-0.0885,-0.0488387681372624,0.027117642554634));
#11531=CARTESIAN_POINT('',(-0.0645,-0.0488387681372624,0.027117642554634));
#11532=CARTESIAN_POINT('',(-0.0645,-0.0488387681372624,0.027413842109711));
#11533=CARTESIAN_POINT('',(-0.0885,-0.0488387681372624,0.027413842109711));
#11534=CARTESIAN_POINT('',(-0.0655,-0.0488387681372624,0.027413842109711));
#11535=CARTESIAN_POINT('',(-0.0655,-0.0488387681372624,0.025821442999557));
#11536=CARTESIAN_POINT('',(-0.0885,-0.0427526053841764,0.028413842109711));
#11537=CARTESIAN_POINT('',(-0.0885,-0.0478387681372624,0.028413842109711));
#11538=CARTESIAN_POINT('',(-0.0655,-0.0478387681372624,0.028413842109711));
#11539=CARTESIAN_POINT('',(-0.0645,-0.0478387681372624,0.028413842109711));
#11540=CARTESIAN_POINT('',(-0.0645,-0.0427526053841764,0.028413842109711));
#11541=CARTESIAN_POINT('',(-0.0645,-0.0376664426310904,0.028413842109711));
#11542=CARTESIAN_POINT('',(-0.0665,-0.0376664426310904,0.028413842109711));
#11543=CARTESIAN_POINT('',(-0.0655,-0.0376664426310904,0.028413842109711));
#11544=CARTESIAN_POINT('',(-0.0655,-0.0478387681372624,0.028413842109711));
#11545=CARTESIAN_POINT('',(-0.0885,-0.0366664426310904,0.0344569210548555));
#11546=CARTESIAN_POINT('',(-0.0635,-0.0366664426310904,0.029413842109711));
#11547=CARTESIAN_POINT('',(-0.0655,-0.0366664426310904,0.029413842109711));
#11548=CARTESIAN_POINT('',(-0.0645,-0.0366664426310904,0.029413842109711));
#11549=CARTESIAN_POINT('',(-0.0645,-0.0366664426310904,0.0344569210548555));
#11550=CARTESIAN_POINT('',(-0.0645,-0.0366664426310904,0.0395));
#11551=CARTESIAN_POINT('',(-0.0885,-0.0366664426310904,0.0395));
#11552=CARTESIAN_POINT('',(-0.0655,-0.0366664426310904,0.0395));
#11553=CARTESIAN_POINT('',(-0.0655,-0.0366664426310904,0.029413842109711));
#11554=CARTESIAN_POINT('',(-0.0885,-0.0812587680570184,0.042));
#11555=CARTESIAN_POINT('',(-0.0655,-0.0812587680570184,0.0415));
#11556=CARTESIAN_POINT('',(-0.0645,-0.0812587680570184,0.0435));
#11557=CARTESIAN_POINT('',(-0.0645,-0.0812587680570184,0.0425));
#11558=CARTESIAN_POINT('',(-0.0885,-0.0812587680570184,0.0425));
#11559=CARTESIAN_POINT('',(-0.0885,-0.0883854965507314,0.0435));
#11560=CARTESIAN_POINT('',(-0.0885,-0.0822587680570184,0.0435));
#11561=CARTESIAN_POINT('',(-0.0645,-0.0822587680570184,0.0435));
#11562=CARTESIAN_POINT('',(-0.0645,-0.0883854965507314,0.0435));
#11563=CARTESIAN_POINT('',(-0.0654686269665969,-0.0955122250444444,0.0435));
#11564=CARTESIAN_POINT('',(-0.0657335798042511,-0.0955122250444444,0.0435));
#11565=CARTESIAN_POINT('',(-0.0662536326047949,-0.0957274774470316,0.0435));
#11566=CARTESIAN_POINT('',(-0.0664749371855331,-0.0962472195977691,0.0435));
#11567=CARTESIAN_POINT('',(-0.0664749371855331,-0.0965122250444444,0.0435));
#11568=CARTESIAN_POINT('',(-0.0635,-0.0282499999999992,0.02175));
#11569=CARTESIAN_POINT('',(-0.0635,-0.0945122250444444,0.02175));
#11570=CARTESIAN_POINT('',(-0.0635,-0.0945122250444444,0.0425));
#11571=CARTESIAN_POINT('',(-0.0635,-0.0282499999999992,0.0425));
#11572=CARTESIAN_POINT('',(-0.0635,-0.0822587680570184,0.0425));
#11573=CARTESIAN_POINT('',(-0.0635,-0.0822587680570184,0.0405));
#11574=CARTESIAN_POINT('',(-0.00100000000000003,-0.0376664426310904,0.0395));
#11575=CARTESIAN_POINT('',(-0.0645,-0.0376664426310904,0.0395));
#11576=CARTESIAN_POINT('',(-0.0655,-0.0376664426310904,0.0395));
#11577=CARTESIAN_POINT('',(-0.0885,-0.0376664426310904,0.029413842109711));
#11578=CARTESIAN_POINT('',(-0.0645,-0.0376664426310904,0.029413842109711));
#11579=CARTESIAN_POINT('',(-0.0655,-0.0376664426310904,0.029413842109711));
#11580=CARTESIAN_POINT('',(-0.0885,-0.0945122250444444,0.036413843027686));
#11581=CARTESIAN_POINT('',(-0.0645,-0.0945122250444444,0.036413843027686));
#11582=CARTESIAN_POINT('',(-0.0655,-0.0945122250444444,0.036413843027686));
#11583=CARTESIAN_POINT('',(-0.0885,-0.0822587680570184,0.034413843027686));
#11584=CARTESIAN_POINT('',(-0.0645,-0.0822587680570184,0.034413843027686));
#11585=CARTESIAN_POINT('',(-0.0655,-0.0822587680570184,0.034413843027686));
#11586=CARTESIAN_POINT('',(-0.0885,-0.0478387681372624,0.027413842109711));
#11587=CARTESIAN_POINT('',(-0.0645,-0.0478387681372624,0.027413842109711));
#11588=CARTESIAN_POINT('',(-0.0655,-0.0478387681372624,0.027413842109711));
#11589=CARTESIAN_POINT('',(-0.035,-0.105499999999998,0.043));
#11590=CARTESIAN_POINT('',(-0.0045,-0.105499999999998,0.043));
#11591=CARTESIAN_POINT('',(-0.0045,-0.0694999999999984,0.043));
#11592=CARTESIAN_POINT('',(-0.0045,-0.105499999999998,0.043));
#11593=CARTESIAN_POINT('',(-0.0045,-0.0334999999999984,0.043));
#11594=CARTESIAN_POINT('',(0.,-0.0334999999999984,0.043));
#11595=CARTESIAN_POINT('',(-0.0045,-0.0334999999999984,0.043));
#11596=CARTESIAN_POINT('',(-0.0725,-0.045,0.004));
#11597=CARTESIAN_POINT('',(-0.0725,-0.045,0.004));
#11598=CARTESIAN_POINT('',(-0.0725,-0.045,0.004));
#11599=CARTESIAN_POINT('',(-0.0725,-0.045,0.004));
#11600=CARTESIAN_POINT('',(-0.0695,-0.045,0.004));
#11601=CARTESIAN_POINT('',(-0.0725,0.045,0.004));
#11602=CARTESIAN_POINT('',(-0.0725,0.045,0.004));
#11603=CARTESIAN_POINT('',(-0.0725,0.045,0.004));
#11604=CARTESIAN_POINT('',(-0.0725,0.045,0.004));
#11605=CARTESIAN_POINT('',(-0.0695,0.045,0.004));
#11606=CARTESIAN_POINT('',(0.0725,0.045,0.004));
#11607=CARTESIAN_POINT('',(0.0725,0.045,0.004));
#11608=CARTESIAN_POINT('',(0.0725,0.045,0.004));
#11609=CARTESIAN_POINT('',(0.0725,0.045,0.004));
#11610=CARTESIAN_POINT('',(0.0755,0.045,0.004));
#11611=CARTESIAN_POINT('',(0.,2.02615701994091E-15,0.004));
#11612=CARTESIAN_POINT('',(-2.77555756156289E-17,0.045,0.004));
#11613=CARTESIAN_POINT('',(-0.0685,0.045,0.004));
#11614=CARTESIAN_POINT('',(0.0685000000000024,0.045,0.004));
#11615=CARTESIAN_POINT('',(0.0685,2.02615701994091E-15,0.004));
#11616=CARTESIAN_POINT('',(0.0685,-0.0514999999999984,0.004));
#11617=CARTESIAN_POINT('',(0.0065,-0.0514999999999984,0.004));
#11618=CARTESIAN_POINT('',(0.0065,-0.113499999999998,0.004));
#11619=CARTESIAN_POINT('',(2.36861491155932E-17,-0.113499999999998,0.004));
#11620=CARTESIAN_POINT('',(-0.0565,-0.113499999999998,0.004));
#11621=CARTESIAN_POINT('',(-0.0565,-0.101499999999998,0.004));
#11622=CARTESIAN_POINT('',(-0.0685,-0.101499999999998,0.004));
#11623=CARTESIAN_POINT('',(-0.0685,0.045,0.004));
#11624=CARTESIAN_POINT('',(-0.0715,0.033,0.004));
#11625=CARTESIAN_POINT('',(-0.0695,0.033,0.004));
#11626=CARTESIAN_POINT('',(-0.0695,-0.102999999999998,0.004));
#11627=CARTESIAN_POINT('',(-0.0695,-0.033,0.004));
#11628=CARTESIAN_POINT('',(-0.0715,-0.033,0.004));
#11629=CARTESIAN_POINT('',(-0.0715,-0.057,0.004));
#11630=CARTESIAN_POINT('',(-0.0695,-0.057,0.004));
#11631=CARTESIAN_POINT('',(-0.0695,-0.102999999999998,0.004));
#11632=CARTESIAN_POINT('',(-0.0695,-0.104499999999998,0.004));
#11633=CARTESIAN_POINT('',(-0.0595,-0.104499999999998,0.004));
#11634=CARTESIAN_POINT('',(-0.0595,-0.114499999999998,0.004));
#11635=CARTESIAN_POINT('',(-0.0235,-0.114499999999998,0.004));
#11636=CARTESIAN_POINT('',(0.0095,-0.114499999999998,0.004));
#11637=CARTESIAN_POINT('',(0.0095,-0.0544999999999984,0.004));
#11638=CARTESIAN_POINT('',(0.0694512028416812,-0.0569193548387096,0.004));
#11639=CARTESIAN_POINT('',(0.0714495762697372,-0.057,0.004));
#11640=CARTESIAN_POINT('',(0.0714495762697372,-0.055,0.004));
#11641=CARTESIAN_POINT('',(0.0695,-0.055,0.004));
#11642=CARTESIAN_POINT('',(0.0725,-0.055,0.004));
#11643=CARTESIAN_POINT('',(0.0725,-0.045,0.004));
#11644=CARTESIAN_POINT('',(0.0715,-0.033,0.004));
#11645=CARTESIAN_POINT('',(0.0695,-0.033,0.004));
#11646=CARTESIAN_POINT('',(0.0695,-0.0497499999999992,0.004));
#11647=CARTESIAN_POINT('',(0.0695,0.033,0.004));
#11648=CARTESIAN_POINT('',(0.0715,0.033,0.004));
#11649=CARTESIAN_POINT('',(0.0704858141756222,0.057,0.004));
#11650=CARTESIAN_POINT('',(0.0685141830098706,0.0566643356643357,0.004));
#11651=CARTESIAN_POINT('',(-2.77555756156289E-17,0.045,0.004));
#11652=CARTESIAN_POINT('',(-0.0685141830098706,0.0566643356643357,0.004));
#11653=CARTESIAN_POINT('',(-0.0704858141756223,0.057,0.004));
#11654=CARTESIAN_POINT('',(0.0725,-0.045,0.004));
#11655=CARTESIAN_POINT('',(0.0755,-0.045,0.004));
#11656=CARTESIAN_POINT('',(0.0695,-0.055,0.004));
#11657=CARTESIAN_POINT('',(0.0714495762697372,-0.055,0.004));
#11658=CARTESIAN_POINT('',(0.0725,-0.055,0.004));
#11659=CARTESIAN_POINT('',(0.0725,-0.045,0.004));
#11660=CARTESIAN_POINT('',(0.0725,-0.045,0.004));
#11661=CARTESIAN_POINT('',(-0.0365,-0.0414999999999984,0.044));
#11662=CARTESIAN_POINT('',(-0.0391457513110646,-0.0384999999999984,0.044));
#11663=CARTESIAN_POINT('',(-0.0391457513110646,-0.0384999999999984,0.0441089410644491));
#11664=CARTESIAN_POINT('',(-0.0392442107998829,-0.0385369468208033,0.0443083172443215));
#11665=CARTESIAN_POINT('',(-0.0395570155024675,-0.0386640695900539,0.0445770236970457));
#11666=CARTESIAN_POINT('',(-0.039999802997475,-0.0388678321786683,0.0447990013528614));
#11667=CARTESIAN_POINT('',(-0.0405450313342163,-0.0391617067972974,0.0449601939975577));
#11668=CARTESIAN_POINT('',(-0.0409034472678678,-0.0393828036510311,0.045));
#11669=CARTESIAN_POINT('',(-0.0410825756949558,-0.0394999999999984,0.045));
#11670=CARTESIAN_POINT('',(-0.0338542486889354,-0.0384999999999984,0.044));
#11671=CARTESIAN_POINT('',(-0.0338542486889354,-0.0384999999999984,0.0441089410644491));
#11672=CARTESIAN_POINT('',(-0.0337557892001171,-0.0385369468208033,0.0443083172443215));
#11673=CARTESIAN_POINT('',(-0.0334429844975325,-0.0386640695900538,0.0445770236970457));
#11674=CARTESIAN_POINT('',(-0.0330001970025251,-0.0388678321786684,0.0447990013528614));
#11675=CARTESIAN_POINT('',(-0.0324549686657835,-0.0391617067972971,0.0449601939975577));
#11676=CARTESIAN_POINT('',(-0.0320965527321327,-0.0393828036510318,0.045));
#11677=CARTESIAN_POINT('',(-0.0319174243050441,-0.0394999999999984,0.045));
#11678=CARTESIAN_POINT('',(0.,-0.0394999999999984,0.044));
#11679=CARTESIAN_POINT('',(-0.0105,-0.0394999999999984,0.044));
#11680=CARTESIAN_POINT('',(0.,-0.0394999999999984,0.044));
#11681=CARTESIAN_POINT('',(-0.0595,-0.0394999999999984,0.044));
#11682=CARTESIAN_POINT('',(-0.0105,2.02586323612643E-15,0.044));
#11683=CARTESIAN_POINT('',(-0.0095,-0.0530358983848606,0.044));
#11684=CARTESIAN_POINT('',(-0.0095,-0.0530358983848606,0.0441853210333553));
#11685=CARTESIAN_POINT('',(-0.00960575460026658,-0.0528515475616298,0.0445135505345074));
#11686=CARTESIAN_POINT('',(-0.00994494880287486,-0.0523195319922593,0.0448867084901223));
#11687=CARTESIAN_POINT('',(-0.0102693528663781,-0.051883647200198,0.045));
#11688=CARTESIAN_POINT('',(-0.0105,-0.051601020514432,0.045));
#11689=CARTESIAN_POINT('',(-0.0595,2.02615701994091E-15,0.044));
#11690=CARTESIAN_POINT('',(-0.0595,-0.0994999999999984,0.044));
#11691=CARTESIAN_POINT('',(-0.0115,-0.0564999999999984,0.044));
#11692=CARTESIAN_POINT('',(-0.0095,-0.0599641016151361,0.044));
#11693=CARTESIAN_POINT('',(-0.0095,-0.0599641016151361,0.0441853210333553));
#11694=CARTESIAN_POINT('',(-0.00960575460026644,-0.0601484524383672,0.0445135505345073));
#11695=CARTESIAN_POINT('',(-0.0099449488028755,-0.0606804680077369,0.0448867084901222));
#11696=CARTESIAN_POINT('',(-0.0102693528663751,-0.0611163527998011,0.045));
#11697=CARTESIAN_POINT('',(-0.0105,-0.0613989794855647,0.045));
#11698=CARTESIAN_POINT('',(2.70752918995597E-17,-0.0994999999999984,0.044));
#11699=CARTESIAN_POINT('',(-0.0105,-0.0994999999999984,0.044));
#11700=CARTESIAN_POINT('',(-0.0105,2.02586323612643E-15,0.044));
#11701=CARTESIAN_POINT('',(-0.0365,-0.0714999999999984,0.044));
#11702=CARTESIAN_POINT('',(-0.0655,-0.048984582528812,0.0415));
#11703=CARTESIAN_POINT('',(-0.0655,-0.0376664426310904,0.0415));
#11704=CARTESIAN_POINT('',(-0.0655,-0.0376664426310904,0.0395));
#11705=CARTESIAN_POINT('',(-0.0655,-0.0356664426310904,0.0395));
#11706=CARTESIAN_POINT('',(-0.0655,-0.0356664426310904,0.0344569210548555));
#11707=CARTESIAN_POINT('',(-0.0655,-0.0356664426310904,0.029413842109711));
#11708=CARTESIAN_POINT('',(-0.0655,-0.0376664426310904,0.029413842109711));
#11709=CARTESIAN_POINT('',(-0.0655,-0.0376664426310904,0.027413842109711));
#11710=CARTESIAN_POINT('',(-0.0655,-0.0427526053841764,0.027413842109711));
#11711=CARTESIAN_POINT('',(-0.0655,-0.0478387681372624,0.027413842109711));
#11712=CARTESIAN_POINT('',(-0.0655,-0.0478387681372624,0.027413842109711));
#11713=CARTESIAN_POINT('',(-0.0655,-0.0478387681372624,0.027413842109711));
#11714=CARTESIAN_POINT('',(-0.0655,-0.0478387681372624,0.027117642554634));
#11715=CARTESIAN_POINT('',(-0.0655,-0.0478387681372624,0.024821442999557));
#11716=CARTESIAN_POINT('',(-0.0655,-0.0650487680971404,0.024821442999557));
#11717=CARTESIAN_POINT('',(-0.0655,-0.0822587680570184,0.024821442999557));
#11718=CARTESIAN_POINT('',(-0.0655,-0.0822587680570184,0.0306176430136215));
#11719=CARTESIAN_POINT('',(-0.0655,-0.0822587680570184,0.034413843027686));
#11720=CARTESIAN_POINT('',(-0.0655,-0.0822587680570184,0.034413843027686));
#11721=CARTESIAN_POINT('',(-0.0655,-0.0822587680570184,0.034413843027686));
#11722=CARTESIAN_POINT('',(-0.0655,-0.0883854965507314,0.034413843027686));
#11723=CARTESIAN_POINT('',(-0.0655,-0.0945122250444444,0.034413843027686));
#11724=CARTESIAN_POINT('',(-0.0655,-0.0945122250444444,0.036413843027686));
#11725=CARTESIAN_POINT('',(-0.0655,-0.0965122250444444,0.036413843027686));
#11726=CARTESIAN_POINT('',(-0.0655,-0.0965122250444444,0.048));
#11727=CARTESIAN_POINT('',(-0.0655,-0.0965122250444444,0.043));
#11728=CARTESIAN_POINT('',(-0.0615,-0.0965122250444444,0.043));
#11729=CARTESIAN_POINT('',(-0.0645,-0.0822587680570184,0.042));
#11730=CARTESIAN_POINT('',(-0.0645,-0.0822587680570184,0.0425));
#11731=CARTESIAN_POINT('',(-0.0885,-0.0822587680570184,0.0425));
#11732=CARTESIAN_POINT('',(-0.0645,-0.0822587680570184,0.0425));
#11733=CARTESIAN_POINT('',(-0.0645,-0.0822587680570184,0.0425));
#11734=CARTESIAN_POINT('',(-0.0645,-0.0822587680570184,0.0425));
#11735=CARTESIAN_POINT('',(-0.0645,-0.0282499999999992,0.0425));
#11736=CARTESIAN_POINT('',(-0.0645,-0.0945122250444444,0.0425));
#11737=CARTESIAN_POINT('',(-0.0645,-0.0945122250444444,0.02175));
#11738=CARTESIAN_POINT('',(-0.00775,-0.0694999999999984,0.0405));
#11739=CARTESIAN_POINT('',(-0.00775,-0.0367499999999984,0.0405));
#11740=CARTESIAN_POINT('',(-0.00775,-0.0367499999999984,0.03925));
#11741=CARTESIAN_POINT('',(-0.00775,-0.0694999999999984,0.03925));
#11742=CARTESIAN_POINT('',(-0.00775,-0.102249999999998,0.03925));
#11743=CARTESIAN_POINT('',(-0.00775,-0.102249999999998,0.0405));
#11744=CARTESIAN_POINT('',(-0.035,-0.0367499999999984,0.0405));
#11745=CARTESIAN_POINT('',(-0.00775,-0.0367499999999984,0.03925));
#11746=CARTESIAN_POINT('',(-0.06225,-0.0367499999999984,0.0405));
#11747=CARTESIAN_POINT('',(-0.06225,2.02615701994091E-15,0.0405));
#11748=CARTESIAN_POINT('',(-0.06225,-0.102249999999998,0.0405));
#11749=CARTESIAN_POINT('',(-0.035,-0.102249999999998,0.0405));
#11750=CARTESIAN_POINT('',(-0.035,-0.102249999999998,0.03925));
#11751=CARTESIAN_POINT('',(-0.035,-0.102999999999998,0.03925));
#11752=CARTESIAN_POINT('',(-0.007,-0.102999999999998,0.03925));
#11753=CARTESIAN_POINT('',(-0.007,-0.0694999999999984,0.03925));
#11754=CARTESIAN_POINT('',(-0.007,-0.0359999999999984,0.03925));
#11755=CARTESIAN_POINT('',(-0.035,-0.0359999999999984,0.03925));
#11756=CARTESIAN_POINT('',(-0.00725,-0.102749999999998,0.0405));
#11757=CARTESIAN_POINT('',(-0.00725,-0.102749999999998,0.043));
#11758=CARTESIAN_POINT('',(-0.0065,-0.102749999999998,0.043));
#11759=CARTESIAN_POINT('',(-0.0065,-0.103499999999998,0.043));
#11760=CARTESIAN_POINT('',(-0.00725,-0.103499999999998,0.043));
#11761=CARTESIAN_POINT('',(-0.0065,-0.102750000000006,0.0432617993993406));
#11762=CARTESIAN_POINT('',(-0.00650000000005343,-0.103499999999951,0.0431636245510305));
#11763=CARTESIAN_POINT('',(-0.00724999999999532,-0.103499999999998,0.0432617993993406));
#11764=CARTESIAN_POINT('',(-0.00639586248476082,-0.102893189083449,0.0437852761129075));
#11765=CARTESIAN_POINT('',(-0.00649491704991696,-0.103505082950078,0.0434839688610858));
#11766=CARTESIAN_POINT('',(-0.00710681091654829,-0.103604137515237,0.0437852761129075));
#11767=CARTESIAN_POINT('',(-0.00595103569347258,-0.103504825921475,0.0444510356941941));
#11768=CARTESIAN_POINT('',(-0.00618215200197853,-0.103817847998023,0.0442289006058114));
#11769=CARTESIAN_POINT('',(-0.00649517407852428,-0.104048964306527,0.0444510356941941));
#11770=CARTESIAN_POINT('',(-0.00528527611558745,-0.104420245341062,0.0448958624845547));
#11771=CARTESIAN_POINT('',(-0.00545568282162522,-0.104544317178365,0.0448457703943128));
#11772=CARTESIAN_POINT('',(-0.00557975465893267,-0.104714723884407,0.0448958624845547));
#11773=CARTESIAN_POINT('',(-0.00476179939356829,-0.105140025833849,0.045));
#11774=CARTESIAN_POINT('',(-0.00481088679014042,-0.105189113209874,0.0450000000000028));
#11775=CARTESIAN_POINT('',(-0.00485997416615692,-0.105238200606439,0.045));
#11776=CARTESIAN_POINT('',(-0.0045,-0.105499999999998,0.045));
#11777=CARTESIAN_POINT('',(-0.0045,-0.105499999999998,0.045));
#11778=CARTESIAN_POINT('',(-0.0045,-0.105499999999998,0.045));
#11779=CARTESIAN_POINT('',(-0.00725,-0.0362499999999984,0.0405));
#11780=CARTESIAN_POINT('',(-0.00725,-0.0362499999999984,0.043));
#11781=CARTESIAN_POINT('',(-0.00725,-0.0354999999999984,0.043));
#11782=CARTESIAN_POINT('',(-0.0065,-0.0354999999999984,0.043));
#11783=CARTESIAN_POINT('',(-0.0065,-0.0362499999999984,0.043));
#11784=CARTESIAN_POINT('',(-0.00724999999999532,-0.0354999999999984,0.0432617993993406));
#11785=CARTESIAN_POINT('',(-0.00650000000005343,-0.0355000000000542,0.0431636245510305));
#11786=CARTESIAN_POINT('',(-0.0065,-0.0362499999999947,0.0432617993993406));
#11787=CARTESIAN_POINT('',(-0.00710681091654829,-0.0353958624847592,0.0437852761129075));
#11788=CARTESIAN_POINT('',(-0.00649491704991699,-0.0354949170499141,0.0434839688610858));
#11789=CARTESIAN_POINT('',(-0.00639586248476082,-0.0361068109165462,0.0437852761129075));
#11790=CARTESIAN_POINT('',(-0.00649517407852428,-0.0349510356934712,0.0444510356941941));
#11791=CARTESIAN_POINT('',(-0.00618215200197843,-0.0351821520019779,0.0442289006058115));
#11792=CARTESIAN_POINT('',(-0.00595103569347261,-0.0354951740785232,0.0444510356941941));
#11793=CARTESIAN_POINT('',(-0.00557975465893267,-0.0342852761155849,0.0448958624845547));
#11794=CARTESIAN_POINT('',(-0.00545568282162554,-0.0344556828216212,0.0448457703943128));
#11795=CARTESIAN_POINT('',(-0.00528527611558735,-0.0345797546589296,0.0448958624845547));
#11796=CARTESIAN_POINT('',(-0.00485997416615692,-0.0337617993935687,0.045));
#11797=CARTESIAN_POINT('',(-0.00481088679013976,-0.0338108867901438,0.0450000000000028));
#11798=CARTESIAN_POINT('',(-0.00476179939356851,-0.0338599741661584,0.045));
#11799=CARTESIAN_POINT('',(-0.0045,-0.0334999999999984,0.045));
#11800=CARTESIAN_POINT('',(-0.0045,-0.0334999999999984,0.045));
#11801=CARTESIAN_POINT('',(-0.0045,-0.0334999999999984,0.045));
#11802=CARTESIAN_POINT('',(-0.0645,-0.0376664426310904,0.0395));
#11803=CARTESIAN_POINT('',(-0.0645,-0.0356664426310904,0.0395));
#11804=CARTESIAN_POINT('',(-0.0645,-0.0356664426310904,0.0344569210548555));
#11805=CARTESIAN_POINT('',(-0.0645,-0.0356664426310904,0.029413842109711));
#11806=CARTESIAN_POINT('',(-0.0645,-0.0376664426310904,0.029413842109711));
#11807=CARTESIAN_POINT('',(-0.0645,-0.0376664426310904,0.027413842109711));
#11808=CARTESIAN_POINT('',(-0.0645,-0.0427526053841764,0.027413842109711));
#11809=CARTESIAN_POINT('',(-0.0645,-0.0478387681372624,0.027413842109711));
#11810=CARTESIAN_POINT('',(-0.0645,-0.0478387681372624,0.027413842109711));
#11811=CARTESIAN_POINT('',(-0.0645,-0.0478387681372624,0.027413842109711));
#11812=CARTESIAN_POINT('',(-0.0645,-0.0478387681372624,0.027117642554634));
#11813=CARTESIAN_POINT('',(-0.0645,-0.0478387681372624,0.024821442999557));
#11814=CARTESIAN_POINT('',(-0.0645,-0.0650487680971404,0.024821442999557));
#11815=CARTESIAN_POINT('',(-0.0645,-0.0822587680570184,0.024821442999557));
#11816=CARTESIAN_POINT('',(-0.0645,-0.0822587680570184,0.0306176430136215));
#11817=CARTESIAN_POINT('',(-0.0645,-0.0822587680570184,0.034413843027686));
#11818=CARTESIAN_POINT('',(-0.0645,-0.0822587680570184,0.034413843027686));
#11819=CARTESIAN_POINT('',(-0.0645,-0.0822587680570184,0.034413843027686));
#11820=CARTESIAN_POINT('',(-0.0645,-0.0883854965507314,0.034413843027686));
#11821=CARTESIAN_POINT('',(-0.0645,-0.0945122250444444,0.034413843027686));
#11822=CARTESIAN_POINT('',(-0.0645,-0.0945122250444444,0.036413843027686));
#11823=CARTESIAN_POINT('',(-0.0645,-0.0965122250444444,0.036413843027686));
#11824=CARTESIAN_POINT('',(-0.0645,-0.0965122250444444,0.048));
#11825=CARTESIAN_POINT('',(0.0335318296795952,0.0505260085614217,0.066));
#11826=CARTESIAN_POINT('',(0.0335318296795952,0.0505260085614217,0.068));
#11827=CARTESIAN_POINT('',(0.0328933713840965,0.0505260085614217,0.068));
#11828=CARTESIAN_POINT('',(0.034170287975094,0.0505260085614217,0.068));
#11829=CARTESIAN_POINT('',(0.0328933713840965,0.0505260085614217,0.066));
#11830=CARTESIAN_POINT('',(0.0328933713840965,0.0505260085614217,0.066));
#11831=CARTESIAN_POINT('',(0.0335318296795952,0.0505260085614217,0.066));
#11832=CARTESIAN_POINT('',(0.034170287975094,0.0505260085614217,0.066));
#11833=CARTESIAN_POINT('',(0.034170287975094,0.0505260085614217,0.066));
#11834=CARTESIAN_POINT('',(0.0328933713840965,0.0509078674276819,0.066));
#11835=CARTESIAN_POINT('',(0.0328933713840965,0.0509078674276819,0.068));
#11836=CARTESIAN_POINT('',(0.0328933713840965,0.0512897262939421,0.068));
#11837=CARTESIAN_POINT('',(0.0328933713840965,0.0512897262939421,0.066));
#11838=CARTESIAN_POINT('',(0.0328933713840965,0.0512897262939421,0.066));
#11839=CARTESIAN_POINT('',(0.0328933713840965,0.0509078674276819,0.066));
#11840=CARTESIAN_POINT('',(0.0329712024905954,0.0519342651446361,0.066));
#11841=CARTESIAN_POINT('',(0.0329712024905954,0.0519342651446361,0.068));
#11842=CARTESIAN_POINT('',(0.0329193150862628,0.0517834673757945,0.066));
#11843=CARTESIAN_POINT('',(0.0329193150862628,0.0517834673757945,0.068));
#11844=CARTESIAN_POINT('',(0.0328933713840965,0.0515686210922298,0.066));
#11845=CARTESIAN_POINT('',(0.0328933713840965,0.0515686210922298,0.068));
#11846=CARTESIAN_POINT('',(0.0328933713840965,0.0512897262939421,0.066));
#11847=CARTESIAN_POINT('',(0.0328933713840965,0.0512897262939421,0.068));
#11848=CARTESIAN_POINT('',(0.0329712024905954,0.0519342651446361,0.068));
#11849=CARTESIAN_POINT('',(0.0328933713840965,0.0517080684913737,0.068));
#11850=CARTESIAN_POINT('',(0.0328933713840965,0.0512897262939421,0.068));
#11851=CARTESIAN_POINT('',(0.0329712024905954,0.0519342651446361,0.068));
#11852=CARTESIAN_POINT('',(0.0329712024905954,0.0519342651446361,0.066));
#11853=CARTESIAN_POINT('',(0.0329712024905954,0.0519342651446361,0.066));
#11854=CARTESIAN_POINT('',(0.0329712024905954,0.0519342651446361,0.066));
#11855=CARTESIAN_POINT('',(0.0328933713840965,0.0517080684913737,0.066));
#11856=CARTESIAN_POINT('',(0.0328933713840965,0.0512897262939421,0.066));
#11857=CARTESIAN_POINT('',(0.0331815897003502,0.0522541023479051,0.066));
#11858=CARTESIAN_POINT('',(0.0331815897003502,0.0522541023479051,0.068));
#11859=CARTESIAN_POINT('',(0.0330932189648463,0.0521916753145674,0.066));
#11860=CARTESIAN_POINT('',(0.0330932189648463,0.0521916753145674,0.068));
#11861=CARTESIAN_POINT('',(0.033023089894928,0.0520850629134778,0.066));
#11862=CARTESIAN_POINT('',(0.033023089894928,0.0520850629134778,0.068));
#11863=CARTESIAN_POINT('',(0.0329712024905954,0.0519342651446361,0.066));
#11864=CARTESIAN_POINT('',(0.0329712024905954,0.0519342651446361,0.068));
#11865=CARTESIAN_POINT('',(0.0331815897003502,0.0522541023479051,0.068));
#11866=CARTESIAN_POINT('',(0.0330490335970943,0.0521604617978986,0.068));
#11867=CARTESIAN_POINT('',(0.0329712024905954,0.0519342651446361,0.068));
#11868=CARTESIAN_POINT('',(0.0331815897003502,0.0522541023479051,0.068));
#11869=CARTESIAN_POINT('',(0.0331815897003502,0.0522541023479051,0.066));
#11870=CARTESIAN_POINT('',(0.0331815897003502,0.0522541023479051,0.066));
#11871=CARTESIAN_POINT('',(0.0331815897003502,0.0522541023479051,0.066));
#11872=CARTESIAN_POINT('',(0.0330490335970943,0.0521604617978986,0.066));
#11873=CARTESIAN_POINT('',(0.0329712024905954,0.0519342651446361,0.066));
#11874=CARTESIAN_POINT('',(0.0334838747912865,0.051806744048835,0.066));
#11875=CARTESIAN_POINT('',(0.0334838747912865,0.051806744048835,0.068));
#11876=CARTESIAN_POINT('',(0.0335014804166835,0.0523469719994075,0.068));
#11877=CARTESIAN_POINT('',(0.0335014824279979,0.0523469719340027,0.066));
#11878=CARTESIAN_POINT('',(0.0335014804166835,0.0523469719994075,0.066));
#11879=CARTESIAN_POINT('',(0.0334838747912865,0.051806744048835,0.066));
#11880=CARTESIAN_POINT('',(0.0335228449258727,0.051608074410182,0.066));
#11881=CARTESIAN_POINT('',(0.0335228449258727,0.051608074410182,0.068));
#11882=CARTESIAN_POINT('',(0.0338504507718251,0.0522699117914126,0.068));
#11883=CARTESIAN_POINT('',(0.0338504507718251,0.0522699117914126,0.066));
#11884=CARTESIAN_POINT('',(0.0338504507718251,0.0522699117914126,0.066));
#11885=CARTESIAN_POINT('',(0.0335228449258727,0.051608074410182,0.066));
#11886=CARTESIAN_POINT('',(0.0340839440913218,0.0519889901413932,0.066));
#11887=CARTESIAN_POINT('',(0.0340839440913218,0.0519889901413932,0.068));
#11888=CARTESIAN_POINT('',(0.0340263815021403,0.0521243838370735,0.066));
#11889=CARTESIAN_POINT('',(0.0340263815021403,0.0521243838370735,0.068));
#11890=CARTESIAN_POINT('',(0.0339485503956414,0.05221802438708,0.066));
#11891=CARTESIAN_POINT('',(0.0339485503956414,0.05221802438708,0.068));
#11892=CARTESIAN_POINT('',(0.0338504507718251,0.0522699117914126,0.066));
#11893=CARTESIAN_POINT('',(0.0338504507718251,0.0522699117914126,0.068));
#11894=CARTESIAN_POINT('',(0.0340839440913218,0.0519889901413932,0.068));
#11895=CARTESIAN_POINT('',(0.0339976002075496,0.0521920806849137,0.068));
#11896=CARTESIAN_POINT('',(0.0338504507718251,0.0522699117914126,0.068));
#11897=CARTESIAN_POINT('',(0.0340839440913218,0.0519889901413932,0.068));
#11898=CARTESIAN_POINT('',(0.0340839440913218,0.0519889901413932,0.066));
#11899=CARTESIAN_POINT('',(0.0340839440913218,0.0519889901413932,0.066));
#11900=CARTESIAN_POINT('',(0.0340839440913218,0.0519889901413932,0.066));
#11901=CARTESIAN_POINT('',(0.0339976002075496,0.0521920806849137,0.066));
#11902=CARTESIAN_POINT('',(0.0338504507718251,0.0522699117914126,0.066));
#11903=CARTESIAN_POINT('',(0.034170287975094,0.0514283629523933,0.066));
#11904=CARTESIAN_POINT('',(0.034170287975094,0.0514283629523933,0.068));
#11905=CARTESIAN_POINT('',(0.034170287975094,0.0516667207160462,0.066));
#11906=CARTESIAN_POINT('',(0.034170287975094,0.0516667207160462,0.068));
#11907=CARTESIAN_POINT('',(0.0341415066805033,0.0518535964457128,0.066));
#11908=CARTESIAN_POINT('',(0.0341415066805033,0.0518535964457128,0.068));
#11909=CARTESIAN_POINT('',(0.0340839440913218,0.0519889901413932,0.066));
#11910=CARTESIAN_POINT('',(0.0340839440913218,0.0519889901413932,0.068));
#11911=CARTESIAN_POINT('',(0.034170287975094,0.0514283629523933,0.068));
#11912=CARTESIAN_POINT('',(0.034170287975094,0.0517858995978726,0.068));
#11913=CARTESIAN_POINT('',(0.0340839440913218,0.0519889901413932,0.068));
#11914=CARTESIAN_POINT('',(0.034170287975094,0.0514283629523933,0.068));
#11915=CARTESIAN_POINT('',(0.034170287975094,0.0514283629523933,0.066));
#11916=CARTESIAN_POINT('',(0.034170287975094,0.0514283629523933,0.066));
#11917=CARTESIAN_POINT('',(0.034170287975094,0.0514283629523933,0.066));
#11918=CARTESIAN_POINT('',(0.034170287975094,0.0517858995978726,0.066));
#11919=CARTESIAN_POINT('',(0.0340839440913218,0.0519889901413932,0.066));
#11920=CARTESIAN_POINT('',(0.0335160202360876,0.0448443377870022,0.066));
#11921=CARTESIAN_POINT('',(0.0335160202360876,0.0448443377870022,0.068));
#11922=CARTESIAN_POINT('',(0.032862563237774,0.0448443377870022,0.066));
#11923=CARTESIAN_POINT('',(0.032862563237774,0.0448443377870022,0.068));
#11924=CARTESIAN_POINT('',(0.0323023414191205,0.0449610844467505,0.066));
#11925=CARTESIAN_POINT('',(0.0323023414191205,0.0449610844467505,0.068));
#11926=CARTESIAN_POINT('',(0.0318353547801271,0.0451945777662472,0.066));
#11927=CARTESIAN_POINT('',(0.0318353547801271,0.0451945777662472,0.068));
#11928=CARTESIAN_POINT('',(0.0335160202360876,0.0448443377870022,0.066));
#11929=CARTESIAN_POINT('',(0.0335160202360876,0.0448443377870022,0.066));
#11930=CARTESIAN_POINT('',(0.0335160202360876,0.0448443377870022,0.066));
#11931=CARTESIAN_POINT('',(0.0325358347386172,0.0448443377870022,0.066));
#11932=CARTESIAN_POINT('',(0.0318353547801271,0.0451945777662472,0.066));
#11933=CARTESIAN_POINT('',(0.0318353547801271,0.0451945777662472,0.066));
#11934=CARTESIAN_POINT('',(0.0318353547801271,0.0451945777662472,0.066));
#11935=CARTESIAN_POINT('',(0.0357111006615644,0.045537521079258,0.066));
#11936=CARTESIAN_POINT('',(0.0357111006615644,0.045537521079258,0.068));
#11937=CARTESIAN_POINT('',(0.0351816869892334,0.0450753988844208,0.066));
#11938=CARTESIAN_POINT('',(0.0351816869892334,0.0450753988844208,0.068));
#11939=CARTESIAN_POINT('',(0.0344499935140744,0.0448443377870022,0.066));
#11940=CARTESIAN_POINT('',(0.0344499935140744,0.0448443377870022,0.068));
#11941=CARTESIAN_POINT('',(0.0335160202360876,0.0448443377870022,0.066));
#11942=CARTESIAN_POINT('',(0.0335160202360876,0.0448443377870022,0.068));
#11943=CARTESIAN_POINT('',(0.0357111006615644,0.045537521079258,0.066));
#11944=CARTESIAN_POINT('',(0.0357111006615644,0.045537521079258,0.066));
#11945=CARTESIAN_POINT('',(0.0357111006615644,0.045537521079258,0.066));
#11946=CARTESIAN_POINT('',(0.0349169801530679,0.0448443377870022,0.066));
#11947=CARTESIAN_POINT('',(0.0335160202360876,0.0448443377870022,0.066));
#11948=CARTESIAN_POINT('',(0.0365052211700609,0.0476000454014788,0.066));
#11949=CARTESIAN_POINT('',(0.0365052211700609,0.0476000454014788,0.068));
#11950=CARTESIAN_POINT('',(0.0365052211700609,0.0466871513815021,0.066));
#11951=CARTESIAN_POINT('',(0.0365052211700609,0.0466871513815021,0.068));
#11952=CARTESIAN_POINT('',(0.0362405143338954,0.0459996432740952,0.066));
#11953=CARTESIAN_POINT('',(0.0362405143338954,0.0459996432740952,0.068));
#11954=CARTESIAN_POINT('',(0.0357111006615644,0.045537521079258,0.066));
#11955=CARTESIAN_POINT('',(0.0357111006615644,0.045537521079258,0.068));
#11956=CARTESIAN_POINT('',(0.0365052211700609,0.0476000454014788,0.066));
#11957=CARTESIAN_POINT('',(0.0365052211700609,0.0476000454014788,0.066));
#11958=CARTESIAN_POINT('',(0.0365052211700609,0.0476000454014788,0.066));
#11959=CARTESIAN_POINT('',(0.0365052211700609,0.0462307043715138,0.066));
#11960=CARTESIAN_POINT('',(0.0357111006615644,0.045537521079258,0.066));
#11961=CARTESIAN_POINT('',(0.0365052211700609,0.048035413153457,0.066));
#11962=CARTESIAN_POINT('',(0.0365052211700609,0.0484707809054352,0.066));
#11963=CARTESIAN_POINT('',(0.0365052211700609,0.0484707809054352,0.066));
#11964=CARTESIAN_POINT('',(0.0365052211700609,0.048035413153457,0.066));
#11965=CARTESIAN_POINT('',(0.0353377545725775,0.0484707809054352,0.066));
#11966=CARTESIAN_POINT('',(0.034170287975094,0.0484707809054352,0.066));
#11967=CARTESIAN_POINT('',(0.034170287975094,0.0484707809054352,0.066));
#11968=CARTESIAN_POINT('',(0.0353377545725775,0.0484707809054352,0.066));
#11969=CARTESIAN_POINT('',(0.034170287975094,0.0479964976002076,0.066));
#11970=CARTESIAN_POINT('',(0.034170287975094,0.0475222142949799,0.066));
#11971=CARTESIAN_POINT('',(0.034170287975094,0.0475222142949799,0.066));
#11972=CARTESIAN_POINT('',(0.034170287975094,0.0479964976002076,0.066));
#11973=CARTESIAN_POINT('',(0.0340839440913218,0.0470077993254637,0.066));
#11974=CARTESIAN_POINT('',(0.0340839440913218,0.0470077993254637,0.068));
#11975=CARTESIAN_POINT('',(0.0341415066805033,0.0471318426514464,0.066));
#11976=CARTESIAN_POINT('',(0.0341415066805033,0.0471318426514464,0.068));
#11977=CARTESIAN_POINT('',(0.034170287975094,0.0473033143079518,0.066));
#11978=CARTESIAN_POINT('',(0.034170287975094,0.0473033143079518,0.068));
#11979=CARTESIAN_POINT('',(0.034170287975094,0.0475222142949799,0.066));
#11980=CARTESIAN_POINT('',(0.034170287975094,0.0475222142949799,0.068));
#11981=CARTESIAN_POINT('',(0.0340839440913218,0.0470077993254637,0.066));
#11982=CARTESIAN_POINT('',(0.0340839440913218,0.0470077993254637,0.066));
#11983=CARTESIAN_POINT('',(0.0340839440913218,0.0470077993254637,0.066));
#11984=CARTESIAN_POINT('',(0.034170287975094,0.0471938643144377,0.066));
#11985=CARTESIAN_POINT('',(0.034170287975094,0.0475222142949799,0.066));
#11986=CARTESIAN_POINT('',(0.0338504507718251,0.0467353904527176,0.066));
#11987=CARTESIAN_POINT('',(0.0338504507718251,0.0467353904527176,0.068));
#11988=CARTESIAN_POINT('',(0.0339485503956414,0.0467929530418991,0.066));
#11989=CARTESIAN_POINT('',(0.0339485503956414,0.0467929530418991,0.068));
#11990=CARTESIAN_POINT('',(0.0340263815021403,0.0468837559994811,0.066));
#11991=CARTESIAN_POINT('',(0.0340263815021403,0.0468837559994811,0.068));
#11992=CARTESIAN_POINT('',(0.0340839440913218,0.0470077993254637,0.066));
#11993=CARTESIAN_POINT('',(0.0340839440913218,0.0470077993254637,0.068));
#11994=CARTESIAN_POINT('',(0.0338504507718251,0.0467353904527176,0.066));
#11995=CARTESIAN_POINT('',(0.0338504507718251,0.0467353904527176,0.066));
#11996=CARTESIAN_POINT('',(0.0338504507718251,0.0467353904527176,0.066));
#11997=CARTESIAN_POINT('',(0.0339976002075496,0.0468217343364898,0.066));
#11998=CARTESIAN_POINT('',(0.0340839440913218,0.0470077993254637,0.066));
#11999=CARTESIAN_POINT('',(0.0335284327914381,0.04729766576241,0.066));
#12000=CARTESIAN_POINT('',(0.0335160202360876,0.0466490465689454,0.066));
#12001=CARTESIAN_POINT('',(0.0335160223859016,0.0466493373611374,0.066));
#12002=CARTESIAN_POINT('',(0.0335284327914381,0.04729766576241,0.066));
#12003=CARTESIAN_POINT('',(0.0335017319233646,0.047223483550446,0.066));
#12004=CARTESIAN_POINT('',(0.0331888863665845,0.0467426871189519,0.066));
#12005=CARTESIAN_POINT('',(0.0331888863665845,0.0467426871189519,0.066));
#12006=CARTESIAN_POINT('',(0.0335017319233646,0.047223483550446,0.066));
#12007=CARTESIAN_POINT('',(0.0329712024905954,0.0470540115449475,0.066));
#12008=CARTESIAN_POINT('',(0.0329712024905954,0.0470540115449475,0.068));
#12009=CARTESIAN_POINT('',(0.033023089894928,0.0469088889609548,0.066));
#12010=CARTESIAN_POINT('',(0.033023089894928,0.0469088889609548,0.068));
#12011=CARTESIAN_POINT('',(0.0330956511869244,0.0468051141522896,0.066));
#12012=CARTESIAN_POINT('',(0.0330956511869244,0.0468051141522896,0.068));
#12013=CARTESIAN_POINT('',(0.0331888863665845,0.0467426871189519,0.066));
#12014=CARTESIAN_POINT('',(0.0331888863665845,0.0467426871189519,0.068));
#12015=CARTESIAN_POINT('',(0.0329712024905954,0.0470540115449475,0.066));
#12016=CARTESIAN_POINT('',(0.0329712024905954,0.0470540115449475,0.066));
#12017=CARTESIAN_POINT('',(0.0329712024905954,0.0470540115449475,0.066));
#12018=CARTESIAN_POINT('',(0.0330490335970943,0.0468363276689584,0.066));
#12019=CARTESIAN_POINT('',(0.0331888863665845,0.0467426871189519,0.066));
#12020=CARTESIAN_POINT('',(0.0328933713840965,0.0476146387339473,0.066));
#12021=CARTESIAN_POINT('',(0.0328933713840965,0.0476146387339473,0.068));
#12022=CARTESIAN_POINT('',(0.0328933713840965,0.0473860098586068,0.066));
#12023=CARTESIAN_POINT('',(0.0328933713840965,0.0473860098586068,0.068));
#12024=CARTESIAN_POINT('',(0.0329193150862628,0.0471991341289402,0.066));
#12025=CARTESIAN_POINT('',(0.0329193150862628,0.0471991341289402,0.068));
#12026=CARTESIAN_POINT('',(0.0329712024905954,0.0470540115449475,0.066));
#12027=CARTESIAN_POINT('',(0.0329712024905954,0.0470540115449475,0.068));
#12028=CARTESIAN_POINT('',(0.0328933713840965,0.0476146387339473,0.066));
#12029=CARTESIAN_POINT('',(0.0328933713840965,0.0476146387339473,0.066));
#12030=CARTESIAN_POINT('',(0.0328933713840965,0.0476146387339473,0.066));
#12031=CARTESIAN_POINT('',(0.0328933713840965,0.0472716954209366,0.066));
#12032=CARTESIAN_POINT('',(0.0329712024905954,0.0470540115449475,0.066));
#12033=CARTESIAN_POINT('',(0.0328933713840965,0.0484792936827085,0.066));
#12034=CARTESIAN_POINT('',(0.0328933713840965,0.0493439486314697,0.066));
#12035=CARTESIAN_POINT('',(0.0328933713840965,0.0493439486314697,0.066));
#12036=CARTESIAN_POINT('',(0.0328933713840965,0.0484792936827085,0.066));
#12037=CARTESIAN_POINT('',(0.0346992962770788,0.0493439486314697,0.066));
#12038=CARTESIAN_POINT('',(0.0365052211700609,0.0493439486314697,0.066));
#12039=CARTESIAN_POINT('',(0.0365052211700609,0.0493439486314697,0.066));
#12040=CARTESIAN_POINT('',(0.0346992962770788,0.0493439486314697,0.066));
#12041=CARTESIAN_POINT('',(0.0365052211700609,0.0502463030224413,0.066));
#12042=CARTESIAN_POINT('',(0.0365052211700609,0.0511486574134129,0.066));
#12043=CARTESIAN_POINT('',(0.0365052211700609,0.0511486574134129,0.066));
#12044=CARTESIAN_POINT('',(0.0365052211700609,0.0502463030224413,0.066));
#12045=CARTESIAN_POINT('',(0.0361707906343235,0.0527989200933973,0.066));
#12046=CARTESIAN_POINT('',(0.0361707906343235,0.0527989200933973,0.068));
#12047=CARTESIAN_POINT('',(0.0363937443248151,0.0523522019717214,0.066));
#12048=CARTESIAN_POINT('',(0.0363937443248151,0.0523522019717214,0.068));
#12049=CARTESIAN_POINT('',(0.0365052211700609,0.0518021144117266,0.066));
#12050=CARTESIAN_POINT('',(0.0365052211700609,0.0518021144117266,0.068));
#12051=CARTESIAN_POINT('',(0.0365052211700609,0.0511486574134129,0.066));
#12052=CARTESIAN_POINT('',(0.0365052211700609,0.0511486574134129,0.068));
#12053=CARTESIAN_POINT('',(0.0361707906343235,0.0527989200933973,0.066));
#12054=CARTESIAN_POINT('',(0.0361707906343235,0.0527989200933973,0.066));
#12055=CARTESIAN_POINT('',(0.0361707906343235,0.0527989200933973,0.066));
#12056=CARTESIAN_POINT('',(0.0365052211700609,0.0521288429108834,0.066));
#12057=CARTESIAN_POINT('',(0.0365052211700609,0.0511486574134129,0.066));
#12058=CARTESIAN_POINT('',(0.0341664935591658,0.0518225951188641,0.066));
#12059=CARTESIAN_POINT('',(0.0351747956933454,0.053810724477883,0.066));
#12060=CARTESIAN_POINT('',(0.0351747956933454,0.053810724477883,0.066));
#12061=CARTESIAN_POINT('',(0.0341664935591658,0.0518225951188641,0.066));
#12062=CARTESIAN_POINT('',(0.0335160202360876,0.0541524516798547,0.066));
#12063=CARTESIAN_POINT('',(0.0335160202360876,0.0541524516798547,0.068));
#12064=CARTESIAN_POINT('',(0.0341808276040991,0.0541524516798547,0.066));
#12065=CARTESIAN_POINT('',(0.0341808276040991,0.0541524516798547,0.068));
#12066=CARTESIAN_POINT('',(0.0347337527565183,0.0540385426125308,0.066));
#12067=CARTESIAN_POINT('',(0.0347337527565183,0.0540385426125308,0.068));
#12068=CARTESIAN_POINT('',(0.0351747956933454,0.053810724477883,0.066));
#12069=CARTESIAN_POINT('',(0.0351747956933454,0.053810724477883,0.068));
#12070=CARTESIAN_POINT('',(0.0335160202360876,0.0541524516798547,0.066));
#12071=CARTESIAN_POINT('',(0.0335160202360876,0.0541524516798547,0.066));
#12072=CARTESIAN_POINT('',(0.0335160202360876,0.0541524516798547,0.066));
#12073=CARTESIAN_POINT('',(0.0345132312881048,0.0541524516798547,0.066));
#12074=CARTESIAN_POINT('',(0.0351747956933454,0.053810724477883,0.066));
#12075=CARTESIAN_POINT('',(0.0318426514463614,0.0538022117006097,0.066));
#12076=CARTESIAN_POINT('',(0.0318426514463614,0.0538022117006097,0.068));
#12077=CARTESIAN_POINT('',(0.032314502529511,0.0540357050201064,0.066));
#12078=CARTESIAN_POINT('',(0.032314502529511,0.0540357050201064,0.068));
#12079=CARTESIAN_POINT('',(0.0328722921260864,0.0541524516798547,0.066));
#12080=CARTESIAN_POINT('',(0.0328722921260864,0.0541524516798547,0.068));
#12081=CARTESIAN_POINT('',(0.0335160202360876,0.0541524516798547,0.066));
#12082=CARTESIAN_POINT('',(0.0335160202360876,0.0541524516798547,0.068));
#12083=CARTESIAN_POINT('',(0.0318426514463614,0.0538022117006097,0.066));
#12084=CARTESIAN_POINT('',(0.0318426514463614,0.0538022117006097,0.066));
#12085=CARTESIAN_POINT('',(0.0318426514463614,0.0538022117006097,0.066));
#12086=CARTESIAN_POINT('',(0.0325504280710857,0.0541524516798547,0.066));
#12087=CARTESIAN_POINT('',(0.0335160202360876,0.0541524516798547,0.066));
#12088=CARTESIAN_POINT('',(0.0307615287326501,0.0527831106498897,0.066));
#12089=CARTESIAN_POINT('',(0.0307615287326501,0.0527831106498897,0.068));
#12090=CARTESIAN_POINT('',(0.0310104261253081,0.053229018030873,0.066));
#12091=CARTESIAN_POINT('',(0.0310104261253081,0.053229018030873,0.068));
#12092=CARTESIAN_POINT('',(0.0313708003632118,0.053568718381113,0.066));
#12093=CARTESIAN_POINT('',(0.0313708003632118,0.053568718381113,0.068));
#12094=CARTESIAN_POINT('',(0.0318426514463614,0.0538022117006097,0.066));
#12095=CARTESIAN_POINT('',(0.0318426514463614,0.0538022117006097,0.068));
#12096=CARTESIAN_POINT('',(0.0307615287326501,0.0527831106498897,0.066));
#12097=CARTESIAN_POINT('',(0.0307615287326501,0.0527831106498897,0.066));
#12098=CARTESIAN_POINT('',(0.0307615287326501,0.0527831106498897,0.066));
#12099=CARTESIAN_POINT('',(0.031134874821637,0.0534519717213646,0.066));
#12100=CARTESIAN_POINT('',(0.0318426514463614,0.0538022117006097,0.066));
#12101=CARTESIAN_POINT('',(0.0303881826436633,0.0511486574134129,0.066));
#12102=CARTESIAN_POINT('',(0.0303881826436633,0.0511486574134129,0.068));
#12103=CARTESIAN_POINT('',(0.0303881826436633,0.0517923855234142,0.066));
#12104=CARTESIAN_POINT('',(0.0303881826436633,0.0517923855234142,0.068));
#12105=CARTESIAN_POINT('',(0.0305126313399922,0.0523372032689064,0.066));
#12106=CARTESIAN_POINT('',(0.0305126313399922,0.0523372032689064,0.068));
#12107=CARTESIAN_POINT('',(0.0307615287326501,0.0527831106498897,0.066));
#12108=CARTESIAN_POINT('',(0.0307615287326501,0.0527831106498897,0.068));
#12109=CARTESIAN_POINT('',(0.0303881826436633,0.0511486574134129,0.066));
#12110=CARTESIAN_POINT('',(0.0303881826436633,0.0511486574134129,0.066));
#12111=CARTESIAN_POINT('',(0.0303881826436633,0.0511486574134129,0.066));
#12112=CARTESIAN_POINT('',(0.0303881826436633,0.0521142495784148,0.066));
#12113=CARTESIAN_POINT('',(0.0307615287326501,0.0527831106498897,0.066));
#12114=CARTESIAN_POINT('',(0.0303881826436633,0.0494983947334285,0.066));
#12115=CARTESIAN_POINT('',(0.0303881826436633,0.047848132053444,0.066));
#12116=CARTESIAN_POINT('',(0.0303881826436633,0.047848132053444,0.066));
#12117=CARTESIAN_POINT('',(0.0303881826436633,0.0494983947334285,0.066));
#12118=CARTESIAN_POINT('',(0.0307615287326501,0.0462221915942405,0.066));
#12119=CARTESIAN_POINT('',(0.0307615287326501,0.0462221915942405,0.068));
#12120=CARTESIAN_POINT('',(0.0305126313399922,0.0466737741600726,0.066));
#12121=CARTESIAN_POINT('',(0.0305126313399922,0.0466737741600726,0.068));
#12122=CARTESIAN_POINT('',(0.0303881826436633,0.0472157543131405,0.066));
#12123=CARTESIAN_POINT('',(0.0303881826436633,0.0472157543131405,0.068));
#12124=CARTESIAN_POINT('',(0.0303881826436633,0.047848132053444,0.066));
#12125=CARTESIAN_POINT('',(0.0303881826436633,0.047848132053444,0.068));
#12126=CARTESIAN_POINT('',(0.0307615287326501,0.0462221915942405,0.066));
#12127=CARTESIAN_POINT('',(0.0307615287326501,0.0462221915942405,0.066));
#12128=CARTESIAN_POINT('',(0.0307615287326501,0.0462221915942405,0.066));
#12129=CARTESIAN_POINT('',(0.0303881826436633,0.0468995654429887,0.066));
#12130=CARTESIAN_POINT('',(0.0303881826436633,0.047848132053444,0.066));
#12131=CARTESIAN_POINT('',(0.0329065999776384,0.0473901097424274,0.066));
#12132=CARTESIAN_POINT('',(0.0329065999776384,0.0473901097424274,0.066));
#12133=CARTESIAN_POINT('',(0.034170287975094,0.0509771857569075,0.066));
#12134=CARTESIAN_POINT('',(0.034170287975094,0.0509771857569075,0.068));
#12135=CARTESIAN_POINT('',(0.034170287975094,0.0509771857569075,0.066));
#12136=CARTESIAN_POINT('',(-2.77555756156289E-17,0.045,0.066));
#12137=CARTESIAN_POINT('',(-0.0154421779737969,0.0449075755610325,0.066));
#12138=CARTESIAN_POINT('',(-0.0154421779737969,0.0449075755610325,0.068));
#12139=CARTESIAN_POINT('',(-0.0161167142301207,0.0449075755610326,0.066));
#12140=CARTESIAN_POINT('',(-0.0161167142301207,0.0449075755610326,0.068));
#12141=CARTESIAN_POINT('',(-0.0166380204955247,0.0450060805551952,0.066));
#12142=CARTESIAN_POINT('',(-0.0166380204955247,0.0450060805551952,0.068));
#12143=CARTESIAN_POINT('',(-0.0170060967700091,0.0452030905435206,0.066));
#12144=CARTESIAN_POINT('',(-0.0170060967700091,0.0452030905435206,0.068));
#12145=CARTESIAN_POINT('',(-0.0154421779737969,0.0449075755610325,0.066));
#12146=CARTESIAN_POINT('',(-0.0154421779737969,0.0449075755610325,0.066));
#12147=CARTESIAN_POINT('',(-0.0154421779737969,0.0449075755610325,0.066));
#12148=CARTESIAN_POINT('',(-0.0164539823582826,0.0449075755610325,0.066));
#12149=CARTESIAN_POINT('',(-0.0170060967700091,0.0452030905435206,0.066));
#12150=CARTESIAN_POINT('',(-0.0170060967700091,0.0452030905435206,0.066));
#12151=CARTESIAN_POINT('',(-0.0170060967700091,0.0452030905435206,0.066));
#12152=CARTESIAN_POINT('',(-0.0154334669626825,0.0533143246945576,0.066));
#12153=CARTESIAN_POINT('',(-0.0145544169152938,0.0449537877805163,0.066));
#12154=CARTESIAN_POINT('',(-0.0145544313357167,0.0449539353522854,0.066));
#12155=CARTESIAN_POINT('',(-0.0154334669626825,0.0533143246945576,0.066));
#12156=CARTESIAN_POINT('',(-0.0160684446447791,0.0601634330491402,0.066));
#12157=CARTESIAN_POINT('',(-0.0139171747308341,0.0450311302080652,0.066));
#12158=CARTESIAN_POINT('',(-0.0139171747308341,0.0450311302080652,0.066));
#12159=CARTESIAN_POINT('',(-0.0160684446447791,0.0601634330491402,0.066));
#12160=CARTESIAN_POINT('',(-0.0139171747308341,0.0460276138279933,0.066));
#12161=CARTESIAN_POINT('',(-0.0139171747308341,0.0470236622114531,0.066));
#12162=CARTESIAN_POINT('',(-0.0139171747308341,0.0470236622114531,0.066));
#12163=CARTESIAN_POINT('',(-0.0139171747308341,0.0460276138279933,0.066));
#12164=CARTESIAN_POINT('',(-0.0129743023330664,0.038278084728777,0.066));
#12165=CARTESIAN_POINT('',(-0.0142272830457907,0.0469846932157219,0.066));
#12166=CARTESIAN_POINT('',(-0.0142272711144863,0.0469846067087634,0.066));
#12167=CARTESIAN_POINT('',(-0.0129743023330664,0.038278084728777,0.066));
#12168=CARTESIAN_POINT('',(-0.0145848315833288,0.0496329939041111,0.066));
#12169=CARTESIAN_POINT('',(-0.0146006291347776,0.046960370994941,0.066));
#12170=CARTESIAN_POINT('',(-0.0146006291347776,0.046960370994941,0.066));
#12171=CARTESIAN_POINT('',(-0.0145848315833288,0.0496329939041111,0.066));
#12172=CARTESIAN_POINT('',(-0.0151697691010507,0.0471318426514464,0.066));
#12173=CARTESIAN_POINT('',(-0.0151697691010507,0.0471318426514464,0.068));
#12174=CARTESIAN_POINT('',(-0.0150189713322091,0.0470175282137761,0.066));
#12175=CARTESIAN_POINT('',(-0.0150189713322091,0.0470175282137761,0.068));
#12176=CARTESIAN_POINT('',(-0.0148292580101181,0.046960370994941,0.066));
#12177=CARTESIAN_POINT('',(-0.0148292580101181,0.046960370994941,0.068));
#12178=CARTESIAN_POINT('',(-0.0146006291347776,0.046960370994941,0.066));
#12179=CARTESIAN_POINT('',(-0.0146006291347776,0.046960370994941,0.068));
#12180=CARTESIAN_POINT('',(-0.0151697691010507,0.0471318426514464,0.066));
#12181=CARTESIAN_POINT('',(-0.0151697691010507,0.0471318426514464,0.066));
#12182=CARTESIAN_POINT('',(-0.0151697691010507,0.0471318426514464,0.066));
#12183=CARTESIAN_POINT('',(-0.0149435724477883,0.046960370994941,0.066));
#12184=CARTESIAN_POINT('',(-0.0146006291347776,0.046960370994941,0.066));
#12185=CARTESIAN_POINT('',(-0.0153959657543132,0.0476924698404462,0.066));
#12186=CARTESIAN_POINT('',(-0.0153959657543132,0.0476924698404462,0.068));
#12187=CARTESIAN_POINT('',(-0.0153959657543132,0.0474330328187833,0.066));
#12188=CARTESIAN_POINT('',(-0.0153959657543132,0.0474330328187833,0.068));
#12189=CARTESIAN_POINT('',(-0.0153205668698924,0.0472461570891167,0.066));
#12190=CARTESIAN_POINT('',(-0.0153205668698924,0.0472461570891167,0.068));
#12191=CARTESIAN_POINT('',(-0.0151697691010507,0.0471318426514464,0.066));
#12192=CARTESIAN_POINT('',(-0.0151697691010507,0.0471318426514464,0.068));
#12193=CARTESIAN_POINT('',(-0.0153959657543132,0.0476924698404462,0.066));
#12194=CARTESIAN_POINT('',(-0.0153959657543132,0.0476924698404462,0.066));
#12195=CARTESIAN_POINT('',(-0.0153959657543132,0.0476924698404462,0.066));
#12196=CARTESIAN_POINT('',(-0.0153959657543132,0.0473033143079518,0.066));
#12197=CARTESIAN_POINT('',(-0.0151697691010507,0.0471318426514464,0.066));
#12198=CARTESIAN_POINT('',(-0.0153959657543132,0.0500115935919056,0.066));
#12199=CARTESIAN_POINT('',(-0.0153959657543132,0.0523307173433649,0.066));
#12200=CARTESIAN_POINT('',(-0.0153959657543132,0.0523307173433649,0.066));
#12201=CARTESIAN_POINT('',(-0.0153959657543132,0.0500115935919056,0.066));
#12202=CARTESIAN_POINT('',(-0.0147575074588144,0.0523307173433649,0.066));
#12203=CARTESIAN_POINT('',(-0.0141190491633156,0.0523307173433649,0.066));
#12204=CARTESIAN_POINT('',(-0.0141190491633156,0.0523307173433649,0.066));
#12205=CARTESIAN_POINT('',(-0.0147575074588144,0.0523307173433649,0.066));
#12206=CARTESIAN_POINT('',(-0.0141190491633156,0.0531637534051109,0.066));
#12207=CARTESIAN_POINT('',(-0.0141190491633156,0.0539967894668569,0.066));
#12208=CARTESIAN_POINT('',(-0.0141190491633156,0.0539967894668569,0.066));
#12209=CARTESIAN_POINT('',(-0.0141190491633156,0.0531637534051109,0.066));
#12210=CARTESIAN_POINT('',(-0.0147575074588144,0.0539967894668569,0.066));
#12211=CARTESIAN_POINT('',(-0.0153959657543132,0.0539967894668569,0.066));
#12212=CARTESIAN_POINT('',(-0.0153959657543132,0.0539967894668569,0.066));
#12213=CARTESIAN_POINT('',(-0.0147575074588144,0.0539967894668569,0.066));
#12214=CARTESIAN_POINT('',(-0.0153959657543132,0.0553673466078609,0.066));
#12215=CARTESIAN_POINT('',(-0.0153959657543132,0.056737903748865,0.066));
#12216=CARTESIAN_POINT('',(-0.0153959657543132,0.056737903748865,0.066));
#12217=CARTESIAN_POINT('',(-0.0153959657543132,0.0553673466078609,0.066));
#12218=CARTESIAN_POINT('',(-0.016680179011545,0.056737903748865,0.066));
#12219=CARTESIAN_POINT('',(-0.0179643922687768,0.056737903748865,0.066));
#12220=CARTESIAN_POINT('',(-0.0179643922687768,0.056737903748865,0.066));
#12221=CARTESIAN_POINT('',(-0.016680179011545,0.056737903748865,0.066));
#12222=CARTESIAN_POINT('',(-0.0179643922687768,0.0553673466078609,0.066));
#12223=CARTESIAN_POINT('',(-0.0179643922687768,0.0539967894668569,0.066));
#12224=CARTESIAN_POINT('',(-0.0179643922687768,0.0539967894668569,0.066));
#12225=CARTESIAN_POINT('',(-0.0179643922687768,0.0553673466078609,0.066));
#12226=CARTESIAN_POINT('',(-0.018399760020755,0.0539967894668569,0.066));
#12227=CARTESIAN_POINT('',(-0.0188351277727332,0.0539967894668569,0.066));
#12228=CARTESIAN_POINT('',(-0.0188351277727332,0.0539967894668569,0.066));
#12229=CARTESIAN_POINT('',(-0.018399760020755,0.0539967894668569,0.066));
#12230=CARTESIAN_POINT('',(-0.0188351277727332,0.0531637534051109,0.066));
#12231=CARTESIAN_POINT('',(-0.0188351277727332,0.0523307173433649,0.066));
#12232=CARTESIAN_POINT('',(-0.0188351277727332,0.0523307173433649,0.066));
#12233=CARTESIAN_POINT('',(-0.0188351277727332,0.0531637534051109,0.066));
#12234=CARTESIAN_POINT('',(-0.018399760020755,0.0523307173433649,0.066));
#12235=CARTESIAN_POINT('',(-0.0179643922687768,0.0523307173433649,0.066));
#12236=CARTESIAN_POINT('',(-0.0179643922687768,0.0523307173433649,0.066));
#12237=CARTESIAN_POINT('',(-0.018399760020755,0.0523307173433649,0.066));
#12238=CARTESIAN_POINT('',(-0.0179643922687768,0.049887550265923,0.066));
#12239=CARTESIAN_POINT('',(-0.0179643922687768,0.047444383188481,0.066));
#12240=CARTESIAN_POINT('',(-0.0179643922687768,0.047444383188481,0.066));
#12241=CARTESIAN_POINT('',(-0.0179643922687768,0.049887550265923,0.066));
#12242=CARTESIAN_POINT('',(-0.0177613017252562,0.0460665293812427,0.066));
#12243=CARTESIAN_POINT('',(-0.0177613017252562,0.0460665293812427,0.068));
#12244=CARTESIAN_POINT('',(-0.0178966954209366,0.0464451452847321,0.066));
#12245=CARTESIAN_POINT('',(-0.0178966954209366,0.0464451452847321,0.068));
#12246=CARTESIAN_POINT('',(-0.0179643922687768,0.0469044298871449,0.066));
#12247=CARTESIAN_POINT('',(-0.0179643922687768,0.0469044298871449,0.068));
#12248=CARTESIAN_POINT('',(-0.0179643922687768,0.047444383188481,0.066));
#12249=CARTESIAN_POINT('',(-0.0179643922687768,0.047444383188481,0.068));
#12250=CARTESIAN_POINT('',(-0.0177613017252562,0.0460665293812427,0.066));
#12251=CARTESIAN_POINT('',(-0.0177613017252562,0.0460665293812427,0.066));
#12252=CARTESIAN_POINT('',(-0.0177613017252562,0.0460665293812427,0.066));
#12253=CARTESIAN_POINT('',(-0.0179643922687768,0.0466344532364768,0.066));
#12254=CARTESIAN_POINT('',(-0.0179643922687768,0.047444383188481,0.066));
#12255=CARTESIAN_POINT('',(-0.0170060967700091,0.0452030905435206,0.066));
#12256=CARTESIAN_POINT('',(-0.0170060967700091,0.0452030905435206,0.068));
#12257=CARTESIAN_POINT('',(-0.0173741730444935,0.0454001005318459,0.066));
#12258=CARTESIAN_POINT('',(-0.0173741730444935,0.0454001005318459,0.068));
#12259=CARTESIAN_POINT('',(-0.0176259080295758,0.0456879134777533,0.066));
#12260=CARTESIAN_POINT('',(-0.0176259080295758,0.0456879134777533,0.068));
#12261=CARTESIAN_POINT('',(-0.0177613017252562,0.0460665293812427,0.066));
#12262=CARTESIAN_POINT('',(-0.0177613017252562,0.0460665293812427,0.068));
#12263=CARTESIAN_POINT('',(-0.0170060967700091,0.0452030905435206,0.066));
#12264=CARTESIAN_POINT('',(-0.0175582111817357,0.0454986055260086,0.066));
#12265=CARTESIAN_POINT('',(-0.0177613017252562,0.0460665293812427,0.066));
#12266=CARTESIAN_POINT('',(-2.77555756156289E-17,0.045,0.066));
#12267=CARTESIAN_POINT('',(-0.00516847191594243,0.0494983947334285,0.066));
#12268=CARTESIAN_POINT('',(-0.00516847191594243,0.045,0.066));
#12269=CARTESIAN_POINT('',(-0.00516847191594243,0.045,0.066));
#12270=CARTESIAN_POINT('',(-0.00516847191594243,0.0494983947334285,0.066));
#12271=CARTESIAN_POINT('',(-0.00516847191594243,0.0539967894668569,0.066));
#12272=CARTESIAN_POINT('',(-0.00516847191594243,0.0539967894668569,0.066));
#12273=CARTESIAN_POINT('',(-0.00390006810221822,0.045,0.066));
#12274=CARTESIAN_POINT('',(-0.00263166428849399,0.045,0.066));
#12275=CARTESIAN_POINT('',(-0.00263166428849399,0.045,0.066));
#12276=CARTESIAN_POINT('',(-0.00390006810221822,0.045,0.066));
#12277=CARTESIAN_POINT('',(-0.00263166428849399,0.0479259631599429,0.066));
#12278=CARTESIAN_POINT('',(-0.00263166428849399,0.0508519263198859,0.066));
#12279=CARTESIAN_POINT('',(-0.00263166428849399,0.0508519263198859,0.066));
#12280=CARTESIAN_POINT('',(-0.00263166428849399,0.0479259631599429,0.066));
#12281=CARTESIAN_POINT('',(-0.00194577766247246,0.0514916007264237,0.066));
#12282=CARTESIAN_POINT('',(-0.00194577766247246,0.0514916007264237,0.068));
#12283=CARTESIAN_POINT('',(-0.00219548579582309,0.0513359385134259,0.066));
#12284=CARTESIAN_POINT('',(-0.00219548579582309,0.0513359385134259,0.068));
#12285=CARTESIAN_POINT('',(-0.0024241146711636,0.0511227137112466,0.066));
#12286=CARTESIAN_POINT('',(-0.0024241146711636,0.0511227137112466,0.068));
#12287=CARTESIAN_POINT('',(-0.00263166428849399,0.0508519263198859,0.066));
#12288=CARTESIAN_POINT('',(-0.00263166428849399,0.0508519263198859,0.068));
#12289=CARTESIAN_POINT('',(-0.00194577766247246,0.0514916007264237,0.066));
#12290=CARTESIAN_POINT('',(-0.00194577766247246,0.0514916007264237,0.066));
#12291=CARTESIAN_POINT('',(-0.00194577766247246,0.0514916007264237,0.066));
#12292=CARTESIAN_POINT('',(-0.0023203398624984,0.051258107406927,0.066));
#12293=CARTESIAN_POINT('',(-0.00263166428849399,0.0508519263198859,0.066));
#12294=CARTESIAN_POINT('',(-0.00114115288267425,0.0502239412570588,0.066));
#12295=CARTESIAN_POINT('',(-0.00113584771046831,0.0517250940459204,0.066));
#12296=CARTESIAN_POINT('',(-0.00113584745121108,0.0517250029957632,0.066));
#12297=CARTESIAN_POINT('',(-0.00114115288267425,0.0502239412570588,0.066));
#12298=CARTESIAN_POINT('',(-0.00112583104400239,0.0499675463586138,0.066));
#12299=CARTESIAN_POINT('',(-0.000691967181216786,0.0516703690491633,0.066));
#12300=CARTESIAN_POINT('',(-0.000691973091008018,0.0516703444912218,0.066));
#12301=CARTESIAN_POINT('',(-0.00112583104400239,0.0499675463586138,0.066));
#12302=CARTESIAN_POINT('',(-0.00126132753369269,0.0494148046095726,0.066));
#12303=CARTESIAN_POINT('',(-0.000311324425995615,0.0515380612333454,0.066));
#12304=CARTESIAN_POINT('',(-0.000311324425995615,0.0515380612333454,0.066));
#12305=CARTESIAN_POINT('',(-0.00126132753369269,0.0494148046095726,0.066));
#12306=CARTESIAN_POINT('',(-0.000311324425995615,0.0527989200933973,0.066));
#12307=CARTESIAN_POINT('',(-0.000311324425995615,0.0540601640465465,0.066));
#12308=CARTESIAN_POINT('',(-0.000311324425995615,0.0540601640465465,0.066));
#12309=CARTESIAN_POINT('',(-0.000311324425995615,0.0527989200933973,0.066));
#12310=CARTESIAN_POINT('',(-0.000521205632703747,0.0535286248566587,0.066));
#12311=CARTESIAN_POINT('',(-0.000482796082501,0.0540989427941367,0.066));
#12312=CARTESIAN_POINT('',(-0.000482796869700378,0.054098926822575,0.066));
#12313=CARTESIAN_POINT('',(-0.000521205632703747,0.0535286248566587,0.066));
#12314=CARTESIAN_POINT('',(-0.000684988853480196,0.051241184743935,0.066));
#12315=CARTESIAN_POINT('',(-0.000700479958490104,0.054106239460371,0.066));
#12316=CARTESIAN_POINT('',(-0.000700479958490104,0.054106239460371,0.066));
#12317=CARTESIAN_POINT('',(-0.000684988853480196,0.051241184743935,0.066));
#12318=CARTESIAN_POINT('',(-0.00175849656245949,0.0536939778181347,0.066));
#12319=CARTESIAN_POINT('',(-0.00175849656245949,0.0536939778181347,0.068));
#12320=CARTESIAN_POINT('',(-0.00146825139447402,0.0539688189129589,0.066));
#12321=CARTESIAN_POINT('',(-0.00146825139447402,0.0539688189129589,0.068));
#12322=CARTESIAN_POINT('',(-0.00111557919315089,0.054106239460371,0.066));
#12323=CARTESIAN_POINT('',(-0.00111557919315089,0.054106239460371,0.068));
#12324=CARTESIAN_POINT('',(-0.000700479958490104,0.054106239460371,0.066));
#12325=CARTESIAN_POINT('',(-0.000700479958490104,0.054106239460371,0.068));
#12326=CARTESIAN_POINT('',(-0.00175849656245949,0.0536939778181347,0.066));
#12327=CARTESIAN_POINT('',(-0.00175849656245949,0.0536939778181347,0.066));
#12328=CARTESIAN_POINT('',(-0.00175849656245949,0.0536939778181347,0.066));
#12329=CARTESIAN_POINT('',(-0.00132312881048128,0.054106239460371,0.066));
#12330=CARTESIAN_POINT('',(-0.000700479958490104,0.054106239460371,0.066));
#12331=CARTESIAN_POINT('',(-0.00263166428849399,0.0525034051109093,0.066));
#12332=CARTESIAN_POINT('',(-0.00263166428849399,0.0525034051109093,0.068));
#12333=CARTESIAN_POINT('',(-0.00233979763912313,0.0530222791542353,0.066));
#12334=CARTESIAN_POINT('',(-0.00233979763912313,0.0530222791542353,0.068));
#12335=CARTESIAN_POINT('',(-0.00204874173044496,0.0534191367233104,0.066));
#12336=CARTESIAN_POINT('',(-0.00204874173044496,0.0534191367233104,0.068));
#12337=CARTESIAN_POINT('',(-0.00175849656245949,0.0536939778181347,0.066));
#12338=CARTESIAN_POINT('',(-0.00175849656245949,0.0536939778181347,0.068));
#12339=CARTESIAN_POINT('',(-0.00263166428849399,0.0525034051109093,0.066));
#12340=CARTESIAN_POINT('',(-0.00263166428849399,0.0525034051109093,0.066));
#12341=CARTESIAN_POINT('',(-0.00263166428849399,0.0525034051109093,0.066));
#12342=CARTESIAN_POINT('',(-0.00219386431443769,0.0532817161758983,0.066));
#12343=CARTESIAN_POINT('',(-0.00175849656245949,0.0536939778181347,0.066));
#12344=CARTESIAN_POINT('',(-0.00263166428849399,0.0532500972888831,0.066));
#12345=CARTESIAN_POINT('',(-0.00263166428849399,0.0539967894668569,0.066));
#12346=CARTESIAN_POINT('',(-0.00263166428849399,0.0539967894668569,0.066));
#12347=CARTESIAN_POINT('',(-0.00263166428849399,0.0532500972888831,0.066));
#12348=CARTESIAN_POINT('',(-0.00390006810221822,0.0539967894668569,0.066));
#12349=CARTESIAN_POINT('',(-0.00390006810221822,0.0539967894668569,0.066));
#12350=CARTESIAN_POINT('',(-2.77555756156289E-17,0.045,0.066));
#12351=CARTESIAN_POINT('',(0.00424909197042415,0.0448127188999871,0.066));
#12352=CARTESIAN_POINT('',(0.00424909197042415,0.0448127188999871,0.068));
#12353=CARTESIAN_POINT('',(0.00346105201712282,0.0448127188999871,0.066));
#12354=CARTESIAN_POINT('',(0.00346105201712282,0.0448127188999871,0.068));
#12355=CARTESIAN_POINT('',(0.00280232520430663,0.0449529770398236,0.066));
#12356=CARTESIAN_POINT('',(0.00280232520430663,0.0449529770398236,0.068));
#12357=CARTESIAN_POINT('',(0.00227291153197559,0.0452334933194967,0.066));
#12358=CARTESIAN_POINT('',(0.00227291153197559,0.0452334933194967,0.068));
#12359=CARTESIAN_POINT('',(0.00424909197042415,0.0448127188999871,0.066));
#12360=CARTESIAN_POINT('',(0.00424909197042415,0.0448127188999871,0.066));
#12361=CARTESIAN_POINT('',(0.00424909197042415,0.0448127188999871,0.066));
#12362=CARTESIAN_POINT('',(0.00306703204047215,0.0448127188999871,0.066));
#12363=CARTESIAN_POINT('',(0.00227291153197559,0.0452334933194967,0.066));
#12364=CARTESIAN_POINT('',(0.00227291153197559,0.0452334933194967,0.066));
#12365=CARTESIAN_POINT('',(0.00227291153197559,0.0452334933194967,0.066));
#12366=CARTESIAN_POINT('',(0.00600029186664935,0.0452334933194967,0.066));
#12367=CARTESIAN_POINT('',(0.00600029186664935,0.0452334933194967,0.068));
#12368=CARTESIAN_POINT('',(0.00550736152548967,0.0449529770398236,0.066));
#12369=CARTESIAN_POINT('',(0.00550736152548967,0.0449529770398236,0.068));
#12370=CARTESIAN_POINT('',(0.00492362822674794,0.0448127188999871,0.066));
#12371=CARTESIAN_POINT('',(0.00492362822674794,0.0448127188999871,0.068));
#12372=CARTESIAN_POINT('',(0.00424909197042415,0.0448127188999871,0.066));
#12373=CARTESIAN_POINT('',(0.00424909197042415,0.0448127188999871,0.068));
#12374=CARTESIAN_POINT('',(0.00600029186664935,0.0452334933194967,0.066));
#12375=CARTESIAN_POINT('',(0.00600029186664935,0.0452334933194967,0.066));
#12376=CARTESIAN_POINT('',(0.00600029186664935,0.0452334933194967,0.066));
#12377=CARTESIAN_POINT('',(0.00526089635490983,0.0448127188999871,0.066));
#12378=CARTESIAN_POINT('',(0.00424909197042415,0.0448127188999871,0.066));
#12379=CARTESIAN_POINT('',(0.00456088395760982,0.0478199423404468,0.066));
#12380=CARTESIAN_POINT('',(0.00714465235439095,0.0463778538072383,0.066));
#12381=CARTESIAN_POINT('',(0.00714465235439095,0.0463778538072383,0.066));
#12382=CARTESIAN_POINT('',(0.00456088395760982,0.0478199423404468,0.066));
#12383=CARTESIAN_POINT('',(0.00754961733039302,0.0479892009339733,0.066));
#12384=CARTESIAN_POINT('',(0.00754961733039302,0.0479892009339733,0.068));
#12385=CARTESIAN_POINT('',(0.00754961733039302,0.0473973602283046,0.066));
#12386=CARTESIAN_POINT('',(0.00754961733039302,0.0473973602283046,0.068));
#12387=CARTESIAN_POINT('',(0.007414629005059,0.0468602445193929,0.066));
#12388=CARTESIAN_POINT('',(0.007414629005059,0.0468602445193929,0.068));
#12389=CARTESIAN_POINT('',(0.00714465235439095,0.0463778538072383,0.066));
#12390=CARTESIAN_POINT('',(0.00714465235439095,0.0463778538072383,0.068));
#12391=CARTESIAN_POINT('',(0.00754961733039302,0.0479892009339733,0.066));
#12392=CARTESIAN_POINT('',(0.00754961733039302,0.0479892009339733,0.066));
#12393=CARTESIAN_POINT('',(0.00754961733039302,0.0479892009339733,0.066));
#12394=CARTESIAN_POINT('',(0.00754961733039302,0.0471014398754702,0.066));
#12395=CARTESIAN_POINT('',(0.00714465235439095,0.0463778538072383,0.066));
#12396=CARTESIAN_POINT('',(0.00698169347515888,0.050183065248411,0.066));
#12397=CARTESIAN_POINT('',(0.00698169347515888,0.050183065248411,0.068));
#12398=CARTESIAN_POINT('',(0.00736030937864831,0.0495912245427423,0.066));
#12399=CARTESIAN_POINT('',(0.00736030937864831,0.0495912245427423,0.068));
#12400=CARTESIAN_POINT('',(0.00754961733039302,0.0488599364379297,0.066));
#12401=CARTESIAN_POINT('',(0.00754961733039302,0.0488599364379297,0.068));
#12402=CARTESIAN_POINT('',(0.00754961733039302,0.0479892009339733,0.066));
#12403=CARTESIAN_POINT('',(0.00754961733039302,0.0479892009339733,0.068));
#12404=CARTESIAN_POINT('',(0.00698169347515888,0.050183065248411,0.066));
#12405=CARTESIAN_POINT('',(0.00698169347515888,0.050183065248411,0.066));
#12406=CARTESIAN_POINT('',(0.00698169347515888,0.050183065248411,0.066));
#12407=CARTESIAN_POINT('',(0.00754961733039302,0.0492953041899079,0.066));
#12408=CARTESIAN_POINT('',(0.00754961733039302,0.0479892009339733,0.066));
#12409=CARTESIAN_POINT('',(0.00104226186250195,0.0463699753729686,0.066));
#12410=CARTESIAN_POINT('',(0.00558681411337395,0.0517713062654041,0.066));
#12411=CARTESIAN_POINT('',(0.00558666784409785,0.0517711324201679,0.06600000025));
#12412=CARTESIAN_POINT('',(0.00104226186250195,0.0463699753729686,0.066));
#12413=CARTESIAN_POINT('',(0.00506631858866258,0.0522309962381632,0.066));
#12414=CARTESIAN_POINT('',(0.0045458230639512,0.0526906862109223,0.066));
#12415=CARTESIAN_POINT('',(0.0045458230639512,0.0526906862109223,0.066));
#12416=CARTESIAN_POINT('',(0.00506631858866258,0.0522309962381632,0.066));
#12417=CARTESIAN_POINT('',(0.00366535867168243,0.0536161467116358,0.066));
#12418=CARTESIAN_POINT('',(0.00366535867168243,0.0536161467116358,0.068));
#12419=CARTESIAN_POINT('',(0.00388912310286675,0.0533202263588014,0.066));
#12420=CARTESIAN_POINT('',(0.00388912310286675,0.0533202263588014,0.068));
#12421=CARTESIAN_POINT('',(0.00418261123362301,0.0530117395252302,0.066));
#12422=CARTESIAN_POINT('',(0.00418261123362301,0.0530117395252302,0.068));
#12423=CARTESIAN_POINT('',(0.0045458230639512,0.0526906862109223,0.066));
#12424=CARTESIAN_POINT('',(0.0045458230639512,0.0526906862109223,0.068));
#12425=CARTESIAN_POINT('',(0.00366535867168243,0.0536161467116358,0.066));
#12426=CARTESIAN_POINT('',(0.00366535867168243,0.0536161467116358,0.066));
#12427=CARTESIAN_POINT('',(0.00366535867168243,0.0536161467116358,0.066));
#12428=CARTESIAN_POINT('',(0.00400100531845892,0.0531722661823842,0.066));
#12429=CARTESIAN_POINT('',(0.0045458230639512,0.0526906862109223,0.066));
#12430=CARTESIAN_POINT('',(0.00332971202490593,0.0547605071993774,0.066));
#12431=CARTESIAN_POINT('',(0.00332971202490593,0.0547605071993774,0.068));
#12432=CARTESIAN_POINT('',(0.00332971202490593,0.054293520560384,0.066));
#12433=CARTESIAN_POINT('',(0.00332971202490593,0.054293520560384,0.068));
#12434=CARTESIAN_POINT('',(0.0034415942404981,0.0539120670644701,0.066));
#12435=CARTESIAN_POINT('',(0.0034415942404981,0.0539120670644701,0.068));
#12436=CARTESIAN_POINT('',(0.00366535867168243,0.0536161467116358,0.066));
#12437=CARTESIAN_POINT('',(0.00366535867168243,0.0536161467116358,0.068));
#12438=CARTESIAN_POINT('',(0.00332971202490593,0.0547605071993774,0.066));
#12439=CARTESIAN_POINT('',(0.00332971202490593,0.0547605071993774,0.066));
#12440=CARTESIAN_POINT('',(0.00332971202490593,0.0547605071993774,0.066));
#12441=CARTESIAN_POINT('',(0.00332971202490593,0.0540600272408873,0.066));
#12442=CARTESIAN_POINT('',(0.00366535867168243,0.0536161467116358,0.066));
#12443=CARTESIAN_POINT('',(0.00350969645868463,0.0554135588273447,0.066));
#12444=CARTESIAN_POINT('',(0.00350969645868463,0.0554135588273447,0.068));
#12445=CARTESIAN_POINT('',(0.0033897068361655,0.0551954695810092,0.066));
#12446=CARTESIAN_POINT('',(0.0033897068361655,0.0551954695810092,0.068));
#12447=CARTESIAN_POINT('',(0.00332971202490593,0.0549777857050201,0.066));
#12448=CARTESIAN_POINT('',(0.00332971202490593,0.0549777857050201,0.068));
#12449=CARTESIAN_POINT('',(0.00332971202490593,0.0547605071993774,0.066));
#12450=CARTESIAN_POINT('',(0.00332971202490593,0.0547605071993774,0.068));
#12451=CARTESIAN_POINT('',(0.00350969645868463,0.0554135588273447,0.066));
#12452=CARTESIAN_POINT('',(0.00350969645868463,0.0554135588273447,0.066));
#12453=CARTESIAN_POINT('',(0.00350969645868463,0.0554135588273447,0.066));
#12454=CARTESIAN_POINT('',(0.00332971202490593,0.0550864249578415,0.066));
#12455=CARTESIAN_POINT('',(0.00332971202490593,0.0547605071993774,0.066));
#12456=CARTESIAN_POINT('',(0.00407883642495782,0.0557406926968478,0.066));
#12457=CARTESIAN_POINT('',(0.00407883642495782,0.0557406926968478,0.068));
#12458=CARTESIAN_POINT('',(0.00381939940329483,0.0557406926968478,0.066));
#12459=CARTESIAN_POINT('',(0.00381939940329483,0.0557406926968478,0.068));
#12460=CARTESIAN_POINT('',(0.00362968608120377,0.0556316480736801,0.066));
#12461=CARTESIAN_POINT('',(0.00362968608120377,0.0556316480736801,0.068));
#12462=CARTESIAN_POINT('',(0.00350969645868463,0.0554135588273447,0.066));
#12463=CARTESIAN_POINT('',(0.00350969645868463,0.0554135588273447,0.068));
#12464=CARTESIAN_POINT('',(0.00407883642495782,0.0557406926968478,0.066));
#12465=CARTESIAN_POINT('',(0.00407883642495782,0.0557406926968478,0.066));
#12466=CARTESIAN_POINT('',(0.00407883642495782,0.0557406926968478,0.066));
#12467=CARTESIAN_POINT('',(0.00368968089246334,0.0557406926968478,0.066));
#12468=CARTESIAN_POINT('',(0.00350969645868463,0.0554135588273447,0.066));
#12469=CARTESIAN_POINT('',(0.00460784472694251,0.0555144960435854,0.066));
#12470=CARTESIAN_POINT('',(0.00460784472694251,0.0555144960435854,0.068));
#12471=CARTESIAN_POINT('',(0.00449353028927226,0.055665293812427,0.066));
#12472=CARTESIAN_POINT('',(0.00449353028927226,0.055665293812427,0.068));
#12473=CARTESIAN_POINT('',(0.00431719418861069,0.0557406926968478,0.066));
#12474=CARTESIAN_POINT('',(0.00431719418861069,0.0557406926968478,0.068));
#12475=CARTESIAN_POINT('',(0.00407883642495782,0.0557406926968478,0.066));
#12476=CARTESIAN_POINT('',(0.00407883642495782,0.0557406926968478,0.068));
#12477=CARTESIAN_POINT('',(0.00460784472694251,0.0555144960435854,0.066));
#12478=CARTESIAN_POINT('',(0.00460784472694251,0.0555144960435854,0.066));
#12479=CARTESIAN_POINT('',(0.00460784472694251,0.0555144960435854,0.066));
#12480=CARTESIAN_POINT('',(0.00443637307043713,0.0557406926968478,0.066));
#12481=CARTESIAN_POINT('',(0.00407883642495782,0.0557406926968478,0.066));
#12482=CARTESIAN_POINT('',(0.00483282526916588,0.0548760377480867,0.066));
#12483=CARTESIAN_POINT('',(0.00483282526916588,0.0548760377480867,0.068));
#12484=CARTESIAN_POINT('',(0.00479715267868722,0.0551508788429109,0.066));
#12485=CARTESIAN_POINT('',(0.00479715267868722,0.0551508788429109,0.068));
#12486=CARTESIAN_POINT('',(0.00472215916461276,0.0553636982747438,0.066));
#12487=CARTESIAN_POINT('',(0.00472215916461276,0.0553636982747438,0.068));
#12488=CARTESIAN_POINT('',(0.00460784472694251,0.0555144960435854,0.066));
#12489=CARTESIAN_POINT('',(0.00460784472694251,0.0555144960435854,0.068));
#12490=CARTESIAN_POINT('',(0.00483282526916588,0.0548760377480867,0.066));
#12491=CARTESIAN_POINT('',(0.00483282526916588,0.0548760377480867,0.066));
#12492=CARTESIAN_POINT('',(0.00483282526916588,0.0548760377480867,0.066));
#12493=CARTESIAN_POINT('',(0.00477931638344789,0.055288299390323,0.066));
#12494=CARTESIAN_POINT('',(0.00460784472694251,0.0555144960435854,0.066));
#12495=CARTESIAN_POINT('',(-0.00522875090090594,0.0536695448375598,0.066));
#12496=CARTESIAN_POINT('',(0.00490280596775909,0.053904297004801,0.066));
#12497=CARTESIAN_POINT('',(0.00490335970943051,0.0539043650278895,0.066));
#12498=CARTESIAN_POINT('',(-0.00522875090090594,0.0536695448375598,0.066));
#12499=CARTESIAN_POINT('',(0.0061012290828901,0.054051514463614,0.066));
#12500=CARTESIAN_POINT('',(0.00729953318505034,0.0541987173025596,0.066));
#12501=CARTESIAN_POINT('',(0.00729953318505034,0.0541987173025596,0.066));
#12502=CARTESIAN_POINT('',(0.0061012290828901,0.054051514463614,0.066));
#12503=CARTESIAN_POINT('',(-2.60497608932867E-5,0.0539704727134378,0.066));
#12504=CARTESIAN_POINT('',(0.00716775846413281,0.0553746432740952,0.066));
#12505=CARTESIAN_POINT('',(0.00716761261916896,0.0553746140886328,0.066));
#12506=CARTESIAN_POINT('',(-2.60497608932867E-5,0.0539704727134378,0.066));
#12507=CARTESIAN_POINT('',(0.00351955559002248,0.0546778517019521,0.066));
#12508=CARTESIAN_POINT('',(0.0067323907121546,0.0565421098715787,0.066));
#12509=CARTESIAN_POINT('',(0.0067323907121546,0.0565421098715787,0.066));
#12510=CARTESIAN_POINT('',(0.00351955559002248,0.0546778517019521,0.066));
#12511=CARTESIAN_POINT('',(0.00579841743416783,0.057437167596316,0.066));
#12512=CARTESIAN_POINT('',(0.00579841743416783,0.057437167596316,0.068));
#12513=CARTESIAN_POINT('',(0.00620865222467244,0.0572093494616682,0.066));
#12514=CARTESIAN_POINT('',(0.00620865222467244,0.0572093494616682,0.068));
#12515=CARTESIAN_POINT('',(0.00651997665066803,0.0569109968867558,0.066));
#12516=CARTESIAN_POINT('',(0.00651997665066803,0.0569109968867558,0.068));
#12517=CARTESIAN_POINT('',(0.0067323907121546,0.0565421098715787,0.066));
#12518=CARTESIAN_POINT('',(0.0067323907121546,0.0565421098715787,0.068));
#12519=CARTESIAN_POINT('',(0.00579841743416783,0.057437167596316,0.066));
#12520=CARTESIAN_POINT('',(0.00579841743416783,0.057437167596316,0.066));
#12521=CARTESIAN_POINT('',(0.00579841743416783,0.057437167596316,0.066));
#12522=CARTESIAN_POINT('',(0.00641376961992474,0.0570954403943443,0.066));
#12523=CARTESIAN_POINT('',(0.0067323907121546,0.0565421098715787,0.066));
#12524=CARTESIAN_POINT('',(0.00417126086392526,0.0577788947982877,0.066));
#12525=CARTESIAN_POINT('',(0.00417126086392526,0.0577788947982877,0.068));
#12526=CARTESIAN_POINT('',(0.00484579712024903,0.0577788947982877,0.066));
#12527=CARTESIAN_POINT('',(0.00484579712024903,0.0577788947982877,0.068));
#12528=CARTESIAN_POINT('',(0.00538818264366322,0.0576649857309638,0.066));
#12529=CARTESIAN_POINT('',(0.00538818264366322,0.0576649857309638,0.068));
#12530=CARTESIAN_POINT('',(0.00579841743416783,0.057437167596316,0.066));
#12531=CARTESIAN_POINT('',(0.00579841743416783,0.057437167596316,0.068));
#12532=CARTESIAN_POINT('',(0.00417126086392526,0.0577788947982877,0.066));
#12533=CARTESIAN_POINT('',(0.00417126086392526,0.0577788947982877,0.066));
#12534=CARTESIAN_POINT('',(0.00417126086392526,0.0577788947982877,0.066));
#12535=CARTESIAN_POINT('',(0.00518306524841092,0.0577788947982877,0.066));
#12536=CARTESIAN_POINT('',(0.00579841743416783,0.057437167596316,0.066));
#12537=CARTESIAN_POINT('',(0.00158702490595406,0.0569312654040732,0.066));
#12538=CARTESIAN_POINT('',(0.00158702490595406,0.0569312654040732,0.068));
#12539=CARTESIAN_POINT('',(0.0022202133869503,0.0574963516668829,0.066));
#12540=CARTESIAN_POINT('',(0.0022202133869503,0.0574963516668829,0.068));
#12541=CARTESIAN_POINT('',(0.0030816253729407,0.0577788947982877,0.066));
#12542=CARTESIAN_POINT('',(0.0030816253729407,0.0577788947982877,0.068));
#12543=CARTESIAN_POINT('',(0.00417126086392526,0.0577788947982877,0.066));
#12544=CARTESIAN_POINT('',(0.00417126086392526,0.0577788947982877,0.068));
#12545=CARTESIAN_POINT('',(0.00158702490595406,0.0569312654040732,0.066));
#12546=CARTESIAN_POINT('',(0.00158702490595406,0.0569312654040732,0.066));
#12547=CARTESIAN_POINT('',(0.00158702490595406,0.0569312654040732,0.066));
#12548=CARTESIAN_POINT('',(0.00253680762744842,0.0577788947982877,0.066));
#12549=CARTESIAN_POINT('',(0.00417126086392526,0.0577788947982877,0.066));
#12550=CARTESIAN_POINT('',(0.000637242184459694,0.0544808016603969,0.066));
#12551=CARTESIAN_POINT('',(0.000637242184459694,0.0544808016603969,0.068));
#12552=CARTESIAN_POINT('',(0.000637242184459694,0.0555493578933714,0.066));
#12553=CARTESIAN_POINT('',(0.000637242184459694,0.0555493578933714,0.068));
#12554=CARTESIAN_POINT('',(0.000953836424957814,0.0563661791412635,0.066));
#12555=CARTESIAN_POINT('',(0.000953836424957814,0.0563661791412635,0.068));
#12556=CARTESIAN_POINT('',(0.00158702490595406,0.0569312654040732,0.066));
#12557=CARTESIAN_POINT('',(0.00158702490595406,0.0569312654040732,0.068));
#12558=CARTESIAN_POINT('',(0.000637242184459694,0.0544808016603969,0.066));
#12559=CARTESIAN_POINT('',(0.000637242184459694,0.0544808016603969,0.066));
#12560=CARTESIAN_POINT('',(0.000637242184459694,0.0544808016603969,0.066));
#12561=CARTESIAN_POINT('',(0.000637242184459694,0.0560836360098586,0.066));
#12562=CARTESIAN_POINT('',(0.00158702490595406,0.0569312654040732,0.066));
#12563=CARTESIAN_POINT('',(0.00112733493319494,0.0525727234401349,0.066));
#12564=CARTESIAN_POINT('',(0.00112733493319494,0.0525727234401349,0.068));
#12565=CARTESIAN_POINT('',(0.000800606434038109,0.053085922298612,0.066));
#12566=CARTESIAN_POINT('',(0.000800606434038109,0.053085922298612,0.068));
#12567=CARTESIAN_POINT('',(0.000637242184459694,0.0537219483720327,0.066));
#12568=CARTESIAN_POINT('',(0.000637242184459694,0.0537219483720327,0.068));
#12569=CARTESIAN_POINT('',(0.000637242184459694,0.0544808016603969,0.066));
#12570=CARTESIAN_POINT('',(0.000637242184459694,0.0544808016603969,0.068));
#12571=CARTESIAN_POINT('',(0.00112733493319494,0.0525727234401349,0.066));
#12572=CARTESIAN_POINT('',(0.00112733493319494,0.0525727234401349,0.066));
#12573=CARTESIAN_POINT('',(0.00112733493319494,0.0525727234401349,0.066));
#12574=CARTESIAN_POINT('',(0.000637242184459694,0.0533425217278506,0.066));
#12575=CARTESIAN_POINT('',(0.000637242184459694,0.0544808016603969,0.066));
#12576=CARTESIAN_POINT('',(0.0062484666034853,0.0558461261711967,0.066));
#12577=CARTESIAN_POINT('',(0.0023349331949669,0.0511948696328966,0.066));
#12578=CARTESIAN_POINT('',(0.00233506946482133,0.0511950315903875,0.06600000025));
#12579=CARTESIAN_POINT('',(0.0062484666034853,0.0558461261711967,0.066));
#12580=CARTESIAN_POINT('',(0.00287975094045917,0.050720586327669,0.066));
#12581=CARTESIAN_POINT('',(0.00342456868595146,0.0502463030224413,0.066));
#12582=CARTESIAN_POINT('',(0.00342456868595146,0.0502463030224413,0.066));
#12583=CARTESIAN_POINT('',(0.00287975094045917,0.050720586327669,0.066));
#12584=CARTESIAN_POINT('',(0.00443515695939808,0.049163964197691,0.066));
#12585=CARTESIAN_POINT('',(0.00443515695939808,0.049163964197691,0.068));
#12586=CARTESIAN_POINT('',(0.00418625956674015,0.049522311583863,0.066));
#12587=CARTESIAN_POINT('',(0.00418625956674015,0.049522311583863,0.068));
#12588=CARTESIAN_POINT('',(0.00384939680892461,0.0498830911921131,0.066));
#12589=CARTESIAN_POINT('',(0.00384939680892461,0.0498830911921131,0.068));
#12590=CARTESIAN_POINT('',(0.00342456868595146,0.0502463030224413,0.066));
#12591=CARTESIAN_POINT('',(0.00342456868595146,0.0502463030224413,0.068));
#12592=CARTESIAN_POINT('',(0.00443515695939808,0.049163964197691,0.066));
#12593=CARTESIAN_POINT('',(0.00443515695939808,0.049163964197691,0.066));
#12594=CARTESIAN_POINT('',(0.00443515695939808,0.049163964197691,0.066));
#12595=CARTESIAN_POINT('',(0.00406181087041118,0.049701485276949,0.066));
#12596=CARTESIAN_POINT('',(0.00342456868595146,0.0502463030224413,0.066));
#12597=CARTESIAN_POINT('',(0.00480850304838498,0.047848132053444,0.066));
#12598=CARTESIAN_POINT('',(0.00480850304838498,0.047848132053444,0.068));
#12599=CARTESIAN_POINT('',(0.00480850304838498,0.04836700609677,0.066));
#12600=CARTESIAN_POINT('',(0.00480850304838498,0.04836700609677,0.068));
#12601=CARTESIAN_POINT('',(0.00468405435205602,0.048805616811519,0.066));
#12602=CARTESIAN_POINT('',(0.00468405435205602,0.048805616811519,0.068));
#12603=CARTESIAN_POINT('',(0.00443515695939808,0.049163964197691,0.066));
#12604=CARTESIAN_POINT('',(0.00443515695939808,0.049163964197691,0.068));
#12605=CARTESIAN_POINT('',(0.00480850304838498,0.047848132053444,0.066));
#12606=CARTESIAN_POINT('',(0.00480850304838498,0.047848132053444,0.066));
#12607=CARTESIAN_POINT('',(0.00480850304838498,0.047848132053444,0.066));
#12608=CARTESIAN_POINT('',(0.00480850304838498,0.048626443118433,0.066));
#12609=CARTESIAN_POINT('',(0.00443515695939808,0.049163964197691,0.066));
#12610=CARTESIAN_POINT('',(0.00329606680750795,0.0478429660213632,0.066));
#12611=CARTESIAN_POINT('',(0.00467716305616809,0.0472266993124919,0.066));
#12612=CARTESIAN_POINT('',(0.00467716305616809,0.0472266993124919,0.066));
#12613=CARTESIAN_POINT('',(0.00329606680750795,0.0478429660213632,0.066));
#12614=CARTESIAN_POINT('',(0.00410802308989491,0.0469311843300039,0.066));
#12615=CARTESIAN_POINT('',(0.00410802308989491,0.0469311843300039,0.068));
#12616=CARTESIAN_POINT('',(0.00439988973926577,0.0469311843300039,0.066));
#12617=CARTESIAN_POINT('',(0.00439988973926577,0.0469311843300039,0.068));
#12618=CARTESIAN_POINT('',(0.00458960306135683,0.0470296893241666,0.066));
#12619=CARTESIAN_POINT('',(0.00458960306135683,0.0470296893241666,0.068));
#12620=CARTESIAN_POINT('',(0.00467716305616809,0.0472266993124919,0.066));
#12621=CARTESIAN_POINT('',(0.00467716305616809,0.0472266993124919,0.068));
#12622=CARTESIAN_POINT('',(0.00410802308989491,0.0469311843300039,0.066));
#12623=CARTESIAN_POINT('',(0.00410802308989491,0.0469311843300039,0.066));
#12624=CARTESIAN_POINT('',(0.00410802308989491,0.0469311843300039,0.066));
#12625=CARTESIAN_POINT('',(0.0045458230639512,0.0469311843300039,0.066));
#12626=CARTESIAN_POINT('',(0.00467716305616809,0.0472266993124919,0.066));
#12627=CARTESIAN_POINT('',(0.0040884030424963,0.0477708190811202,0.066));
#12628=CARTESIAN_POINT('',(0.00352550590219221,0.047148868205993,0.066));
#12629=CARTESIAN_POINT('',(0.00352550590219221,0.047148868205993,0.066));
#12630=CARTESIAN_POINT('',(0.0040884030424963,0.0477708190811202,0.066));
#12631=CARTESIAN_POINT('',(0.00315094370216628,0.0478639414969516,0.066));
#12632=CARTESIAN_POINT('',(0.00315094370216628,0.0478639414969516,0.068));
#12633=CARTESIAN_POINT('',(0.00323931443767023,0.0475323485536386,0.066));
#12634=CARTESIAN_POINT('',(0.00323931443767023,0.0475323485536386,0.068));
#12635=CARTESIAN_POINT('',(0.00336416850434555,0.0472939907899857,0.066));
#12636=CARTESIAN_POINT('',(0.00336416850434555,0.0472939907899857,0.068));
#12637=CARTESIAN_POINT('',(0.00352550590219221,0.047148868205993,0.066));
#12638=CARTESIAN_POINT('',(0.00352550590219221,0.047148868205993,0.068));
#12639=CARTESIAN_POINT('',(0.00315094370216628,0.0478639414969516,0.066));
#12640=CARTESIAN_POINT('',(0.00315094370216628,0.0478639414969516,0.066));
#12641=CARTESIAN_POINT('',(0.00315094370216628,0.0478639414969516,0.066));
#12642=CARTESIAN_POINT('',(0.00328349980542221,0.0473665520819821,0.066));
#12643=CARTESIAN_POINT('',(0.00352550590219221,0.047148868205993,0.066));
#12644=CARTESIAN_POINT('',(0.0030037942664418,0.0491712608639253,0.066));
#12645=CARTESIAN_POINT('',(0.0030037942664418,0.0491712608639253,0.068));
#12646=CARTESIAN_POINT('',(0.00301352315475416,0.0486313075625892,0.066));
#12647=CARTESIAN_POINT('',(0.00301352315475416,0.0486313075625892,0.068));
#12648=CARTESIAN_POINT('',(0.00306257296666232,0.0481955344402646,0.066));
#12649=CARTESIAN_POINT('',(0.00306257296666232,0.0481955344402646,0.068));
#12650=CARTESIAN_POINT('',(0.00315094370216628,0.0478639414969516,0.066));
#12651=CARTESIAN_POINT('',(0.00315094370216628,0.0478639414969516,0.068));
#12652=CARTESIAN_POINT('',(0.0030037942664418,0.0491712608639253,0.066));
#12653=CARTESIAN_POINT('',(0.0030037942664418,0.0491712608639253,0.066));
#12654=CARTESIAN_POINT('',(0.0030037942664418,0.0491712608639253,0.066));
#12655=CARTESIAN_POINT('',(0.00301838759891034,0.0483613309119211,0.066));
#12656=CARTESIAN_POINT('',(0.00315094370216628,0.0478639414969516,0.066));
#12657=CARTESIAN_POINT('',(0.00181322155921648,0.0489924925411856,0.066));
#12658=CARTESIAN_POINT('',(0.000622648851991153,0.048813724218446,0.066));
#12659=CARTESIAN_POINT('',(0.000622648851991153,0.048813724218446,0.066));
#12660=CARTESIAN_POINT('',(0.00181322155921648,0.0489924925411856,0.066));
#12661=CARTESIAN_POINT('',(0.00107382604747695,0.0465335160202361,0.066));
#12662=CARTESIAN_POINT('',(0.00107382604747695,0.0465335160202361,0.068));
#12663=CARTESIAN_POINT('',(0.0008038493968089,0.0471196815410559,0.066));
#12664=CARTESIAN_POINT('',(0.0008038493968089,0.0471196815410559,0.068));
#12665=CARTESIAN_POINT('',(0.000653456998313634,0.0478797509404592,0.066));
#12666=CARTESIAN_POINT('',(0.000653456998313634,0.0478797509404592,0.068));
#12667=CARTESIAN_POINT('',(0.000622648851991155,0.048813724218446,0.066));
#12668=CARTESIAN_POINT('',(0.000622648851991155,0.048813724218446,0.068));
#12669=CARTESIAN_POINT('',(0.00107382604747695,0.0465335160202361,0.066));
#12670=CARTESIAN_POINT('',(0.00107382604747695,0.0465335160202361,0.066));
#12671=CARTESIAN_POINT('',(0.00107382604747695,0.0465335160202361,0.066));
#12672=CARTESIAN_POINT('',(0.000668861071474874,0.0474127643014658,0.066));
#12673=CARTESIAN_POINT('',(0.000622648851991155,0.048813724218446,0.066));
#12674=CARTESIAN_POINT('',(0.00227291153197559,0.0452334933194967,0.066));
#12675=CARTESIAN_POINT('',(0.00227291153197559,0.0452334933194967,0.068));
#12676=CARTESIAN_POINT('',(0.00174349785964455,0.0455140095991698,0.066));
#12677=CARTESIAN_POINT('',(0.00174349785964455,0.0455140095991698,0.068));
#12678=CARTESIAN_POINT('',(0.001343802698145,0.0459473504994163,0.066));
#12679=CARTESIAN_POINT('',(0.001343802698145,0.0459473504994163,0.068));
#12680=CARTESIAN_POINT('',(0.00107382604747695,0.0465335160202361,0.066));
#12681=CARTESIAN_POINT('',(0.00107382604747695,0.0465335160202361,0.068));
#12682=CARTESIAN_POINT('',(0.00227291153197559,0.0452334933194967,0.066));
#12683=CARTESIAN_POINT('',(0.00147879102347902,0.0456542677390064,0.066));
#12684=CARTESIAN_POINT('',(0.00107382604747695,0.0465335160202361,0.066));
#12685=CARTESIAN_POINT('',(-2.77555756156289E-17,0.045,0.066));
#12686=CARTESIAN_POINT('',(0.0160794201582566,0.0494983947334285,0.066));
#12687=CARTESIAN_POINT('',(0.0160794201582566,0.045,0.066));
#12688=CARTESIAN_POINT('',(0.0160794201582566,0.045,0.066));
#12689=CARTESIAN_POINT('',(0.0160794201582566,0.0494983947334285,0.066));
#12690=CARTESIAN_POINT('',(0.0160794201582566,0.0539967894668569,0.066));
#12691=CARTESIAN_POINT('',(0.0160794201582566,0.0539967894668569,0.066));
#12692=CARTESIAN_POINT('',(0.0173490400830199,0.045,0.066));
#12693=CARTESIAN_POINT('',(0.0186186600077831,0.045,0.066));
#12694=CARTESIAN_POINT('',(0.0186186600077831,0.045,0.066));
#12695=CARTESIAN_POINT('',(0.0173490400830199,0.045,0.066));
#12696=CARTESIAN_POINT('',(0.0186186600077831,0.048518209235958,0.066));
#12697=CARTESIAN_POINT('',(0.0186186600077831,0.0520359246023086,0.066));
#12698=CARTESIAN_POINT('',(0.0186186600077831,0.0520359246023086,0.066));
#12699=CARTESIAN_POINT('',(0.0186186600077831,0.048518209235958,0.066));
#12700=CARTESIAN_POINT('',(0.0198419879205801,0.0503734334016573,0.066));
#12701=CARTESIAN_POINT('',(0.019045514982488,0.0522772084576469,0.066));
#12702=CARTESIAN_POINT('',(0.019045514982488,0.0522772084576469,0.066));
#12703=CARTESIAN_POINT('',(0.0198419879205801,0.0503734334016573,0.066));
#12704=CARTESIAN_POINT('',(0.0194115644052406,0.0523623362303801,0.066));
#12705=CARTESIAN_POINT('',(0.0194115644052406,0.0523623362303801,0.068));
#12706=CARTESIAN_POINT('',(0.0193077895965754,0.0523623362303801,0.066));
#12707=CARTESIAN_POINT('',(0.0193077895965754,0.0523623362303801,0.068));
#12708=CARTESIAN_POINT('',(0.0191857731223245,0.0523339603061357,0.066));
#12709=CARTESIAN_POINT('',(0.0191857731223245,0.0523339603061357,0.068));
#12710=CARTESIAN_POINT('',(0.019045514982488,0.0522772084576469,0.066));
#12711=CARTESIAN_POINT('',(0.019045514982488,0.0522772084576469,0.068));
#12712=CARTESIAN_POINT('',(0.0194115644052406,0.0523623362303801,0.066));
#12713=CARTESIAN_POINT('',(0.0194115644052406,0.0523623362303801,0.066));
#12714=CARTESIAN_POINT('',(0.0194115644052406,0.0523623362303801,0.066));
#12715=CARTESIAN_POINT('',(0.0192559021922428,0.0523623362303801,0.066));
#12716=CARTESIAN_POINT('',(0.019045514982488,0.0522772084576469,0.066));
#12717=CARTESIAN_POINT('',(0.0198165293812427,0.0521908645738747,0.066));
#12718=CARTESIAN_POINT('',(0.0198165293812427,0.0521908645738747,0.068));
#12719=CARTESIAN_POINT('',(0.0197443734595927,0.052305179011545,0.066));
#12720=CARTESIAN_POINT('',(0.0197443734595927,0.052305179011545,0.068));
#12721=CARTESIAN_POINT('',(0.0196093851342586,0.0523623362303801,0.066));
#12722=CARTESIAN_POINT('',(0.0196093851342586,0.0523623362303801,0.068));
#12723=CARTESIAN_POINT('',(0.0194115644052406,0.0523623362303801,0.066));
#12724=CARTESIAN_POINT('',(0.0194115644052406,0.0523623362303801,0.068));
#12725=CARTESIAN_POINT('',(0.0198165293812427,0.0521908645738747,0.066));
#12726=CARTESIAN_POINT('',(0.0198165293812427,0.0521908645738747,0.066));
#12727=CARTESIAN_POINT('',(0.0198165293812427,0.0521908645738747,0.066));
#12728=CARTESIAN_POINT('',(0.0197082954987676,0.0523623362303801,0.066));
#12729=CARTESIAN_POINT('',(0.0194115644052406,0.0523623362303801,0.066));
#12730=CARTESIAN_POINT('',(0.0199247632637177,0.0516934751589052,0.066));
#12731=CARTESIAN_POINT('',(0.0199247632637177,0.0516934751589052,0.068));
#12732=CARTESIAN_POINT('',(0.0199247632637177,0.0519107536645479,0.066));
#12733=CARTESIAN_POINT('',(0.0199247632637177,0.0519107536645479,0.068));
#12734=CARTESIAN_POINT('',(0.0198886853028927,0.0520765501362044,0.066));
#12735=CARTESIAN_POINT('',(0.0198886853028927,0.0520765501362044,0.068));
#12736=CARTESIAN_POINT('',(0.0198165293812427,0.0521908645738747,0.066));
#12737=CARTESIAN_POINT('',(0.0198165293812427,0.0521908645738747,0.068));
#12738=CARTESIAN_POINT('',(0.0199247632637177,0.0516934751589052,0.066));
#12739=CARTESIAN_POINT('',(0.0199247632637177,0.0516934751589052,0.066));
#12740=CARTESIAN_POINT('',(0.0199247632637177,0.0516934751589052,0.066));
#12741=CARTESIAN_POINT('',(0.0199247632637177,0.0520193929173693,0.066));
#12742=CARTESIAN_POINT('',(0.0198165293812427,0.0521908645738747,0.066));
#12743=CARTESIAN_POINT('',(0.0199247632637177,0.0483467375794526,0.066));
#12744=CARTESIAN_POINT('',(0.0199247632637177,0.045,0.066));
#12745=CARTESIAN_POINT('',(0.0199247632637177,0.045,0.066));
#12746=CARTESIAN_POINT('',(0.0199247632637177,0.0483467375794526,0.066));
#12747=CARTESIAN_POINT('',(0.0211858704112077,0.045,0.066));
#12748=CARTESIAN_POINT('',(0.0224469775586976,0.045,0.066));
#12749=CARTESIAN_POINT('',(0.0224469775586976,0.045,0.066));
#12750=CARTESIAN_POINT('',(0.0211858704112077,0.045,0.066));
#12751=CARTESIAN_POINT('',(0.0224469775586976,0.0485255059021922,0.066));
#12752=CARTESIAN_POINT('',(0.0224469775586976,0.0520510118043845,0.066));
#12753=CARTESIAN_POINT('',(0.0224469775586976,0.0520510118043845,0.066));
#12754=CARTESIAN_POINT('',(0.0224469775586976,0.0485255059021922,0.066));
#12755=CARTESIAN_POINT('',(0.0222596964586847,0.0531333506291348,0.066));
#12756=CARTESIAN_POINT('',(0.0222596964586847,0.0531333506291348,0.068));
#12757=CARTESIAN_POINT('',(0.0223845505253599,0.052817161758983,0.066));
#12758=CARTESIAN_POINT('',(0.0223845505253599,0.052817161758983,0.068));
#12759=CARTESIAN_POINT('',(0.0224469775586976,0.0524563821507329,0.066));
#12760=CARTESIAN_POINT('',(0.0224469775586976,0.0524563821507329,0.068));
#12761=CARTESIAN_POINT('',(0.0224469775586976,0.0520510118043845,0.066));
#12762=CARTESIAN_POINT('',(0.0224469775586976,0.0520510118043845,0.068));
#12763=CARTESIAN_POINT('',(0.0222596964586847,0.0531333506291348,0.066));
#12764=CARTESIAN_POINT('',(0.0222596964586847,0.0531333506291348,0.066));
#12765=CARTESIAN_POINT('',(0.0222596964586847,0.0531333506291348,0.066));
#12766=CARTESIAN_POINT('',(0.0224469775586976,0.0526590673239071,0.066));
#12767=CARTESIAN_POINT('',(0.0224469775586976,0.0520510118043845,0.066));
#12768=CARTESIAN_POINT('',(0.0217075820469581,0.0538800428071086,0.066));
#12769=CARTESIAN_POINT('',(0.0217075820469581,0.0538800428071086,0.068));
#12770=CARTESIAN_POINT('',(0.0219508042547671,0.0536984368919445,0.066));
#12771=CARTESIAN_POINT('',(0.0219508042547671,0.0536984368919445,0.068));
#12772=CARTESIAN_POINT('',(0.0221348423920093,0.0534495394992865,0.066));
#12773=CARTESIAN_POINT('',(0.0221348423920093,0.0534495394992865,0.068));
#12774=CARTESIAN_POINT('',(0.0222596964586847,0.0531333506291348,0.066));
#12775=CARTESIAN_POINT('',(0.0222596964586847,0.0531333506291348,0.068));
#12776=CARTESIAN_POINT('',(0.0217075820469581,0.0538800428071086,0.066));
#12777=CARTESIAN_POINT('',(0.0217075820469581,0.0538800428071086,0.066));
#12778=CARTESIAN_POINT('',(0.0217075820469581,0.0538800428071086,0.066));
#12779=CARTESIAN_POINT('',(0.0220724153586716,0.0536076339343624,0.066));
#12780=CARTESIAN_POINT('',(0.0222596964586847,0.0531333506291348,0.066));
#12781=CARTESIAN_POINT('',(0.0207809054352056,0.0541524516798547,0.066));
#12782=CARTESIAN_POINT('',(0.0207809054352056,0.0541524516798547,0.068));
#12783=CARTESIAN_POINT('',(0.0211554676352315,0.0541524516798547,0.066));
#12784=CARTESIAN_POINT('',(0.0211554676352315,0.0541524516798547,0.068));
#12785=CARTESIAN_POINT('',(0.021464359839149,0.0540616487222727,0.066));
#12786=CARTESIAN_POINT('',(0.021464359839149,0.0540616487222727,0.068));
#12787=CARTESIAN_POINT('',(0.0217075820469581,0.0538800428071086,0.066));
#12788=CARTESIAN_POINT('',(0.0217075820469581,0.0538800428071086,0.068));
#12789=CARTESIAN_POINT('',(0.0207809054352056,0.0541524516798547,0.066));
#12790=CARTESIAN_POINT('',(0.0207809054352056,0.0541524516798547,0.066));
#12791=CARTESIAN_POINT('',(0.0207809054352056,0.0541524516798547,0.066));
#12792=CARTESIAN_POINT('',(0.0213427487352445,0.0541524516798547,0.066));
#12793=CARTESIAN_POINT('',(0.0217075820469581,0.0538800428071086,0.066));
#12794=CARTESIAN_POINT('',(0.0207806758490977,0.0517422055023778,0.066));
#12795=CARTESIAN_POINT('',(0.0196523543909716,0.0538727461408743,0.066));
#12796=CARTESIAN_POINT('',(0.0196523543909716,0.0538727461408743,0.066));
#12797=CARTESIAN_POINT('',(0.0207806758490977,0.0517422055023778,0.066));
#12798=CARTESIAN_POINT('',(0.0186186600077831,0.0530944350758853,0.066));
#12799=CARTESIAN_POINT('',(0.0186186600077831,0.0530944350758853,0.068));
#12800=CARTESIAN_POINT('',(0.0189494422104034,0.053426838759891,0.066));
#12801=CARTESIAN_POINT('',(0.0189494422104034,0.053426838759891,0.068));
#12802=CARTESIAN_POINT('',(0.0192940070047995,0.053686275781554,0.066));
#12803=CARTESIAN_POINT('',(0.0192940070047995,0.053686275781554,0.068));
#12804=CARTESIAN_POINT('',(0.0196523543909716,0.0538727461408743,0.066));
#12805=CARTESIAN_POINT('',(0.0196523543909716,0.0538727461408743,0.068));
#12806=CARTESIAN_POINT('',(0.0186186600077831,0.0530944350758853,0.066));
#12807=CARTESIAN_POINT('',(0.0186186600077831,0.0530944350758853,0.066));
#12808=CARTESIAN_POINT('',(0.0186186600077831,0.0530944350758853,0.066));
#12809=CARTESIAN_POINT('',(0.0191148333117135,0.0535930406018939,0.066));
#12810=CARTESIAN_POINT('',(0.0196523543909716,0.0538727461408743,0.066));
#12811=CARTESIAN_POINT('',(0.0186186600077831,0.0535456122713711,0.066));
#12812=CARTESIAN_POINT('',(0.0186186600077831,0.0539967894668569,0.066));
#12813=CARTESIAN_POINT('',(0.0186186600077831,0.0539967894668569,0.066));
#12814=CARTESIAN_POINT('',(0.0186186600077831,0.0535456122713711,0.066));
#12815=CARTESIAN_POINT('',(0.0173490400830199,0.0539967894668569,0.066));
#12816=CARTESIAN_POINT('',(0.0173490400830199,0.0539967894668569,0.066));
#12817=CARTESIAN_POINT('',(-2.77555756156289E-17,0.045,0.066));
#12818=CARTESIAN_POINT('',(0.0117220943053573,0.0505260085614217,0.066));
#12819=CARTESIAN_POINT('',(0.0117220943053573,0.0505260085614217,0.068));
#12820=CARTESIAN_POINT('',(0.0110836360098586,0.0505260085614217,0.068));
#12821=CARTESIAN_POINT('',(0.0123605526008561,0.0505260085614217,0.068));
#12822=CARTESIAN_POINT('',(0.0110836360098586,0.0505260085614217,0.066));
#12823=CARTESIAN_POINT('',(0.0110836360098586,0.0505260085614217,0.066));
#12824=CARTESIAN_POINT('',(0.0117220943053573,0.0505260085614217,0.066));
#12825=CARTESIAN_POINT('',(0.0123605526008561,0.0505260085614217,0.066));
#12826=CARTESIAN_POINT('',(0.0123605526008561,0.0505260085614217,0.066));
#12827=CARTESIAN_POINT('',(0.0110836360098586,0.0509078674276819,0.066));
#12828=CARTESIAN_POINT('',(0.0110836360098586,0.0509078674276819,0.068));
#12829=CARTESIAN_POINT('',(0.0110836360098586,0.0512897262939421,0.068));
#12830=CARTESIAN_POINT('',(0.0110836360098586,0.0512897262939421,0.066));
#12831=CARTESIAN_POINT('',(0.0110836360098586,0.0512897262939421,0.066));
#12832=CARTESIAN_POINT('',(0.0110836360098586,0.0509078674276819,0.066));
#12833=CARTESIAN_POINT('',(0.0111614671163575,0.0519342651446361,0.066));
#12834=CARTESIAN_POINT('',(0.0111614671163575,0.0519342651446361,0.068));
#12835=CARTESIAN_POINT('',(0.0111095797120249,0.0517834673757945,0.066));
#12836=CARTESIAN_POINT('',(0.0111095797120249,0.0517834673757945,0.068));
#12837=CARTESIAN_POINT('',(0.0110836360098586,0.0515686210922298,0.066));
#12838=CARTESIAN_POINT('',(0.0110836360098586,0.0515686210922298,0.068));
#12839=CARTESIAN_POINT('',(0.0110836360098586,0.0512897262939421,0.066));
#12840=CARTESIAN_POINT('',(0.0110836360098586,0.0512897262939421,0.068));
#12841=CARTESIAN_POINT('',(0.0111614671163575,0.0519342651446361,0.068));
#12842=CARTESIAN_POINT('',(0.0110836360098586,0.0517080684913737,0.068));
#12843=CARTESIAN_POINT('',(0.0110836360098586,0.0512897262939421,0.068));
#12844=CARTESIAN_POINT('',(0.0111614671163575,0.0519342651446361,0.068));
#12845=CARTESIAN_POINT('',(0.0111614671163575,0.0519342651446361,0.066));
#12846=CARTESIAN_POINT('',(0.0111614671163575,0.0519342651446361,0.066));
#12847=CARTESIAN_POINT('',(0.0111614671163575,0.0519342651446361,0.066));
#12848=CARTESIAN_POINT('',(0.0110836360098586,0.0517080684913737,0.066));
#12849=CARTESIAN_POINT('',(0.0110836360098586,0.0512897262939421,0.066));
#12850=CARTESIAN_POINT('',(0.0113718543261123,0.0522541023479051,0.066));
#12851=CARTESIAN_POINT('',(0.0113718543261123,0.0522541023479051,0.068));
#12852=CARTESIAN_POINT('',(0.0112834835906084,0.0521916753145674,0.066));
#12853=CARTESIAN_POINT('',(0.0112834835906084,0.0521916753145674,0.068));
#12854=CARTESIAN_POINT('',(0.0112133545206901,0.0520850629134778,0.066));
#12855=CARTESIAN_POINT('',(0.0112133545206901,0.0520850629134778,0.068));
#12856=CARTESIAN_POINT('',(0.0111614671163575,0.0519342651446361,0.066));
#12857=CARTESIAN_POINT('',(0.0111614671163575,0.0519342651446361,0.068));
#12858=CARTESIAN_POINT('',(0.0113718543261123,0.0522541023479051,0.068));
#12859=CARTESIAN_POINT('',(0.0112392982228564,0.0521604617978986,0.068));
#12860=CARTESIAN_POINT('',(0.0111614671163575,0.0519342651446361,0.068));
#12861=CARTESIAN_POINT('',(0.0113718543261123,0.0522541023479051,0.068));
#12862=CARTESIAN_POINT('',(0.0113718543261123,0.0522541023479051,0.066));
#12863=CARTESIAN_POINT('',(0.0113718543261123,0.0522541023479051,0.066));
#12864=CARTESIAN_POINT('',(0.0113718543261123,0.0522541023479051,0.066));
#12865=CARTESIAN_POINT('',(0.0112392982228564,0.0521604617978986,0.066));
#12866=CARTESIAN_POINT('',(0.0111614671163575,0.0519342651446361,0.066));
#12867=CARTESIAN_POINT('',(0.0116741394170286,0.0518067440488853,0.066));
#12868=CARTESIAN_POINT('',(0.0116741394170286,0.0518067440488853,0.068));
#12869=CARTESIAN_POINT('',(0.0116917450424272,0.0523469719994046,0.068));
#12870=CARTESIAN_POINT('',(0.0116917470537412,0.0523469719339998,0.066));
#12871=CARTESIAN_POINT('',(0.0116917450424272,0.0523469719994046,0.066));
#12872=CARTESIAN_POINT('',(0.0116741394170286,0.0518067440488853,0.066));
#12873=CARTESIAN_POINT('',(0.0117131095516499,0.0516080744102236,0.066));
#12874=CARTESIAN_POINT('',(0.0117131095516499,0.0516080744102236,0.068));
#12875=CARTESIAN_POINT('',(0.0120407153975872,0.0522699117914126,0.068));
#12876=CARTESIAN_POINT('',(0.0120407153975872,0.0522699117914126,0.066));
#12877=CARTESIAN_POINT('',(0.0120407153975872,0.0522699117914126,0.066));
#12878=CARTESIAN_POINT('',(0.0117131095516499,0.0516080744102236,0.066));
#12879=CARTESIAN_POINT('',(0.0122742087170839,0.0519889901413932,0.066));
#12880=CARTESIAN_POINT('',(0.0122742087170839,0.0519889901413932,0.068));
#12881=CARTESIAN_POINT('',(0.0122166461279024,0.0521243838370735,0.066));
#12882=CARTESIAN_POINT('',(0.0122166461279024,0.0521243838370735,0.068));
#12883=CARTESIAN_POINT('',(0.0121388150214035,0.05221802438708,0.066));
#12884=CARTESIAN_POINT('',(0.0121388150214035,0.05221802438708,0.068));
#12885=CARTESIAN_POINT('',(0.0120407153975872,0.0522699117914126,0.066));
#12886=CARTESIAN_POINT('',(0.0120407153975872,0.0522699117914126,0.068));
#12887=CARTESIAN_POINT('',(0.0122742087170839,0.0519889901413932,0.068));
#12888=CARTESIAN_POINT('',(0.0121878648333117,0.0521920806849137,0.068));
#12889=CARTESIAN_POINT('',(0.0120407153975872,0.0522699117914126,0.068));
#12890=CARTESIAN_POINT('',(0.0122742087170839,0.0519889901413932,0.068));
#12891=CARTESIAN_POINT('',(0.0122742087170839,0.0519889901413932,0.066));
#12892=CARTESIAN_POINT('',(0.0122742087170839,0.0519889901413932,0.066));
#12893=CARTESIAN_POINT('',(0.0122742087170839,0.0519889901413932,0.066));
#12894=CARTESIAN_POINT('',(0.0121878648333117,0.0521920806849137,0.066));
#12895=CARTESIAN_POINT('',(0.0120407153975872,0.0522699117914126,0.066));
#12896=CARTESIAN_POINT('',(0.0123605526008561,0.0514283629523933,0.066));
#12897=CARTESIAN_POINT('',(0.0123605526008561,0.0514283629523933,0.068));
#12898=CARTESIAN_POINT('',(0.0123605526008561,0.0516667207160462,0.066));
#12899=CARTESIAN_POINT('',(0.0123605526008561,0.0516667207160462,0.068));
#12900=CARTESIAN_POINT('',(0.0123317713062654,0.0518535964457128,0.066));
#12901=CARTESIAN_POINT('',(0.0123317713062654,0.0518535964457128,0.068));
#12902=CARTESIAN_POINT('',(0.0122742087170839,0.0519889901413932,0.066));
#12903=CARTESIAN_POINT('',(0.0122742087170839,0.0519889901413932,0.068));
#12904=CARTESIAN_POINT('',(0.0123605526008561,0.0514283629523933,0.068));
#12905=CARTESIAN_POINT('',(0.0123605526008561,0.0517858995978726,0.068));
#12906=CARTESIAN_POINT('',(0.0122742087170839,0.0519889901413932,0.068));
#12907=CARTESIAN_POINT('',(0.0123605526008561,0.0514283629523933,0.068));
#12908=CARTESIAN_POINT('',(0.0123605526008561,0.0514283629523933,0.066));
#12909=CARTESIAN_POINT('',(0.0123605526008561,0.0514283629523933,0.066));
#12910=CARTESIAN_POINT('',(0.0123605526008561,0.0514283629523933,0.066));
#12911=CARTESIAN_POINT('',(0.0123605526008561,0.0517858995978726,0.066));
#12912=CARTESIAN_POINT('',(0.0122742087170839,0.0519889901413932,0.066));
#12913=CARTESIAN_POINT('',(0.0117062848618498,0.0448443377870022,0.066));
#12914=CARTESIAN_POINT('',(0.0117062848618498,0.0448443377870022,0.068));
#12915=CARTESIAN_POINT('',(0.0110528278635361,0.0448443377870022,0.066));
#12916=CARTESIAN_POINT('',(0.0110528278635361,0.0448443377870022,0.068));
#12917=CARTESIAN_POINT('',(0.0104926060448826,0.0449610844467505,0.066));
#12918=CARTESIAN_POINT('',(0.0104926060448826,0.0449610844467505,0.068));
#12919=CARTESIAN_POINT('',(0.0100256194058892,0.0451945777662472,0.066));
#12920=CARTESIAN_POINT('',(0.0100256194058892,0.0451945777662472,0.068));
#12921=CARTESIAN_POINT('',(0.0117062848618498,0.0448443377870022,0.066));
#12922=CARTESIAN_POINT('',(0.0117062848618498,0.0448443377870022,0.066));
#12923=CARTESIAN_POINT('',(0.0117062848618498,0.0448443377870022,0.066));
#12924=CARTESIAN_POINT('',(0.0107260993643793,0.0448443377870022,0.066));
#12925=CARTESIAN_POINT('',(0.0100256194058892,0.0451945777662472,0.066));
#12926=CARTESIAN_POINT('',(0.0100256194058892,0.0451945777662472,0.066));
#12927=CARTESIAN_POINT('',(0.0100256194058892,0.0451945777662472,0.066));
#12928=CARTESIAN_POINT('',(0.0139013652873265,0.045537521079258,0.066));
#12929=CARTESIAN_POINT('',(0.0139013652873265,0.045537521079258,0.068));
#12930=CARTESIAN_POINT('',(0.0133719516149954,0.0450753988844208,0.066));
#12931=CARTESIAN_POINT('',(0.0133719516149954,0.0450753988844208,0.068));
#12932=CARTESIAN_POINT('',(0.0126402581398365,0.0448443377870022,0.066));
#12933=CARTESIAN_POINT('',(0.0126402581398365,0.0448443377870022,0.068));
#12934=CARTESIAN_POINT('',(0.0117062848618498,0.0448443377870022,0.066));
#12935=CARTESIAN_POINT('',(0.0117062848618498,0.0448443377870022,0.068));
#12936=CARTESIAN_POINT('',(0.0139013652873265,0.045537521079258,0.066));
#12937=CARTESIAN_POINT('',(0.0139013652873265,0.045537521079258,0.066));
#12938=CARTESIAN_POINT('',(0.0139013652873265,0.045537521079258,0.066));
#12939=CARTESIAN_POINT('',(0.0131072447788299,0.0448443377870022,0.066));
#12940=CARTESIAN_POINT('',(0.0117062848618498,0.0448443377870022,0.066));
#12941=CARTESIAN_POINT('',(0.014695485795823,0.0476000454014788,0.066));
#12942=CARTESIAN_POINT('',(0.014695485795823,0.0476000454014788,0.068));
#12943=CARTESIAN_POINT('',(0.014695485795823,0.0466871513815021,0.066));
#12944=CARTESIAN_POINT('',(0.014695485795823,0.0466871513815021,0.068));
#12945=CARTESIAN_POINT('',(0.0144307789596575,0.0459996432740952,0.066));
#12946=CARTESIAN_POINT('',(0.0144307789596575,0.0459996432740952,0.068));
#12947=CARTESIAN_POINT('',(0.0139013652873265,0.045537521079258,0.066));
#12948=CARTESIAN_POINT('',(0.0139013652873265,0.045537521079258,0.068));
#12949=CARTESIAN_POINT('',(0.014695485795823,0.0476000454014788,0.066));
#12950=CARTESIAN_POINT('',(0.014695485795823,0.0476000454014788,0.066));
#12951=CARTESIAN_POINT('',(0.014695485795823,0.0476000454014788,0.066));
#12952=CARTESIAN_POINT('',(0.014695485795823,0.0462307043715138,0.066));
#12953=CARTESIAN_POINT('',(0.0139013652873265,0.045537521079258,0.066));
#12954=CARTESIAN_POINT('',(0.014695485795823,0.048035413153457,0.066));
#12955=CARTESIAN_POINT('',(0.014695485795823,0.0484707809054352,0.066));
#12956=CARTESIAN_POINT('',(0.014695485795823,0.0484707809054352,0.066));
#12957=CARTESIAN_POINT('',(0.014695485795823,0.048035413153457,0.066));
#12958=CARTESIAN_POINT('',(0.0135280191983396,0.0484707809054352,0.066));
#12959=CARTESIAN_POINT('',(0.0123605526008561,0.0484707809054352,0.066));
#12960=CARTESIAN_POINT('',(0.0123605526008561,0.0484707809054352,0.066));
#12961=CARTESIAN_POINT('',(0.0135280191983396,0.0484707809054352,0.066));
#12962=CARTESIAN_POINT('',(0.0123605526008561,0.0479964976002076,0.066));
#12963=CARTESIAN_POINT('',(0.0123605526008561,0.0475222142949799,0.066));
#12964=CARTESIAN_POINT('',(0.0123605526008561,0.0475222142949799,0.066));
#12965=CARTESIAN_POINT('',(0.0123605526008561,0.0479964976002076,0.066));
#12966=CARTESIAN_POINT('',(0.0122742087170839,0.0470077993254637,0.066));
#12967=CARTESIAN_POINT('',(0.0122742087170839,0.0470077993254637,0.068));
#12968=CARTESIAN_POINT('',(0.0123317713062654,0.0471318426514464,0.066));
#12969=CARTESIAN_POINT('',(0.0123317713062654,0.0471318426514464,0.068));
#12970=CARTESIAN_POINT('',(0.0123605526008561,0.0473033143079518,0.066));
#12971=CARTESIAN_POINT('',(0.0123605526008561,0.0473033143079518,0.068));
#12972=CARTESIAN_POINT('',(0.0123605526008561,0.0475222142949799,0.066));
#12973=CARTESIAN_POINT('',(0.0123605526008561,0.0475222142949799,0.068));
#12974=CARTESIAN_POINT('',(0.0122742087170839,0.0470077993254637,0.066));
#12975=CARTESIAN_POINT('',(0.0122742087170839,0.0470077993254637,0.066));
#12976=CARTESIAN_POINT('',(0.0122742087170839,0.0470077993254637,0.066));
#12977=CARTESIAN_POINT('',(0.0123605526008561,0.0471938643144377,0.066));
#12978=CARTESIAN_POINT('',(0.0123605526008561,0.0475222142949799,0.066));
#12979=CARTESIAN_POINT('',(0.0120407153975872,0.0467353904527176,0.066));
#12980=CARTESIAN_POINT('',(0.0120407153975872,0.0467353904527176,0.068));
#12981=CARTESIAN_POINT('',(0.0121388150214035,0.0467929530418991,0.066));
#12982=CARTESIAN_POINT('',(0.0121388150214035,0.0467929530418991,0.068));
#12983=CARTESIAN_POINT('',(0.0122166461279024,0.0468837559994811,0.066));
#12984=CARTESIAN_POINT('',(0.0122166461279024,0.0468837559994811,0.068));
#12985=CARTESIAN_POINT('',(0.0122742087170839,0.0470077993254637,0.066));
#12986=CARTESIAN_POINT('',(0.0122742087170839,0.0470077993254637,0.068));
#12987=CARTESIAN_POINT('',(0.0120407153975872,0.0467353904527176,0.066));
#12988=CARTESIAN_POINT('',(0.0120407153975872,0.0467353904527176,0.066));
#12989=CARTESIAN_POINT('',(0.0120407153975872,0.0467353904527176,0.066));
#12990=CARTESIAN_POINT('',(0.0121878648333117,0.0468217343364898,0.066));
#12991=CARTESIAN_POINT('',(0.0122742087170839,0.0470077993254637,0.066));
#12992=CARTESIAN_POINT('',(0.0117186974171965,0.04729766576242,0.066));
#12993=CARTESIAN_POINT('',(0.0117062848618498,0.0466490465689454,0.066));
#12994=CARTESIAN_POINT('',(0.0117062870116637,0.0466493373611374,0.066));
#12995=CARTESIAN_POINT('',(0.0117186974171965,0.04729766576242,0.066));
#12996=CARTESIAN_POINT('',(0.0116919965491267,0.047223483550446,0.066));
#12997=CARTESIAN_POINT('',(0.0113791509923466,0.0467426871189519,0.066));
#12998=CARTESIAN_POINT('',(0.0113791509923466,0.0467426871189519,0.066));
#12999=CARTESIAN_POINT('',(0.0116919965491267,0.047223483550446,0.066));
#13000=CARTESIAN_POINT('',(0.0111614671163575,0.0470540115449475,0.066));
#13001=CARTESIAN_POINT('',(0.0111614671163575,0.0470540115449475,0.068));
#13002=CARTESIAN_POINT('',(0.0112133545206901,0.0469088889609548,0.066));
#13003=CARTESIAN_POINT('',(0.0112133545206901,0.0469088889609548,0.068));
#13004=CARTESIAN_POINT('',(0.0112859158126865,0.0468051141522896,0.066));
#13005=CARTESIAN_POINT('',(0.0112859158126865,0.0468051141522896,0.068));
#13006=CARTESIAN_POINT('',(0.0113791509923466,0.0467426871189519,0.066));
#13007=CARTESIAN_POINT('',(0.0113791509923466,0.0467426871189519,0.068));
#13008=CARTESIAN_POINT('',(0.0111614671163575,0.0470540115449475,0.066));
#13009=CARTESIAN_POINT('',(0.0111614671163575,0.0470540115449475,0.066));
#13010=CARTESIAN_POINT('',(0.0111614671163575,0.0470540115449475,0.066));
#13011=CARTESIAN_POINT('',(0.0112392982228564,0.0468363276689584,0.066));
#13012=CARTESIAN_POINT('',(0.0113791509923466,0.0467426871189519,0.066));
#13013=CARTESIAN_POINT('',(0.0110836360098586,0.0476146387339473,0.066));
#13014=CARTESIAN_POINT('',(0.0110836360098586,0.0476146387339473,0.068));
#13015=CARTESIAN_POINT('',(0.0110836360098586,0.0473860098586068,0.066));
#13016=CARTESIAN_POINT('',(0.0110836360098586,0.0473860098586068,0.068));
#13017=CARTESIAN_POINT('',(0.0111095797120249,0.0471991341289402,0.066));
#13018=CARTESIAN_POINT('',(0.0111095797120249,0.0471991341289402,0.068));
#13019=CARTESIAN_POINT('',(0.0111614671163575,0.0470540115449475,0.066));
#13020=CARTESIAN_POINT('',(0.0111614671163575,0.0470540115449475,0.068));
#13021=CARTESIAN_POINT('',(0.0110836360098586,0.0476146387339473,0.066));
#13022=CARTESIAN_POINT('',(0.0110836360098586,0.0476146387339473,0.066));
#13023=CARTESIAN_POINT('',(0.0110836360098586,0.0476146387339473,0.066));
#13024=CARTESIAN_POINT('',(0.0110836360098586,0.0472716954209366,0.066));
#13025=CARTESIAN_POINT('',(0.0111614671163575,0.0470540115449475,0.066));
#13026=CARTESIAN_POINT('',(0.0110836360098586,0.0484792936827085,0.066));
#13027=CARTESIAN_POINT('',(0.0110836360098586,0.0493439486314697,0.066));
#13028=CARTESIAN_POINT('',(0.0110836360098586,0.0493439486314697,0.066));
#13029=CARTESIAN_POINT('',(0.0110836360098586,0.0484792936827085,0.066));
#13030=CARTESIAN_POINT('',(0.0128895609028408,0.0493439486314697,0.066));
#13031=CARTESIAN_POINT('',(0.014695485795823,0.0493439486314697,0.066));
#13032=CARTESIAN_POINT('',(0.014695485795823,0.0493439486314697,0.066));
#13033=CARTESIAN_POINT('',(0.0128895609028408,0.0493439486314697,0.066));
#13034=CARTESIAN_POINT('',(0.014695485795823,0.0502463030224413,0.066));
#13035=CARTESIAN_POINT('',(0.014695485795823,0.0511486574134129,0.066));
#13036=CARTESIAN_POINT('',(0.014695485795823,0.0511486574134129,0.066));
#13037=CARTESIAN_POINT('',(0.014695485795823,0.0502463030224413,0.066));
#13038=CARTESIAN_POINT('',(0.0143610552600856,0.0527989200933973,0.066));
#13039=CARTESIAN_POINT('',(0.0143610552600856,0.0527989200933973,0.068));
#13040=CARTESIAN_POINT('',(0.0145840089505772,0.0523522019717214,0.066));
#13041=CARTESIAN_POINT('',(0.0145840089505772,0.0523522019717214,0.068));
#13042=CARTESIAN_POINT('',(0.014695485795823,0.0518021144117266,0.066));
#13043=CARTESIAN_POINT('',(0.014695485795823,0.0518021144117266,0.068));
#13044=CARTESIAN_POINT('',(0.014695485795823,0.0511486574134129,0.066));
#13045=CARTESIAN_POINT('',(0.014695485795823,0.0511486574134129,0.068));
#13046=CARTESIAN_POINT('',(0.0143610552600856,0.0527989200933973,0.066));
#13047=CARTESIAN_POINT('',(0.0143610552600856,0.0527989200933973,0.066));
#13048=CARTESIAN_POINT('',(0.0143610552600856,0.0527989200933973,0.066));
#13049=CARTESIAN_POINT('',(0.014695485795823,0.0521288429108834,0.066));
#13050=CARTESIAN_POINT('',(0.014695485795823,0.0511486574134129,0.066));
#13051=CARTESIAN_POINT('',(0.0123567581849278,0.0518225951188641,0.066));
#13052=CARTESIAN_POINT('',(0.0133650603191075,0.053810724477883,0.066));
#13053=CARTESIAN_POINT('',(0.0133650603191075,0.053810724477883,0.066));
#13054=CARTESIAN_POINT('',(0.0123567581849278,0.0518225951188641,0.066));
#13055=CARTESIAN_POINT('',(0.0117062848618498,0.0541524516798547,0.066));
#13056=CARTESIAN_POINT('',(0.0117062848618498,0.0541524516798547,0.068));
#13057=CARTESIAN_POINT('',(0.0123710922298612,0.0541524516798547,0.066));
#13058=CARTESIAN_POINT('',(0.0123710922298612,0.0541524516798547,0.068));
#13059=CARTESIAN_POINT('',(0.0129240173822804,0.0540385426125308,0.066));
#13060=CARTESIAN_POINT('',(0.0129240173822804,0.0540385426125308,0.068));
#13061=CARTESIAN_POINT('',(0.0133650603191075,0.053810724477883,0.066));
#13062=CARTESIAN_POINT('',(0.0133650603191075,0.053810724477883,0.068));
#13063=CARTESIAN_POINT('',(0.0117062848618498,0.0541524516798547,0.066));
#13064=CARTESIAN_POINT('',(0.0117062848618498,0.0541524516798547,0.066));
#13065=CARTESIAN_POINT('',(0.0117062848618498,0.0541524516798547,0.066));
#13066=CARTESIAN_POINT('',(0.0127034959138669,0.0541524516798547,0.066));
#13067=CARTESIAN_POINT('',(0.0133650603191075,0.053810724477883,0.066));
#13068=CARTESIAN_POINT('',(0.0100329160721235,0.0538022117006097,0.066));
#13069=CARTESIAN_POINT('',(0.0100329160721235,0.0538022117006097,0.068));
#13070=CARTESIAN_POINT('',(0.010504767155273,0.0540357050201064,0.066));
#13071=CARTESIAN_POINT('',(0.010504767155273,0.0540357050201064,0.068));
#13072=CARTESIAN_POINT('',(0.0110625567518485,0.0541524516798547,0.066));
#13073=CARTESIAN_POINT('',(0.0110625567518485,0.0541524516798547,0.068));
#13074=CARTESIAN_POINT('',(0.0117062848618498,0.0541524516798547,0.066));
#13075=CARTESIAN_POINT('',(0.0117062848618498,0.0541524516798547,0.068));
#13076=CARTESIAN_POINT('',(0.0100329160721235,0.0538022117006097,0.066));
#13077=CARTESIAN_POINT('',(0.0100329160721235,0.0538022117006097,0.066));
#13078=CARTESIAN_POINT('',(0.0100329160721235,0.0538022117006097,0.066));
#13079=CARTESIAN_POINT('',(0.0107406926968478,0.0541524516798547,0.066));
#13080=CARTESIAN_POINT('',(0.0117062848618498,0.0541524516798547,0.066));
#13081=CARTESIAN_POINT('',(0.00895179335841222,0.0527831106498897,0.066));
#13082=CARTESIAN_POINT('',(0.00895179335841222,0.0527831106498897,0.068));
#13083=CARTESIAN_POINT('',(0.00920069075107015,0.053229018030873,0.066));
#13084=CARTESIAN_POINT('',(0.00920069075107015,0.053229018030873,0.068));
#13085=CARTESIAN_POINT('',(0.0095610649889739,0.053568718381113,0.066));
#13086=CARTESIAN_POINT('',(0.0095610649889739,0.053568718381113,0.068));
#13087=CARTESIAN_POINT('',(0.0100329160721235,0.0538022117006097,0.066));
#13088=CARTESIAN_POINT('',(0.0100329160721235,0.0538022117006097,0.068));
#13089=CARTESIAN_POINT('',(0.00895179335841222,0.0527831106498897,0.066));
#13090=CARTESIAN_POINT('',(0.00895179335841222,0.0527831106498897,0.066));
#13091=CARTESIAN_POINT('',(0.00895179335841222,0.0527831106498897,0.066));
#13092=CARTESIAN_POINT('',(0.00932513944739912,0.0534519717213646,0.066));
#13093=CARTESIAN_POINT('',(0.0100329160721235,0.0538022117006097,0.066));
#13094=CARTESIAN_POINT('',(0.00857844726942533,0.0511486574134129,0.066));
#13095=CARTESIAN_POINT('',(0.00857844726942533,0.0511486574134129,0.068));
#13096=CARTESIAN_POINT('',(0.00857844726942533,0.0517923855234142,0.066));
#13097=CARTESIAN_POINT('',(0.00857844726942533,0.0517923855234142,0.068));
#13098=CARTESIAN_POINT('',(0.00870289596575429,0.0523372032689064,0.066));
#13099=CARTESIAN_POINT('',(0.00870289596575429,0.0523372032689064,0.068));
#13100=CARTESIAN_POINT('',(0.00895179335841222,0.0527831106498897,0.066));
#13101=CARTESIAN_POINT('',(0.00895179335841222,0.0527831106498897,0.068));
#13102=CARTESIAN_POINT('',(0.00857844726942533,0.0511486574134129,0.066));
#13103=CARTESIAN_POINT('',(0.00857844726942533,0.0511486574134129,0.066));
#13104=CARTESIAN_POINT('',(0.00857844726942533,0.0511486574134129,0.066));
#13105=CARTESIAN_POINT('',(0.00857844726942533,0.0521142495784148,0.066));
#13106=CARTESIAN_POINT('',(0.00895179335841222,0.0527831106498897,0.066));
#13107=CARTESIAN_POINT('',(0.00857844726942533,0.0494983947334285,0.066));
#13108=CARTESIAN_POINT('',(0.00857844726942533,0.047848132053444,0.066));
#13109=CARTESIAN_POINT('',(0.00857844726942533,0.047848132053444,0.066));
#13110=CARTESIAN_POINT('',(0.00857844726942533,0.0494983947334285,0.066));
#13111=CARTESIAN_POINT('',(0.00895179335841222,0.0462221915942405,0.066));
#13112=CARTESIAN_POINT('',(0.00895179335841222,0.0462221915942405,0.068));
#13113=CARTESIAN_POINT('',(0.00870289596575429,0.0466737741600726,0.066));
#13114=CARTESIAN_POINT('',(0.00870289596575429,0.0466737741600726,0.068));
#13115=CARTESIAN_POINT('',(0.00857844726942533,0.0472157543131405,0.066));
#13116=CARTESIAN_POINT('',(0.00857844726942533,0.0472157543131405,0.068));
#13117=CARTESIAN_POINT('',(0.00857844726942533,0.047848132053444,0.066));
#13118=CARTESIAN_POINT('',(0.00857844726942533,0.047848132053444,0.068));
#13119=CARTESIAN_POINT('',(0.00895179335841222,0.0462221915942405,0.066));
#13120=CARTESIAN_POINT('',(0.00895179335841222,0.0462221915942405,0.066));
#13121=CARTESIAN_POINT('',(0.00895179335841222,0.0462221915942405,0.066));
#13122=CARTESIAN_POINT('',(0.00857844726942533,0.0468995654429887,0.066));
#13123=CARTESIAN_POINT('',(0.00857844726942533,0.047848132053444,0.066));
#13124=CARTESIAN_POINT('',(0.0110968646034004,0.0473901097424274,0.066));
#13125=CARTESIAN_POINT('',(0.0110968646034004,0.0473901097424274,0.066));
#13126=CARTESIAN_POINT('',(0.0123605526008561,0.0509771857569075,0.066));
#13127=CARTESIAN_POINT('',(0.0123605526008561,0.0509771857569075,0.068));
#13128=CARTESIAN_POINT('',(0.0123605526008561,0.0509771857569075,0.066));
#13129=CARTESIAN_POINT('',(-2.77555756156289E-17,0.045,0.066));
#13130=CARTESIAN_POINT('',(-0.00974348164483075,0.0465250032429628,0.066));
#13131=CARTESIAN_POINT('',(-0.00974348164483075,0.0465250032429628,0.068));
#13132=CARTESIAN_POINT('',(-0.00957809054352059,0.0465250032429628,0.066));
#13133=CARTESIAN_POINT('',(-0.00957809054352059,0.0465250032429628,0.068));
#13134=CARTESIAN_POINT('',(-0.00944877740303544,0.0465691886107148,0.066));
#13135=CARTESIAN_POINT('',(-0.00944877740303544,0.0465691886107148,0.068));
#13136=CARTESIAN_POINT('',(-0.0093555422233753,0.0466575593462187,0.066));
#13137=CARTESIAN_POINT('',(-0.0093555422233753,0.0466575593462187,0.068));
#13138=CARTESIAN_POINT('',(-0.00974348164483075,0.0465250032429628,0.068));
#13139=CARTESIAN_POINT('',(-0.00949539499286551,0.0465250032429628,0.068));
#13140=CARTESIAN_POINT('',(-0.0093555422233753,0.0466575593462187,0.068));
#13141=CARTESIAN_POINT('',(-0.00974348164483075,0.0465250032429628,0.068));
#13142=CARTESIAN_POINT('',(-0.0093555422233753,0.0466575593462187,0.068));
#13143=CARTESIAN_POINT('',(-0.00974348164483075,0.0465250032429628,0.066));
#13144=CARTESIAN_POINT('',(-0.00974348164483075,0.0465250032429628,0.066));
#13145=CARTESIAN_POINT('',(-0.00974348164483075,0.0465250032429628,0.066));
#13146=CARTESIAN_POINT('',(-0.00949539499286551,0.0465250032429628,0.066));
#13147=CARTESIAN_POINT('',(-0.0093555422233753,0.0466575593462187,0.066));
#13148=CARTESIAN_POINT('',(-0.0093555422233753,0.0466575593462187,0.066));
#13149=CARTESIAN_POINT('',(-0.0093555422233753,0.0466575593462187,0.066));
#13150=CARTESIAN_POINT('',(-0.0101338532883643,0.0466575593462187,0.066));
#13151=CARTESIAN_POINT('',(-0.0101338532883643,0.0466575593462187,0.068));
#13152=CARTESIAN_POINT('',(-0.0100406181087041,0.0465691886107148,0.066));
#13153=CARTESIAN_POINT('',(-0.0100406181087041,0.0465691886107148,0.068));
#13154=CARTESIAN_POINT('',(-0.0099104942275263,0.0465250032429628,0.066));
#13155=CARTESIAN_POINT('',(-0.0099104942275263,0.0465250032429628,0.068));
#13156=CARTESIAN_POINT('',(-0.00974348164483075,0.0465250032429628,0.066));
#13157=CARTESIAN_POINT('',(-0.00974348164483075,0.0465250032429628,0.068));
#13158=CARTESIAN_POINT('',(-0.0101338532883643,0.0466575593462187,0.068));
#13159=CARTESIAN_POINT('',(-0.00999400051887407,0.0465250032429628,0.068));
#13160=CARTESIAN_POINT('',(-0.00974348164483075,0.0465250032429628,0.068));
#13161=CARTESIAN_POINT('',(-0.0101338532883643,0.0466575593462187,0.068));
#13162=CARTESIAN_POINT('',(-0.0101338532883643,0.0466575593462187,0.066));
#13163=CARTESIAN_POINT('',(-0.0101338532883643,0.0466575593462187,0.066));
#13164=CARTESIAN_POINT('',(-0.0101338532883643,0.0466575593462187,0.066));
#13165=CARTESIAN_POINT('',(-0.00999400051887407,0.0465250032429628,0.066));
#13166=CARTESIAN_POINT('',(-0.00974348164483075,0.0465250032429628,0.066));
#13167=CARTESIAN_POINT('',(-0.0103357277208458,0.0470309054352056,0.066));
#13168=CARTESIAN_POINT('',(-0.0103357277208458,0.0470309054352056,0.068));
#13169=CARTESIAN_POINT('',(-0.0102943799455183,0.0468703787780516,0.066));
#13170=CARTESIAN_POINT('',(-0.0102943799455183,0.0468703787780516,0.068));
#13171=CARTESIAN_POINT('',(-0.0102270884680244,0.0467459300817226,0.066));
#13172=CARTESIAN_POINT('',(-0.0102270884680244,0.0467459300817226,0.068));
#13173=CARTESIAN_POINT('',(-0.0101338532883643,0.0466575593462187,0.066));
#13174=CARTESIAN_POINT('',(-0.0101338532883643,0.0466575593462187,0.068));
#13175=CARTESIAN_POINT('',(-0.0103357277208458,0.0470309054352056,0.068));
#13176=CARTESIAN_POINT('',(-0.0102737060578545,0.0467901154494746,0.068));
#13177=CARTESIAN_POINT('',(-0.0101338532883643,0.0466575593462187,0.068));
#13178=CARTESIAN_POINT('',(-0.0103357277208458,0.0470309054352056,0.068));
#13179=CARTESIAN_POINT('',(-0.0103357277208458,0.0470309054352056,0.066));
#13180=CARTESIAN_POINT('',(-0.0103357277208458,0.0470309054352056,0.066));
#13181=CARTESIAN_POINT('',(-0.0103357277208458,0.0470309054352056,0.066));
#13182=CARTESIAN_POINT('',(-0.0102737060578545,0.0467901154494746,0.066));
#13183=CARTESIAN_POINT('',(-0.0101338532883643,0.0466575593462187,0.066));
#13184=CARTESIAN_POINT('',(-0.0103977493838371,0.0476146387339473,0.066));
#13185=CARTESIAN_POINT('',(-0.0103977493838371,0.0476146387339473,0.068));
#13186=CARTESIAN_POINT('',(-0.0103977493838371,0.0473860098586068,0.066));
#13187=CARTESIAN_POINT('',(-0.0103977493838371,0.0473860098586068,0.068));
#13188=CARTESIAN_POINT('',(-0.0103770754961733,0.0471914320923596,0.066));
#13189=CARTESIAN_POINT('',(-0.0103770754961733,0.0471914320923596,0.068));
#13190=CARTESIAN_POINT('',(-0.0103357277208458,0.0470309054352056,0.066));
#13191=CARTESIAN_POINT('',(-0.0103357277208458,0.0470309054352056,0.068));
#13192=CARTESIAN_POINT('',(-0.0103977493838371,0.0476146387339473,0.068));
#13193=CARTESIAN_POINT('',(-0.0103977493838371,0.0472716954209366,0.068));
#13194=CARTESIAN_POINT('',(-0.0103357277208458,0.0470309054352056,0.068));
#13195=CARTESIAN_POINT('',(-0.0103977493838371,0.0476146387339473,0.068));
#13196=CARTESIAN_POINT('',(-0.0103977493838371,0.0476146387339473,0.066));
#13197=CARTESIAN_POINT('',(-0.0103977493838371,0.0476146387339473,0.066));
#13198=CARTESIAN_POINT('',(-0.0103977493838371,0.0476146387339473,0.066));
#13199=CARTESIAN_POINT('',(-0.0103977493838371,0.0472716954209366,0.066));
#13200=CARTESIAN_POINT('',(-0.0103357277208458,0.0470309054352056,0.066));
#13201=CARTESIAN_POINT('',(-0.0103977493838371,0.0494983947334285,0.066));
#13202=CARTESIAN_POINT('',(-0.0103977493838371,0.0494983947334285,0.068));
#13203=CARTESIAN_POINT('',(-0.0103977493838371,0.0513821507329096,0.068));
#13204=CARTESIAN_POINT('',(-0.0103977493838371,0.0513821507329096,0.066));
#13205=CARTESIAN_POINT('',(-0.0103977493838371,0.0513821507329096,0.066));
#13206=CARTESIAN_POINT('',(-0.0103977493838371,0.0494983947334285,0.066));
#13207=CARTESIAN_POINT('',(-0.0103357277208458,0.0519658840316513,0.066));
#13208=CARTESIAN_POINT('',(-0.0103357277208458,0.0519658840316513,0.068));
#13209=CARTESIAN_POINT('',(-0.0103770754961733,0.0518053573744974,0.066));
#13210=CARTESIAN_POINT('',(-0.0103770754961733,0.0518053573744974,0.068));
#13211=CARTESIAN_POINT('',(-0.0103977493838371,0.0516107796082501,0.066));
#13212=CARTESIAN_POINT('',(-0.0103977493838371,0.0516107796082501,0.068));
#13213=CARTESIAN_POINT('',(-0.0103977493838371,0.0513821507329096,0.066));
#13214=CARTESIAN_POINT('',(-0.0103977493838371,0.0513821507329096,0.068));
#13215=CARTESIAN_POINT('',(-0.0103357277208458,0.0519658840316513,0.068));
#13216=CARTESIAN_POINT('',(-0.0103977493838371,0.0517250940459204,0.068));
#13217=CARTESIAN_POINT('',(-0.0103977493838371,0.0513821507329096,0.068));
#13218=CARTESIAN_POINT('',(-0.0103357277208458,0.0519658840316513,0.068));
#13219=CARTESIAN_POINT('',(-0.0103357277208458,0.0519658840316513,0.066));
#13220=CARTESIAN_POINT('',(-0.0103357277208458,0.0519658840316513,0.066));
#13221=CARTESIAN_POINT('',(-0.0103357277208458,0.0519658840316513,0.066));
#13222=CARTESIAN_POINT('',(-0.0103977493838371,0.0517250940459204,0.066));
#13223=CARTESIAN_POINT('',(-0.0103977493838371,0.0513821507329096,0.066));
#13224=CARTESIAN_POINT('',(-0.0101338532883643,0.0523392301206382,0.066));
#13225=CARTESIAN_POINT('',(-0.0101338532883643,0.0523392301206382,0.068));
#13226=CARTESIAN_POINT('',(-0.0102270884680244,0.0522508593851343,0.066));
#13227=CARTESIAN_POINT('',(-0.0102270884680244,0.0522508593851343,0.068));
#13228=CARTESIAN_POINT('',(-0.0102943799455183,0.0521264106888053,0.066));
#13229=CARTESIAN_POINT('',(-0.0102943799455183,0.0521264106888053,0.068));
#13230=CARTESIAN_POINT('',(-0.0103357277208458,0.0519658840316513,0.066));
#13231=CARTESIAN_POINT('',(-0.0103357277208458,0.0519658840316513,0.068));
#13232=CARTESIAN_POINT('',(-0.0101338532883643,0.0523392301206382,0.068));
#13233=CARTESIAN_POINT('',(-0.0102737060578545,0.0522066740173823,0.068));
#13234=CARTESIAN_POINT('',(-0.0103357277208458,0.0519658840316513,0.068));
#13235=CARTESIAN_POINT('',(-0.0101338532883643,0.0523392301206382,0.068));
#13236=CARTESIAN_POINT('',(-0.0101338532883643,0.0523392301206382,0.066));
#13237=CARTESIAN_POINT('',(-0.0101338532883643,0.0523392301206382,0.066));
#13238=CARTESIAN_POINT('',(-0.0101338532883643,0.0523392301206382,0.066));
#13239=CARTESIAN_POINT('',(-0.0102737060578545,0.0522066740173823,0.066));
#13240=CARTESIAN_POINT('',(-0.0103357277208458,0.0519658840316513,0.066));
#13241=CARTESIAN_POINT('',(-0.00974348164483075,0.0524717862238942,0.066));
#13242=CARTESIAN_POINT('',(-0.00974348164483075,0.0524717862238942,0.068));
#13243=CARTESIAN_POINT('',(-0.0099104942275263,0.0524717862238942,0.066));
#13244=CARTESIAN_POINT('',(-0.0099104942275263,0.0524717862238942,0.068));
#13245=CARTESIAN_POINT('',(-0.0100406181087041,0.0524276008561422,0.066));
#13246=CARTESIAN_POINT('',(-0.0100406181087041,0.0524276008561422,0.068));
#13247=CARTESIAN_POINT('',(-0.0101338532883643,0.0523392301206382,0.066));
#13248=CARTESIAN_POINT('',(-0.0101338532883643,0.0523392301206382,0.068));
#13249=CARTESIAN_POINT('',(-0.00974348164483075,0.0524717862238942,0.068));
#13250=CARTESIAN_POINT('',(-0.00999400051887407,0.0524717862238942,0.068));
#13251=CARTESIAN_POINT('',(-0.0101338532883643,0.0523392301206382,0.068));
#13252=CARTESIAN_POINT('',(-0.00974348164483075,0.0524717862238942,0.068));
#13253=CARTESIAN_POINT('',(-0.00974348164483075,0.0524717862238942,0.066));
#13254=CARTESIAN_POINT('',(-0.00974348164483075,0.0524717862238942,0.066));
#13255=CARTESIAN_POINT('',(-0.00974348164483075,0.0524717862238942,0.066));
#13256=CARTESIAN_POINT('',(-0.00999400051887407,0.0524717862238942,0.066));
#13257=CARTESIAN_POINT('',(-0.0101338532883643,0.0523392301206382,0.066));
#13258=CARTESIAN_POINT('',(-0.0093555422233753,0.0523392301206382,0.066));
#13259=CARTESIAN_POINT('',(-0.0093555422233753,0.0523392301206382,0.068));
#13260=CARTESIAN_POINT('',(-0.00944877740303544,0.0524276008561422,0.066));
#13261=CARTESIAN_POINT('',(-0.00944877740303544,0.0524276008561422,0.068));
#13262=CARTESIAN_POINT('',(-0.00957809054352059,0.0524717862238942,0.066));
#13263=CARTESIAN_POINT('',(-0.00957809054352059,0.0524717862238942,0.068));
#13264=CARTESIAN_POINT('',(-0.00974348164483075,0.0524717862238942,0.066));
#13265=CARTESIAN_POINT('',(-0.00974348164483075,0.0524717862238942,0.068));
#13266=CARTESIAN_POINT('',(-0.0093555422233753,0.0523392301206382,0.068));
#13267=CARTESIAN_POINT('',(-0.00949539499286551,0.0524717862238942,0.068));
#13268=CARTESIAN_POINT('',(-0.00974348164483075,0.0524717862238942,0.068));
#13269=CARTESIAN_POINT('',(-0.0093555422233753,0.0523392301206382,0.068));
#13270=CARTESIAN_POINT('',(-0.0093555422233753,0.0523392301206382,0.066));
#13271=CARTESIAN_POINT('',(-0.0093555422233753,0.0523392301206382,0.066));
#13272=CARTESIAN_POINT('',(-0.0093555422233753,0.0523392301206382,0.066));
#13273=CARTESIAN_POINT('',(-0.00949539499286551,0.0524717862238942,0.066));
#13274=CARTESIAN_POINT('',(-0.00974348164483075,0.0524717862238942,0.066));
#13275=CARTESIAN_POINT('',(-0.00916096445712806,0.0519658840316513,0.066));
#13276=CARTESIAN_POINT('',(-0.00916096445712806,0.0519658840316513,0.068));
#13277=CARTESIAN_POINT('',(-0.00919744778829942,0.0521264106888053,0.066));
#13278=CARTESIAN_POINT('',(-0.00919744778829942,0.0521264106888053,0.068));
#13279=CARTESIAN_POINT('',(-0.00926230704371517,0.0522508593851343,0.066));
#13280=CARTESIAN_POINT('',(-0.00926230704371517,0.0522508593851343,0.068));
#13281=CARTESIAN_POINT('',(-0.0093555422233753,0.0523392301206382,0.066));
#13282=CARTESIAN_POINT('',(-0.0093555422233753,0.0523392301206382,0.068));
#13283=CARTESIAN_POINT('',(-0.00916096445712806,0.0519658840316513,0.068));
#13284=CARTESIAN_POINT('',(-0.0092156894538851,0.0522066740173823,0.068));
#13285=CARTESIAN_POINT('',(-0.0093555422233753,0.0523392301206382,0.068));
#13286=CARTESIAN_POINT('',(-0.00916096445712806,0.0519658840316513,0.068));
#13287=CARTESIAN_POINT('',(-0.00916096445712806,0.0519658840316513,0.066));
#13288=CARTESIAN_POINT('',(-0.00916096445712806,0.0519658840316513,0.066));
#13289=CARTESIAN_POINT('',(-0.00916096445712806,0.0519658840316513,0.066));
#13290=CARTESIAN_POINT('',(-0.0092156894538851,0.0522066740173823,0.066));
#13291=CARTESIAN_POINT('',(-0.0093555422233753,0.0523392301206382,0.066));
#13292=CARTESIAN_POINT('',(-0.0118120253822192,0.0514311658509873,0.066));
#13293=CARTESIAN_POINT('',(-0.0118120253822192,0.0514311658509873,0.068));
#13294=CARTESIAN_POINT('',(-0.00910665925042501,0.0513821583373763,0.068));
#13295=CARTESIAN_POINT('',(-0.00910623946037102,0.0513821507329096,0.066));
#13296=CARTESIAN_POINT('',(-0.00910665925042502,0.0513821583373763,0.06600000025));
#13297=CARTESIAN_POINT('',(-0.0118120253822192,0.0514311658509873,0.066));
#13298=CARTESIAN_POINT('',(-0.00910623946037102,0.0494983947334285,0.066));
#13299=CARTESIAN_POINT('',(-0.00910623946037102,0.0494983947334285,0.068));
#13300=CARTESIAN_POINT('',(-0.00910665925042506,0.0476146311294806,0.068));
#13301=CARTESIAN_POINT('',(-0.00910623946037102,0.0476146387339473,0.066));
#13302=CARTESIAN_POINT('',(-0.00910665925042506,0.0476146311294806,0.066));
#13303=CARTESIAN_POINT('',(-0.00910623946037102,0.0494983947334285,0.066));
#13304=CARTESIAN_POINT('',(-0.0118120253821943,0.0475656236158673,0.066));
#13305=CARTESIAN_POINT('',(-0.0118120253821943,0.0475656236158673,0.068));
#13306=CARTESIAN_POINT('',(-0.00916096445712806,0.0470309054352056,0.068));
#13307=CARTESIAN_POINT('',(-0.00916096445712806,0.0470309054352056,0.066));
#13308=CARTESIAN_POINT('',(-0.00916096445712806,0.0470309054352056,0.066));
#13309=CARTESIAN_POINT('',(-0.0118120253821943,0.0475656236158673,0.066));
#13310=CARTESIAN_POINT('',(-0.00976050719937738,0.0448443377870022,0.066));
#13311=CARTESIAN_POINT('',(-0.00976050719937738,0.0448443377870022,0.068));
#13312=CARTESIAN_POINT('',(-0.0104026138279933,0.0448443377870022,0.066));
#13313=CARTESIAN_POINT('',(-0.0104026138279933,0.0448443377870022,0.068));
#13314=CARTESIAN_POINT('',(-0.0109599980542224,0.0449533824101699,0.066));
#13315=CARTESIAN_POINT('',(-0.0109599980542224,0.0449533824101699,0.068));
#13316=CARTESIAN_POINT('',(-0.0114326598780646,0.0451714716565054,0.066));
#13317=CARTESIAN_POINT('',(-0.0114326598780646,0.0451714716565054,0.068));
#13318=CARTESIAN_POINT('',(-0.00976050719937738,0.0448443377870022,0.066));
#13319=CARTESIAN_POINT('',(-0.00976050719937738,0.0448443377870022,0.066));
#13320=CARTESIAN_POINT('',(-0.00976050719937738,0.0448443377870022,0.066));
#13321=CARTESIAN_POINT('',(-0.0107236671423012,0.0448443377870022,0.066));
#13322=CARTESIAN_POINT('',(-0.0114326598780646,0.0451714716565054,0.066));
#13323=CARTESIAN_POINT('',(-0.0114326598780646,0.0451714716565054,0.066));
#13324=CARTESIAN_POINT('',(-0.0114326598780646,0.0451714716565054,0.066));
#13325=CARTESIAN_POINT('',(-0.00808592229861204,0.0451714716565054,0.066));
#13326=CARTESIAN_POINT('',(-0.00808592229861204,0.0451714716565054,0.068));
#13327=CARTESIAN_POINT('',(-0.0085585841224543,0.0449533824101699,0.066));
#13328=CARTESIAN_POINT('',(-0.0085585841224543,0.0449533824101699,0.068));
#13329=CARTESIAN_POINT('',(-0.00911677908937608,0.0448443377870022,0.066));
#13330=CARTESIAN_POINT('',(-0.00911677908937608,0.0448443377870022,0.068));
#13331=CARTESIAN_POINT('',(-0.00976050719937738,0.0448443377870022,0.066));
#13332=CARTESIAN_POINT('',(-0.00976050719937738,0.0448443377870022,0.068));
#13333=CARTESIAN_POINT('',(-0.00808592229861204,0.0451714716565054,0.066));
#13334=CARTESIAN_POINT('',(-0.00808592229861204,0.0451714716565054,0.066));
#13335=CARTESIAN_POINT('',(-0.00808592229861204,0.0451714716565054,0.066));
#13336=CARTESIAN_POINT('',(-0.00879491503437543,0.0448443377870022,0.066));
#13337=CARTESIAN_POINT('',(-0.00976050719937738,0.0448443377870022,0.066));
#13338=CARTESIAN_POINT('',(-0.00907691804465405,0.0473897256862376,0.066));
#13339=CARTESIAN_POINT('',(-0.00698777403035416,0.0461516571539759,0.066));
#13340=CARTESIAN_POINT('',(-0.00698777403035416,0.0461516571539759,0.066));
#13341=CARTESIAN_POINT('',(-0.00907691804465405,0.0473897256862376,0.066));
#13342=CARTESIAN_POINT('',(-0.00659861849785967,0.0477873265014918,0.066));
#13343=CARTESIAN_POINT('',(-0.00659861849785967,0.0477873265014918,0.068));
#13344=CARTESIAN_POINT('',(-0.00659861849785967,0.0471322480217927,0.066));
#13345=CARTESIAN_POINT('',(-0.00659861849785967,0.0471322480217927,0.068));
#13346=CARTESIAN_POINT('',(-0.00672833700869117,0.0465870249059541,0.066));
#13347=CARTESIAN_POINT('',(-0.00672833700869117,0.0465870249059541,0.068));
#13348=CARTESIAN_POINT('',(-0.00698777403035416,0.0461516571539759,0.066));
#13349=CARTESIAN_POINT('',(-0.00698777403035416,0.0461516571539759,0.068));
#13350=CARTESIAN_POINT('',(-0.00659861849785967,0.0477873265014918,0.066));
#13351=CARTESIAN_POINT('',(-0.00659861849785967,0.0477873265014918,0.066));
#13352=CARTESIAN_POINT('',(-0.00659861849785967,0.0477873265014918,0.066));
#13353=CARTESIAN_POINT('',(-0.00659861849785967,0.0468047087819432,0.066));
#13354=CARTESIAN_POINT('',(-0.00698777403035416,0.0461516571539759,0.066));
#13355=CARTESIAN_POINT('',(-0.00659861849785967,0.0494996108444675,0.066));
#13356=CARTESIAN_POINT('',(-0.00659861849785967,0.0512118951874433,0.066));
#13357=CARTESIAN_POINT('',(-0.00659861849785967,0.0512118951874433,0.066));
#13358=CARTESIAN_POINT('',(-0.00659861849785967,0.0494996108444675,0.066));
#13359=CARTESIAN_POINT('',(-0.00698777403035416,0.0528451323128811,0.066));
#13360=CARTESIAN_POINT('',(-0.00698777403035416,0.0528451323128811,0.068));
#13361=CARTESIAN_POINT('',(-0.00672833700869117,0.0524097645609028,0.066));
#13362=CARTESIAN_POINT('',(-0.00672833700869117,0.0524097645609028,0.068));
#13363=CARTESIAN_POINT('',(-0.00659861849785967,0.0518653521857569,0.066));
#13364=CARTESIAN_POINT('',(-0.00659861849785967,0.0518653521857569,0.068));
#13365=CARTESIAN_POINT('',(-0.00659861849785967,0.0512118951874433,0.066));
#13366=CARTESIAN_POINT('',(-0.00659861849785967,0.0512118951874433,0.068));
#13367=CARTESIAN_POINT('',(-0.00698777403035416,0.0528451323128811,0.066));
#13368=CARTESIAN_POINT('',(-0.00698777403035416,0.0528451323128811,0.066));
#13369=CARTESIAN_POINT('',(-0.00698777403035416,0.0528451323128811,0.066));
#13370=CARTESIAN_POINT('',(-0.00659861849785967,0.0521920806849137,0.066));
#13371=CARTESIAN_POINT('',(-0.00659861849785967,0.0512118951874433,0.066));
#13372=CARTESIAN_POINT('',(-0.00907691804465358,0.0516070637806197,0.066));
#13373=CARTESIAN_POINT('',(-0.00808592229861204,0.0538253178103515,0.066));
#13374=CARTESIAN_POINT('',(-0.00808592229861204,0.0538253178103515,0.066));
#13375=CARTESIAN_POINT('',(-0.00907691804465358,0.0516070637806197,0.066));
#13376=CARTESIAN_POINT('',(-0.00976050719937738,0.0541524516798547,0.066));
#13377=CARTESIAN_POINT('',(-0.00976050719937738,0.0541524516798547,0.068));
#13378=CARTESIAN_POINT('',(-0.00911677908937608,0.0541524516798547,0.066));
#13379=CARTESIAN_POINT('',(-0.00911677908937608,0.0541524516798547,0.068));
#13380=CARTESIAN_POINT('',(-0.0085585841224543,0.054043407056687,0.066));
#13381=CARTESIAN_POINT('',(-0.0085585841224543,0.054043407056687,0.068));
#13382=CARTESIAN_POINT('',(-0.00808592229861204,0.0538253178103515,0.066));
#13383=CARTESIAN_POINT('',(-0.00808592229861204,0.0538253178103515,0.068));
#13384=CARTESIAN_POINT('',(-0.00976050719937738,0.0541524516798547,0.066));
#13385=CARTESIAN_POINT('',(-0.00976050719937738,0.0541524516798547,0.066));
#13386=CARTESIAN_POINT('',(-0.00976050719937738,0.0541524516798547,0.066));
#13387=CARTESIAN_POINT('',(-0.00879491503437543,0.0541524516798547,0.066));
#13388=CARTESIAN_POINT('',(-0.00808592229861204,0.0538253178103515,0.066));
#13389=CARTESIAN_POINT('',(-0.0114326598780646,0.0538253178103515,0.066));
#13390=CARTESIAN_POINT('',(-0.0114326598780646,0.0538253178103515,0.068));
#13391=CARTESIAN_POINT('',(-0.0109599980542224,0.054043407056687,0.066));
#13392=CARTESIAN_POINT('',(-0.0109599980542224,0.054043407056687,0.068));
#13393=CARTESIAN_POINT('',(-0.0104026138279933,0.0541524516798547,0.066));
#13394=CARTESIAN_POINT('',(-0.0104026138279933,0.0541524516798547,0.068));
#13395=CARTESIAN_POINT('',(-0.00976050719937738,0.0541524516798547,0.066));
#13396=CARTESIAN_POINT('',(-0.00976050719937738,0.0541524516798547,0.068));
#13397=CARTESIAN_POINT('',(-0.0114326598780646,0.0538253178103515,0.066));
#13398=CARTESIAN_POINT('',(-0.0114326598780646,0.0538253178103515,0.066));
#13399=CARTESIAN_POINT('',(-0.0114326598780646,0.0538253178103515,0.066));
#13400=CARTESIAN_POINT('',(-0.0107236671423012,0.0541524516798547,0.066));
#13401=CARTESIAN_POINT('',(-0.00976050719937738,0.0541524516798547,0.066));
#13402=CARTESIAN_POINT('',(-0.0125222953690492,0.0528451323128811,0.066));
#13403=CARTESIAN_POINT('',(-0.0125222953690492,0.0528451323128811,0.068));
#13404=CARTESIAN_POINT('',(-0.0122685335322351,0.0532805000648593,0.066));
#13405=CARTESIAN_POINT('',(-0.0122685335322351,0.0532805000648593,0.068));
#13406=CARTESIAN_POINT('',(-0.0119053217019069,0.0536072285640161,0.066));
#13407=CARTESIAN_POINT('',(-0.0119053217019069,0.0536072285640161,0.068));
#13408=CARTESIAN_POINT('',(-0.0114326598780646,0.0538253178103515,0.066));
#13409=CARTESIAN_POINT('',(-0.0114326598780646,0.0538253178103515,0.068));
#13410=CARTESIAN_POINT('',(-0.0125222953690492,0.0528451323128811,0.066));
#13411=CARTESIAN_POINT('',(-0.0125222953690492,0.0528451323128811,0.066));
#13412=CARTESIAN_POINT('',(-0.0125222953690492,0.0528451323128811,0.066));
#13413=CARTESIAN_POINT('',(-0.012141652613828,0.0534981839408484,0.066));
#13414=CARTESIAN_POINT('',(-0.0114326598780646,0.0538253178103515,0.066));
#13415=CARTESIAN_POINT('',(-0.0129029381242704,0.0512118951874433,0.066));
#13416=CARTESIAN_POINT('',(-0.0129029381242704,0.0512118951874433,0.068));
#13417=CARTESIAN_POINT('',(-0.0129029381242704,0.0518653521857569,0.066));
#13418=CARTESIAN_POINT('',(-0.0129029381242704,0.0518653521857569,0.068));
#13419=CARTESIAN_POINT('',(-0.0127760572058633,0.0524097645609028,0.066));
#13420=CARTESIAN_POINT('',(-0.0127760572058633,0.0524097645609028,0.068));
#13421=CARTESIAN_POINT('',(-0.0125222953690492,0.0528451323128811,0.066));
#13422=CARTESIAN_POINT('',(-0.0125222953690492,0.0528451323128811,0.068));
#13423=CARTESIAN_POINT('',(-0.0129029381242704,0.0512118951874433,0.066));
#13424=CARTESIAN_POINT('',(-0.0129029381242704,0.0512118951874433,0.066));
#13425=CARTESIAN_POINT('',(-0.0129029381242704,0.0512118951874433,0.066));
#13426=CARTESIAN_POINT('',(-0.0129029381242704,0.0521920806849137,0.066));
#13427=CARTESIAN_POINT('',(-0.0125222953690492,0.0528451323128811,0.066));
#13428=CARTESIAN_POINT('',(-0.0129029381242704,0.0494996108444675,0.066));
#13429=CARTESIAN_POINT('',(-0.0129029381242704,0.0477873265014918,0.066));
#13430=CARTESIAN_POINT('',(-0.0129029381242704,0.0477873265014918,0.066));
#13431=CARTESIAN_POINT('',(-0.0129029381242704,0.0494996108444675,0.066));
#13432=CARTESIAN_POINT('',(-0.0125222953690492,0.0461516571539759,0.066));
#13433=CARTESIAN_POINT('',(-0.0125222953690492,0.0461516571539759,0.068));
#13434=CARTESIAN_POINT('',(-0.0127760572058633,0.0465870249059541,0.066));
#13435=CARTESIAN_POINT('',(-0.0127760572058633,0.0465870249059541,0.068));
#13436=CARTESIAN_POINT('',(-0.0129029381242704,0.0471322480217927,0.066));
#13437=CARTESIAN_POINT('',(-0.0129029381242704,0.0471322480217927,0.068));
#13438=CARTESIAN_POINT('',(-0.0129029381242704,0.0477873265014918,0.066));
#13439=CARTESIAN_POINT('',(-0.0129029381242704,0.0477873265014918,0.068));
#13440=CARTESIAN_POINT('',(-0.0125222953690492,0.0461516571539759,0.066));
#13441=CARTESIAN_POINT('',(-0.0125222953690492,0.0461516571539759,0.066));
#13442=CARTESIAN_POINT('',(-0.0125222953690492,0.0461516571539759,0.066));
#13443=CARTESIAN_POINT('',(-0.0129029381242704,0.0468047087819432,0.066));
#13444=CARTESIAN_POINT('',(-0.0129029381242704,0.0477873265014918,0.066));
#13445=CARTESIAN_POINT('',(-0.0114326598780646,0.0451714716565054,0.066));
#13446=CARTESIAN_POINT('',(-0.0114326598780646,0.0451714716565054,0.068));
#13447=CARTESIAN_POINT('',(-0.0119053217019069,0.0453895609028409,0.066));
#13448=CARTESIAN_POINT('',(-0.0119053217019069,0.0453895609028409,0.068));
#13449=CARTESIAN_POINT('',(-0.0122685335322351,0.0457162894019977,0.066));
#13450=CARTESIAN_POINT('',(-0.0122685335322351,0.0457162894019977,0.068));
#13451=CARTESIAN_POINT('',(-0.0125222953690492,0.0461516571539759,0.066));
#13452=CARTESIAN_POINT('',(-0.0125222953690492,0.0461516571539759,0.068));
#13453=CARTESIAN_POINT('',(-0.0114326598780646,0.0451714716565054,0.066));
#13454=CARTESIAN_POINT('',(-0.012141652613828,0.0454986055260086,0.066));
#13455=CARTESIAN_POINT('',(-0.0125222953690492,0.0461516571539759,0.066));
#13456=CARTESIAN_POINT('',(-0.0093555422233753,0.0466575593462187,0.066));
#13457=CARTESIAN_POINT('',(-0.0093555422233753,0.0466575593462187,0.068));
#13458=CARTESIAN_POINT('',(-0.00926230704371517,0.0467459300817226,0.066));
#13459=CARTESIAN_POINT('',(-0.00926230704371517,0.0467459300817226,0.068));
#13460=CARTESIAN_POINT('',(-0.00919744778829942,0.0468703787780516,0.066));
#13461=CARTESIAN_POINT('',(-0.00919744778829942,0.0468703787780516,0.068));
#13462=CARTESIAN_POINT('',(-0.00916096445712806,0.0470309054352056,0.066));
#13463=CARTESIAN_POINT('',(-0.00916096445712806,0.0470309054352056,0.068));
#13464=CARTESIAN_POINT('',(-0.0093555422233753,0.0466575593462187,0.068));
#13465=CARTESIAN_POINT('',(-0.0092156894538851,0.0467901154494746,0.068));
#13466=CARTESIAN_POINT('',(-0.00916096445712806,0.0470309054352056,0.068));
#13467=CARTESIAN_POINT('',(-0.0093555422233753,0.0466575593462187,0.066));
#13468=CARTESIAN_POINT('',(-0.0092156894538851,0.0467901154494746,0.066));
#13469=CARTESIAN_POINT('',(-0.00916096445712806,0.0470309054352056,0.066));
#13470=CARTESIAN_POINT('',(-2.77555756156289E-17,0.045,0.066));
#13471=CARTESIAN_POINT('',(-0.0227728953171618,0.0465250032429628,0.066));
#13472=CARTESIAN_POINT('',(-0.0227728953171618,0.0465250032429628,0.068));
#13473=CARTESIAN_POINT('',(-0.0226075042158516,0.0465250032429628,0.066));
#13474=CARTESIAN_POINT('',(-0.0226075042158516,0.0465250032429628,0.068));
#13475=CARTESIAN_POINT('',(-0.0224781910753665,0.0465691886107148,0.066));
#13476=CARTESIAN_POINT('',(-0.0224781910753665,0.0465691886107148,0.068));
#13477=CARTESIAN_POINT('',(-0.0223849558957063,0.0466575593462187,0.066));
#13478=CARTESIAN_POINT('',(-0.0223849558957063,0.0466575593462187,0.068));
#13479=CARTESIAN_POINT('',(-0.0227728953171618,0.0465250032429628,0.068));
#13480=CARTESIAN_POINT('',(-0.0225248086651966,0.0465250032429628,0.068));
#13481=CARTESIAN_POINT('',(-0.0223849558957063,0.0466575593462187,0.068));
#13482=CARTESIAN_POINT('',(-0.0227728953171618,0.0465250032429628,0.068));
#13483=CARTESIAN_POINT('',(-0.0223849558957063,0.0466575593462187,0.068));
#13484=CARTESIAN_POINT('',(-0.0227728953171618,0.0465250032429628,0.066));
#13485=CARTESIAN_POINT('',(-0.0227728953171618,0.0465250032429628,0.066));
#13486=CARTESIAN_POINT('',(-0.0227728953171618,0.0465250032429628,0.066));
#13487=CARTESIAN_POINT('',(-0.0225248086651966,0.0465250032429628,0.066));
#13488=CARTESIAN_POINT('',(-0.0223849558957063,0.0466575593462187,0.066));
#13489=CARTESIAN_POINT('',(-0.0223849558957063,0.0466575593462187,0.066));
#13490=CARTESIAN_POINT('',(-0.0223849558957063,0.0466575593462187,0.066));
#13491=CARTESIAN_POINT('',(-0.0231632669606954,0.0466575593462187,0.066));
#13492=CARTESIAN_POINT('',(-0.0231632669606954,0.0466575593462187,0.068));
#13493=CARTESIAN_POINT('',(-0.0230700317810352,0.0465691886107148,0.066));
#13494=CARTESIAN_POINT('',(-0.0230700317810352,0.0465691886107148,0.068));
#13495=CARTESIAN_POINT('',(-0.0229399078998573,0.0465250032429628,0.066));
#13496=CARTESIAN_POINT('',(-0.0229399078998573,0.0465250032429628,0.068));
#13497=CARTESIAN_POINT('',(-0.0227728953171618,0.0465250032429628,0.066));
#13498=CARTESIAN_POINT('',(-0.0227728953171618,0.0465250032429628,0.068));
#13499=CARTESIAN_POINT('',(-0.0231632669606954,0.0466575593462187,0.068));
#13500=CARTESIAN_POINT('',(-0.0230234141912051,0.0465250032429628,0.068));
#13501=CARTESIAN_POINT('',(-0.0227728953171618,0.0465250032429628,0.068));
#13502=CARTESIAN_POINT('',(-0.0231632669606954,0.0466575593462187,0.068));
#13503=CARTESIAN_POINT('',(-0.0231632669606954,0.0466575593462187,0.066));
#13504=CARTESIAN_POINT('',(-0.0231632669606954,0.0466575593462187,0.066));
#13505=CARTESIAN_POINT('',(-0.0231632669606954,0.0466575593462187,0.066));
#13506=CARTESIAN_POINT('',(-0.0230234141912051,0.0465250032429628,0.066));
#13507=CARTESIAN_POINT('',(-0.0227728953171618,0.0465250032429628,0.066));
#13508=CARTESIAN_POINT('',(-0.0233651413931769,0.0470309054352056,0.066));
#13509=CARTESIAN_POINT('',(-0.0233651413931769,0.0470309054352056,0.068));
#13510=CARTESIAN_POINT('',(-0.0233237936178493,0.0468703787780516,0.066));
#13511=CARTESIAN_POINT('',(-0.0233237936178493,0.0468703787780516,0.068));
#13512=CARTESIAN_POINT('',(-0.0232565021403555,0.0467459300817226,0.066));
#13513=CARTESIAN_POINT('',(-0.0232565021403555,0.0467459300817226,0.068));
#13514=CARTESIAN_POINT('',(-0.0231632669606954,0.0466575593462187,0.066));
#13515=CARTESIAN_POINT('',(-0.0231632669606954,0.0466575593462187,0.068));
#13516=CARTESIAN_POINT('',(-0.0233651413931769,0.0470309054352056,0.068));
#13517=CARTESIAN_POINT('',(-0.0233031197301855,0.0467901154494746,0.068));
#13518=CARTESIAN_POINT('',(-0.0231632669606954,0.0466575593462187,0.068));
#13519=CARTESIAN_POINT('',(-0.0233651413931769,0.0470309054352056,0.068));
#13520=CARTESIAN_POINT('',(-0.0233651413931769,0.0470309054352056,0.066));
#13521=CARTESIAN_POINT('',(-0.0233651413931769,0.0470309054352056,0.066));
#13522=CARTESIAN_POINT('',(-0.0233651413931769,0.0470309054352056,0.066));
#13523=CARTESIAN_POINT('',(-0.0233031197301855,0.0467901154494746,0.066));
#13524=CARTESIAN_POINT('',(-0.0231632669606954,0.0466575593462187,0.066));
#13525=CARTESIAN_POINT('',(-0.0234271630561682,0.0476146387339473,0.066));
#13526=CARTESIAN_POINT('',(-0.0234271630561682,0.0476146387339473,0.068));
#13527=CARTESIAN_POINT('',(-0.0234271630561682,0.0473860098586068,0.066));
#13528=CARTESIAN_POINT('',(-0.0234271630561682,0.0473860098586068,0.068));
#13529=CARTESIAN_POINT('',(-0.0234064891685044,0.0471914320923596,0.066));
#13530=CARTESIAN_POINT('',(-0.0234064891685044,0.0471914320923596,0.068));
#13531=CARTESIAN_POINT('',(-0.0233651413931769,0.0470309054352056,0.066));
#13532=CARTESIAN_POINT('',(-0.0233651413931769,0.0470309054352056,0.068));
#13533=CARTESIAN_POINT('',(-0.0234271630561682,0.0476146387339473,0.068));
#13534=CARTESIAN_POINT('',(-0.0234271630561682,0.0472716954209366,0.068));
#13535=CARTESIAN_POINT('',(-0.0233651413931769,0.0470309054352056,0.068));
#13536=CARTESIAN_POINT('',(-0.0234271630561682,0.0476146387339473,0.068));
#13537=CARTESIAN_POINT('',(-0.0234271630561682,0.0476146387339473,0.066));
#13538=CARTESIAN_POINT('',(-0.0234271630561682,0.0476146387339473,0.066));
#13539=CARTESIAN_POINT('',(-0.0234271630561682,0.0476146387339473,0.066));
#13540=CARTESIAN_POINT('',(-0.0234271630561682,0.0472716954209366,0.066));
#13541=CARTESIAN_POINT('',(-0.0233651413931769,0.0470309054352056,0.066));
#13542=CARTESIAN_POINT('',(-0.0234271630561682,0.0494983947334285,0.066));
#13543=CARTESIAN_POINT('',(-0.0234271630561682,0.0494983947334285,0.068));
#13544=CARTESIAN_POINT('',(-0.0234271630561682,0.0513821507329096,0.068));
#13545=CARTESIAN_POINT('',(-0.0234271630561682,0.0513821507329096,0.066));
#13546=CARTESIAN_POINT('',(-0.0234271630561682,0.0513821507329096,0.066));
#13547=CARTESIAN_POINT('',(-0.0234271630561682,0.0494983947334285,0.066));
#13548=CARTESIAN_POINT('',(-0.0233651413931769,0.0519658840316513,0.066));
#13549=CARTESIAN_POINT('',(-0.0233651413931769,0.0519658840316513,0.068));
#13550=CARTESIAN_POINT('',(-0.0234064891685044,0.0518053573744974,0.066));
#13551=CARTESIAN_POINT('',(-0.0234064891685044,0.0518053573744974,0.068));
#13552=CARTESIAN_POINT('',(-0.0234271630561682,0.0516107796082501,0.066));
#13553=CARTESIAN_POINT('',(-0.0234271630561682,0.0516107796082501,0.068));
#13554=CARTESIAN_POINT('',(-0.0234271630561682,0.0513821507329096,0.066));
#13555=CARTESIAN_POINT('',(-0.0234271630561682,0.0513821507329096,0.068));
#13556=CARTESIAN_POINT('',(-0.0233651413931769,0.0519658840316513,0.068));
#13557=CARTESIAN_POINT('',(-0.0234271630561682,0.0517250940459204,0.068));
#13558=CARTESIAN_POINT('',(-0.0234271630561682,0.0513821507329096,0.068));
#13559=CARTESIAN_POINT('',(-0.0233651413931769,0.0519658840316513,0.068));
#13560=CARTESIAN_POINT('',(-0.0233651413931769,0.0519658840316513,0.066));
#13561=CARTESIAN_POINT('',(-0.0233651413931769,0.0519658840316513,0.066));
#13562=CARTESIAN_POINT('',(-0.0233651413931769,0.0519658840316513,0.066));
#13563=CARTESIAN_POINT('',(-0.0234271630561682,0.0517250940459204,0.066));
#13564=CARTESIAN_POINT('',(-0.0234271630561682,0.0513821507329096,0.066));
#13565=CARTESIAN_POINT('',(-0.0231632669606954,0.0523392301206382,0.066));
#13566=CARTESIAN_POINT('',(-0.0231632669606954,0.0523392301206382,0.068));
#13567=CARTESIAN_POINT('',(-0.0232565021403555,0.0522508593851343,0.066));
#13568=CARTESIAN_POINT('',(-0.0232565021403555,0.0522508593851343,0.068));
#13569=CARTESIAN_POINT('',(-0.0233237936178493,0.0521264106888053,0.066));
#13570=CARTESIAN_POINT('',(-0.0233237936178493,0.0521264106888053,0.068));
#13571=CARTESIAN_POINT('',(-0.0233651413931769,0.0519658840316513,0.066));
#13572=CARTESIAN_POINT('',(-0.0233651413931769,0.0519658840316513,0.068));
#13573=CARTESIAN_POINT('',(-0.0231632669606954,0.0523392301206382,0.068));
#13574=CARTESIAN_POINT('',(-0.0233031197301855,0.0522066740173823,0.068));
#13575=CARTESIAN_POINT('',(-0.0233651413931769,0.0519658840316513,0.068));
#13576=CARTESIAN_POINT('',(-0.0231632669606954,0.0523392301206382,0.068));
#13577=CARTESIAN_POINT('',(-0.0231632669606954,0.0523392301206382,0.066));
#13578=CARTESIAN_POINT('',(-0.0231632669606954,0.0523392301206382,0.066));
#13579=CARTESIAN_POINT('',(-0.0231632669606954,0.0523392301206382,0.066));
#13580=CARTESIAN_POINT('',(-0.0233031197301855,0.0522066740173823,0.066));
#13581=CARTESIAN_POINT('',(-0.0233651413931769,0.0519658840316513,0.066));
#13582=CARTESIAN_POINT('',(-0.0227728953171618,0.0524717862238942,0.066));
#13583=CARTESIAN_POINT('',(-0.0227728953171618,0.0524717862238942,0.068));
#13584=CARTESIAN_POINT('',(-0.0229399078998573,0.0524717862238942,0.066));
#13585=CARTESIAN_POINT('',(-0.0229399078998573,0.0524717862238942,0.068));
#13586=CARTESIAN_POINT('',(-0.0230700317810352,0.0524276008561422,0.066));
#13587=CARTESIAN_POINT('',(-0.0230700317810352,0.0524276008561422,0.068));
#13588=CARTESIAN_POINT('',(-0.0231632669606954,0.0523392301206382,0.066));
#13589=CARTESIAN_POINT('',(-0.0231632669606954,0.0523392301206382,0.068));
#13590=CARTESIAN_POINT('',(-0.0227728953171618,0.0524717862238942,0.068));
#13591=CARTESIAN_POINT('',(-0.0230234141912051,0.0524717862238942,0.068));
#13592=CARTESIAN_POINT('',(-0.0231632669606954,0.0523392301206382,0.068));
#13593=CARTESIAN_POINT('',(-0.0227728953171618,0.0524717862238942,0.068));
#13594=CARTESIAN_POINT('',(-0.0227728953171618,0.0524717862238942,0.066));
#13595=CARTESIAN_POINT('',(-0.0227728953171618,0.0524717862238942,0.066));
#13596=CARTESIAN_POINT('',(-0.0227728953171618,0.0524717862238942,0.066));
#13597=CARTESIAN_POINT('',(-0.0230234141912051,0.0524717862238942,0.066));
#13598=CARTESIAN_POINT('',(-0.0231632669606954,0.0523392301206382,0.066));
#13599=CARTESIAN_POINT('',(-0.0223849558957063,0.0523392301206382,0.066));
#13600=CARTESIAN_POINT('',(-0.0223849558957063,0.0523392301206382,0.068));
#13601=CARTESIAN_POINT('',(-0.0224781910753665,0.0524276008561422,0.066));
#13602=CARTESIAN_POINT('',(-0.0224781910753665,0.0524276008561422,0.068));
#13603=CARTESIAN_POINT('',(-0.0226075042158516,0.0524717862238942,0.066));
#13604=CARTESIAN_POINT('',(-0.0226075042158516,0.0524717862238942,0.068));
#13605=CARTESIAN_POINT('',(-0.0227728953171618,0.0524717862238942,0.066));
#13606=CARTESIAN_POINT('',(-0.0227728953171618,0.0524717862238942,0.068));
#13607=CARTESIAN_POINT('',(-0.0223849558957063,0.0523392301206382,0.068));
#13608=CARTESIAN_POINT('',(-0.0225248086651966,0.0524717862238942,0.068));
#13609=CARTESIAN_POINT('',(-0.0227728953171618,0.0524717862238942,0.068));
#13610=CARTESIAN_POINT('',(-0.0223849558957063,0.0523392301206382,0.068));
#13611=CARTESIAN_POINT('',(-0.0223849558957063,0.0523392301206382,0.066));
#13612=CARTESIAN_POINT('',(-0.0223849558957063,0.0523392301206382,0.066));
#13613=CARTESIAN_POINT('',(-0.0223849558957063,0.0523392301206382,0.066));
#13614=CARTESIAN_POINT('',(-0.0225248086651966,0.0524717862238942,0.066));
#13615=CARTESIAN_POINT('',(-0.0227728953171618,0.0524717862238942,0.066));
#13616=CARTESIAN_POINT('',(-0.0221903781294591,0.0519658840316513,0.066));
#13617=CARTESIAN_POINT('',(-0.0221903781294591,0.0519658840316513,0.068));
#13618=CARTESIAN_POINT('',(-0.0222268614606305,0.0521264106888053,0.066));
#13619=CARTESIAN_POINT('',(-0.0222268614606305,0.0521264106888053,0.068));
#13620=CARTESIAN_POINT('',(-0.0222917207160462,0.0522508593851343,0.066));
#13621=CARTESIAN_POINT('',(-0.0222917207160462,0.0522508593851343,0.068));
#13622=CARTESIAN_POINT('',(-0.0223849558957063,0.0523392301206382,0.066));
#13623=CARTESIAN_POINT('',(-0.0223849558957063,0.0523392301206382,0.068));
#13624=CARTESIAN_POINT('',(-0.0221903781294591,0.0519658840316513,0.068));
#13625=CARTESIAN_POINT('',(-0.0222451031262162,0.0522066740173823,0.068));
#13626=CARTESIAN_POINT('',(-0.0223849558957063,0.0523392301206382,0.068));
#13627=CARTESIAN_POINT('',(-0.0221903781294591,0.0519658840316513,0.068));
#13628=CARTESIAN_POINT('',(-0.0221903781294591,0.0519658840316513,0.066));
#13629=CARTESIAN_POINT('',(-0.0221903781294591,0.0519658840316513,0.066));
#13630=CARTESIAN_POINT('',(-0.0221903781294591,0.0519658840316513,0.066));
#13631=CARTESIAN_POINT('',(-0.0222451031262162,0.0522066740173823,0.066));
#13632=CARTESIAN_POINT('',(-0.0223849558957063,0.0523392301206382,0.066));
#13633=CARTESIAN_POINT('',(-0.0248414390545498,0.0514311658509873,0.066));
#13634=CARTESIAN_POINT('',(-0.0248414390545498,0.0514311658509873,0.068));
#13635=CARTESIAN_POINT('',(-0.022136072922756,0.0513821583373763,0.068));
#13636=CARTESIAN_POINT('',(-0.022135653132702,0.0513821507329096,0.066));
#13637=CARTESIAN_POINT('',(-0.022136072922756,0.0513821583373763,0.06600000025));
#13638=CARTESIAN_POINT('',(-0.0248414390545498,0.0514311658509873,0.066));
#13639=CARTESIAN_POINT('',(-0.022135653132702,0.0494983947334285,0.066));
#13640=CARTESIAN_POINT('',(-0.022135653132702,0.0494983947334285,0.068));
#13641=CARTESIAN_POINT('',(-0.022136072922756,0.0476146311294806,0.068));
#13642=CARTESIAN_POINT('',(-0.022135653132702,0.0476146387339473,0.066));
#13643=CARTESIAN_POINT('',(-0.022136072922756,0.0476146311294806,0.066));
#13644=CARTESIAN_POINT('',(-0.022135653132702,0.0494983947334285,0.066));
#13645=CARTESIAN_POINT('',(-0.0248414390545504,0.0475656236158697,0.066));
#13646=CARTESIAN_POINT('',(-0.0248414390545504,0.0475656236158697,0.068));
#13647=CARTESIAN_POINT('',(-0.0221903781294591,0.0470309054352056,0.068));
#13648=CARTESIAN_POINT('',(-0.0221903781294591,0.0470309054352056,0.066));
#13649=CARTESIAN_POINT('',(-0.0221903781294591,0.0470309054352056,0.066));
#13650=CARTESIAN_POINT('',(-0.0248414390545504,0.0475656236158697,0.066));
#13651=CARTESIAN_POINT('',(-0.0227899208717084,0.0448443377870022,0.066));
#13652=CARTESIAN_POINT('',(-0.0227899208717084,0.0448443377870022,0.068));
#13653=CARTESIAN_POINT('',(-0.0234320275003243,0.0448443377870022,0.066));
#13654=CARTESIAN_POINT('',(-0.0234320275003243,0.0448443377870022,0.068));
#13655=CARTESIAN_POINT('',(-0.0239894117265534,0.0449533824101699,0.066));
#13656=CARTESIAN_POINT('',(-0.0239894117265534,0.0449533824101699,0.068));
#13657=CARTESIAN_POINT('',(-0.0244620735503957,0.0451714716565054,0.066));
#13658=CARTESIAN_POINT('',(-0.0244620735503957,0.0451714716565054,0.068));
#13659=CARTESIAN_POINT('',(-0.0227899208717084,0.0448443377870022,0.066));
#13660=CARTESIAN_POINT('',(-0.0227899208717084,0.0448443377870022,0.066));
#13661=CARTESIAN_POINT('',(-0.0227899208717084,0.0448443377870022,0.066));
#13662=CARTESIAN_POINT('',(-0.0237530808146323,0.0448443377870022,0.066));
#13663=CARTESIAN_POINT('',(-0.0244620735503957,0.0451714716565054,0.066));
#13664=CARTESIAN_POINT('',(-0.0244620735503957,0.0451714716565054,0.066));
#13665=CARTESIAN_POINT('',(-0.0244620735503957,0.0451714716565054,0.066));
#13666=CARTESIAN_POINT('',(-0.0211153359709431,0.0451714716565054,0.066));
#13667=CARTESIAN_POINT('',(-0.0211153359709431,0.0451714716565054,0.068));
#13668=CARTESIAN_POINT('',(-0.0215879977947854,0.0449533824101699,0.066));
#13669=CARTESIAN_POINT('',(-0.0215879977947854,0.0449533824101699,0.068));
#13670=CARTESIAN_POINT('',(-0.0221461927617071,0.0448443377870022,0.066));
#13671=CARTESIAN_POINT('',(-0.0221461927617071,0.0448443377870022,0.068));
#13672=CARTESIAN_POINT('',(-0.0227899208717084,0.0448443377870022,0.066));
#13673=CARTESIAN_POINT('',(-0.0227899208717084,0.0448443377870022,0.068));
#13674=CARTESIAN_POINT('',(-0.0211153359709431,0.0451714716565054,0.066));
#13675=CARTESIAN_POINT('',(-0.0211153359709431,0.0451714716565054,0.066));
#13676=CARTESIAN_POINT('',(-0.0211153359709431,0.0451714716565054,0.066));
#13677=CARTESIAN_POINT('',(-0.0218243287067065,0.0448443377870022,0.066));
#13678=CARTESIAN_POINT('',(-0.0227899208717084,0.0448443377870022,0.066));
#13679=CARTESIAN_POINT('',(-0.0221063317169851,0.0473897256862376,0.066));
#13680=CARTESIAN_POINT('',(-0.0200171877026852,0.0461516571539759,0.066));
#13681=CARTESIAN_POINT('',(-0.0200171877026852,0.0461516571539759,0.066));
#13682=CARTESIAN_POINT('',(-0.0221063317169851,0.0473897256862376,0.066));
#13683=CARTESIAN_POINT('',(-0.0196280321701907,0.0477873265014918,0.066));
#13684=CARTESIAN_POINT('',(-0.0196280321701907,0.0477873265014918,0.068));
#13685=CARTESIAN_POINT('',(-0.0196280321701907,0.0471322480217927,0.066));
#13686=CARTESIAN_POINT('',(-0.0196280321701907,0.0471322480217927,0.068));
#13687=CARTESIAN_POINT('',(-0.0197577506810222,0.0465870249059541,0.066));
#13688=CARTESIAN_POINT('',(-0.0197577506810222,0.0465870249059541,0.068));
#13689=CARTESIAN_POINT('',(-0.0200171877026852,0.0461516571539759,0.066));
#13690=CARTESIAN_POINT('',(-0.0200171877026852,0.0461516571539759,0.068));
#13691=CARTESIAN_POINT('',(-0.0196280321701907,0.0477873265014918,0.066));
#13692=CARTESIAN_POINT('',(-0.0196280321701907,0.0477873265014918,0.066));
#13693=CARTESIAN_POINT('',(-0.0196280321701907,0.0477873265014918,0.066));
#13694=CARTESIAN_POINT('',(-0.0196280321701907,0.0468047087819432,0.066));
#13695=CARTESIAN_POINT('',(-0.0200171877026852,0.0461516571539759,0.066));
#13696=CARTESIAN_POINT('',(-0.0196280321701907,0.0494996108444675,0.066));
#13697=CARTESIAN_POINT('',(-0.0196280321701907,0.0512118951874433,0.066));
#13698=CARTESIAN_POINT('',(-0.0196280321701907,0.0512118951874433,0.066));
#13699=CARTESIAN_POINT('',(-0.0196280321701907,0.0494996108444675,0.066));
#13700=CARTESIAN_POINT('',(-0.0200171877026852,0.0528451323128811,0.066));
#13701=CARTESIAN_POINT('',(-0.0200171877026852,0.0528451323128811,0.068));
#13702=CARTESIAN_POINT('',(-0.0197577506810222,0.0524097645609028,0.066));
#13703=CARTESIAN_POINT('',(-0.0197577506810222,0.0524097645609028,0.068));
#13704=CARTESIAN_POINT('',(-0.0196280321701907,0.0518653521857569,0.066));
#13705=CARTESIAN_POINT('',(-0.0196280321701907,0.0518653521857569,0.068));
#13706=CARTESIAN_POINT('',(-0.0196280321701907,0.0512118951874433,0.066));
#13707=CARTESIAN_POINT('',(-0.0196280321701907,0.0512118951874433,0.068));
#13708=CARTESIAN_POINT('',(-0.0200171877026852,0.0528451323128811,0.066));
#13709=CARTESIAN_POINT('',(-0.0200171877026852,0.0528451323128811,0.066));
#13710=CARTESIAN_POINT('',(-0.0200171877026852,0.0528451323128811,0.066));
#13711=CARTESIAN_POINT('',(-0.0196280321701907,0.0521920806849137,0.066));
#13712=CARTESIAN_POINT('',(-0.0196280321701907,0.0512118951874433,0.066));
#13713=CARTESIAN_POINT('',(-0.0221063317169846,0.0516070637806197,0.066));
#13714=CARTESIAN_POINT('',(-0.0211153359709431,0.0538253178103515,0.066));
#13715=CARTESIAN_POINT('',(-0.0211153359709431,0.0538253178103515,0.066));
#13716=CARTESIAN_POINT('',(-0.0221063317169846,0.0516070637806197,0.066));
#13717=CARTESIAN_POINT('',(-0.0227899208717084,0.0541524516798547,0.066));
#13718=CARTESIAN_POINT('',(-0.0227899208717084,0.0541524516798547,0.068));
#13719=CARTESIAN_POINT('',(-0.0221461927617071,0.0541524516798547,0.066));
#13720=CARTESIAN_POINT('',(-0.0221461927617071,0.0541524516798547,0.068));
#13721=CARTESIAN_POINT('',(-0.0215879977947854,0.054043407056687,0.066));
#13722=CARTESIAN_POINT('',(-0.0215879977947854,0.054043407056687,0.068));
#13723=CARTESIAN_POINT('',(-0.0211153359709431,0.0538253178103515,0.066));
#13724=CARTESIAN_POINT('',(-0.0211153359709431,0.0538253178103515,0.068));
#13725=CARTESIAN_POINT('',(-0.0227899208717084,0.0541524516798547,0.066));
#13726=CARTESIAN_POINT('',(-0.0227899208717084,0.0541524516798547,0.066));
#13727=CARTESIAN_POINT('',(-0.0227899208717084,0.0541524516798547,0.066));
#13728=CARTESIAN_POINT('',(-0.0218243287067065,0.0541524516798547,0.066));
#13729=CARTESIAN_POINT('',(-0.0211153359709431,0.0538253178103515,0.066));
#13730=CARTESIAN_POINT('',(-0.0244620735503957,0.0538253178103515,0.066));
#13731=CARTESIAN_POINT('',(-0.0244620735503957,0.0538253178103515,0.068));
#13732=CARTESIAN_POINT('',(-0.0239894117265534,0.054043407056687,0.066));
#13733=CARTESIAN_POINT('',(-0.0239894117265534,0.054043407056687,0.068));
#13734=CARTESIAN_POINT('',(-0.0234320275003243,0.0541524516798547,0.066));
#13735=CARTESIAN_POINT('',(-0.0234320275003243,0.0541524516798547,0.068));
#13736=CARTESIAN_POINT('',(-0.0227899208717084,0.0541524516798547,0.066));
#13737=CARTESIAN_POINT('',(-0.0227899208717084,0.0541524516798547,0.068));
#13738=CARTESIAN_POINT('',(-0.0244620735503957,0.0538253178103515,0.066));
#13739=CARTESIAN_POINT('',(-0.0244620735503957,0.0538253178103515,0.066));
#13740=CARTESIAN_POINT('',(-0.0244620735503957,0.0538253178103515,0.066));
#13741=CARTESIAN_POINT('',(-0.0237530808146323,0.0541524516798547,0.066));
#13742=CARTESIAN_POINT('',(-0.0227899208717084,0.0541524516798547,0.066));
#13743=CARTESIAN_POINT('',(-0.0255517090413802,0.0528451323128811,0.066));
#13744=CARTESIAN_POINT('',(-0.0255517090413802,0.0528451323128811,0.068));
#13745=CARTESIAN_POINT('',(-0.0252979472045661,0.0532805000648593,0.066));
#13746=CARTESIAN_POINT('',(-0.0252979472045661,0.0532805000648593,0.068));
#13747=CARTESIAN_POINT('',(-0.0249347353742379,0.0536072285640161,0.066));
#13748=CARTESIAN_POINT('',(-0.0249347353742379,0.0536072285640161,0.068));
#13749=CARTESIAN_POINT('',(-0.0244620735503957,0.0538253178103515,0.066));
#13750=CARTESIAN_POINT('',(-0.0244620735503957,0.0538253178103515,0.068));
#13751=CARTESIAN_POINT('',(-0.0255517090413802,0.0528451323128811,0.066));
#13752=CARTESIAN_POINT('',(-0.0255517090413802,0.0528451323128811,0.066));
#13753=CARTESIAN_POINT('',(-0.0255517090413802,0.0528451323128811,0.066));
#13754=CARTESIAN_POINT('',(-0.0251710662861591,0.0534981839408484,0.066));
#13755=CARTESIAN_POINT('',(-0.0244620735503957,0.0538253178103515,0.066));
#13756=CARTESIAN_POINT('',(-0.0259323517966014,0.0512118951874433,0.066));
#13757=CARTESIAN_POINT('',(-0.0259323517966014,0.0512118951874433,0.068));
#13758=CARTESIAN_POINT('',(-0.0259323517966014,0.0518653521857569,0.066));
#13759=CARTESIAN_POINT('',(-0.0259323517966014,0.0518653521857569,0.068));
#13760=CARTESIAN_POINT('',(-0.0258054708781943,0.0524097645609028,0.066));
#13761=CARTESIAN_POINT('',(-0.0258054708781943,0.0524097645609028,0.068));
#13762=CARTESIAN_POINT('',(-0.0255517090413802,0.0528451323128811,0.066));
#13763=CARTESIAN_POINT('',(-0.0255517090413802,0.0528451323128811,0.068));
#13764=CARTESIAN_POINT('',(-0.0259323517966014,0.0512118951874433,0.066));
#13765=CARTESIAN_POINT('',(-0.0259323517966014,0.0512118951874433,0.066));
#13766=CARTESIAN_POINT('',(-0.0259323517966014,0.0512118951874433,0.066));
#13767=CARTESIAN_POINT('',(-0.0259323517966014,0.0521920806849137,0.066));
#13768=CARTESIAN_POINT('',(-0.0255517090413802,0.0528451323128811,0.066));
#13769=CARTESIAN_POINT('',(-0.0259323517966014,0.0494996108444675,0.066));
#13770=CARTESIAN_POINT('',(-0.0259323517966014,0.0477873265014918,0.066));
#13771=CARTESIAN_POINT('',(-0.0259323517966014,0.0477873265014918,0.066));
#13772=CARTESIAN_POINT('',(-0.0259323517966014,0.0494996108444675,0.066));
#13773=CARTESIAN_POINT('',(-0.0255517090413802,0.0461516571539759,0.066));
#13774=CARTESIAN_POINT('',(-0.0255517090413802,0.0461516571539759,0.068));
#13775=CARTESIAN_POINT('',(-0.0258054708781943,0.0465870249059541,0.066));
#13776=CARTESIAN_POINT('',(-0.0258054708781943,0.0465870249059541,0.068));
#13777=CARTESIAN_POINT('',(-0.0259323517966014,0.0471322480217927,0.066));
#13778=CARTESIAN_POINT('',(-0.0259323517966014,0.0471322480217927,0.068));
#13779=CARTESIAN_POINT('',(-0.0259323517966014,0.0477873265014918,0.066));
#13780=CARTESIAN_POINT('',(-0.0259323517966014,0.0477873265014918,0.068));
#13781=CARTESIAN_POINT('',(-0.0255517090413802,0.0461516571539759,0.066));
#13782=CARTESIAN_POINT('',(-0.0255517090413802,0.0461516571539759,0.066));
#13783=CARTESIAN_POINT('',(-0.0255517090413802,0.0461516571539759,0.066));
#13784=CARTESIAN_POINT('',(-0.0259323517966014,0.0468047087819432,0.066));
#13785=CARTESIAN_POINT('',(-0.0259323517966014,0.0477873265014918,0.066));
#13786=CARTESIAN_POINT('',(-0.0244620735503957,0.0451714716565054,0.066));
#13787=CARTESIAN_POINT('',(-0.0244620735503957,0.0451714716565054,0.068));
#13788=CARTESIAN_POINT('',(-0.0249347353742379,0.0453895609028409,0.066));
#13789=CARTESIAN_POINT('',(-0.0249347353742379,0.0453895609028409,0.068));
#13790=CARTESIAN_POINT('',(-0.0252979472045661,0.0457162894019977,0.066));
#13791=CARTESIAN_POINT('',(-0.0252979472045661,0.0457162894019977,0.068));
#13792=CARTESIAN_POINT('',(-0.0255517090413802,0.0461516571539759,0.066));
#13793=CARTESIAN_POINT('',(-0.0255517090413802,0.0461516571539759,0.068));
#13794=CARTESIAN_POINT('',(-0.0244620735503957,0.0451714716565054,0.066));
#13795=CARTESIAN_POINT('',(-0.0251710662861591,0.0454986055260086,0.066));
#13796=CARTESIAN_POINT('',(-0.0255517090413802,0.0461516571539759,0.066));
#13797=CARTESIAN_POINT('',(-0.0223849558957063,0.0466575593462187,0.066));
#13798=CARTESIAN_POINT('',(-0.0223849558957063,0.0466575593462187,0.068));
#13799=CARTESIAN_POINT('',(-0.0222917207160462,0.0467459300817226,0.066));
#13800=CARTESIAN_POINT('',(-0.0222917207160462,0.0467459300817226,0.068));
#13801=CARTESIAN_POINT('',(-0.0222268614606305,0.0468703787780516,0.066));
#13802=CARTESIAN_POINT('',(-0.0222268614606305,0.0468703787780516,0.068));
#13803=CARTESIAN_POINT('',(-0.0221903781294591,0.0470309054352056,0.066));
#13804=CARTESIAN_POINT('',(-0.0221903781294591,0.0470309054352056,0.068));
#13805=CARTESIAN_POINT('',(-0.0223849558957063,0.0466575593462187,0.068));
#13806=CARTESIAN_POINT('',(-0.0222451031262162,0.0467901154494746,0.068));
#13807=CARTESIAN_POINT('',(-0.0221903781294591,0.0470309054352056,0.068));
#13808=CARTESIAN_POINT('',(-0.0223849558957063,0.0466575593462187,0.066));
#13809=CARTESIAN_POINT('',(-0.0222451031262162,0.0467901154494746,0.066));
#13810=CARTESIAN_POINT('',(-0.0221903781294591,0.0470309054352056,0.066));
#13811=CARTESIAN_POINT('',(-2.77555756156289E-17,0.045,0.066));
#13812=CARTESIAN_POINT('',(0.0267447139706836,0.0448443377870022,0.066));
#13813=CARTESIAN_POINT('',(0.0267447139706836,0.0448443377870022,0.068));
#13814=CARTESIAN_POINT('',(0.0259550525359969,0.0448443377870022,0.066));
#13815=CARTESIAN_POINT('',(0.0259550525359969,0.0448443377870022,0.068));
#13816=CARTESIAN_POINT('',(0.0252983525749124,0.0450206738876638,0.066));
#13817=CARTESIAN_POINT('',(0.0252983525749124,0.0450206738876638,0.068));
#13818=CARTESIAN_POINT('',(0.0247746140874303,0.0453733460889869,0.066));
#13819=CARTESIAN_POINT('',(0.0247746140874303,0.0453733460889869,0.068));
#13820=CARTESIAN_POINT('',(0.0267447139706836,0.0448443377870022,0.066));
#13821=CARTESIAN_POINT('',(0.0267447139706836,0.0448443377870022,0.066));
#13822=CARTESIAN_POINT('',(0.0267447139706836,0.0448443377870022,0.066));
#13823=CARTESIAN_POINT('',(0.0255602218186535,0.0448443377870022,0.066));
#13824=CARTESIAN_POINT('',(0.0247746140874303,0.0453733460889869,0.066));
#13825=CARTESIAN_POINT('',(0.0247746140874303,0.0453733460889869,0.066));
#13826=CARTESIAN_POINT('',(0.0247746140874303,0.0453733460889869,0.066));
#13827=CARTESIAN_POINT('',(0.0267673930478612,0.0481200174146102,0.066));
#13828=CARTESIAN_POINT('',(0.0280897327798677,0.0451240433259826,0.066));
#13829=CARTESIAN_POINT('',(0.0280896857519776,0.045124154279673,0.066));
#13830=CARTESIAN_POINT('',(0.0267673930478612,0.0481200174146102,0.066));
#13831=CARTESIAN_POINT('',(0.0271255025790949,0.0473452981744622,0.066));
#13832=CARTESIAN_POINT('',(0.0291088338305876,0.0459570793877286,0.066));
#13833=CARTESIAN_POINT('',(0.0291088338305876,0.0459570793877286,0.066));
#13834=CARTESIAN_POINT('',(0.0271255025790949,0.0473452981744622,0.066));
#13835=CARTESIAN_POINT('',(0.0294979893630821,0.0472887209754832,0.066));
#13836=CARTESIAN_POINT('',(0.0294979893630821,0.0472887209754832,0.068));
#13837=CARTESIAN_POINT('',(0.0294979893630821,0.0467698469321572,0.066));
#13838=CARTESIAN_POINT('',(0.0294979893630821,0.0467698469321572,0.068));
#13839=CARTESIAN_POINT('',(0.0293682708522506,0.0463259664029057,0.066));
#13840=CARTESIAN_POINT('',(0.0293682708522506,0.0463259664029057,0.068));
#13841=CARTESIAN_POINT('',(0.0291088338305876,0.0459570793877286,0.066));
#13842=CARTESIAN_POINT('',(0.0291088338305876,0.0459570793877286,0.068));
#13843=CARTESIAN_POINT('',(0.0294979893630821,0.0472887209754832,0.066));
#13844=CARTESIAN_POINT('',(0.0294979893630821,0.0472887209754832,0.066));
#13845=CARTESIAN_POINT('',(0.0294979893630821,0.0472887209754832,0.066));
#13846=CARTESIAN_POINT('',(0.0294979893630821,0.0465104099104942,0.066));
#13847=CARTESIAN_POINT('',(0.0291088338305876,0.0459570793877286,0.066));
#13848=CARTESIAN_POINT('',(0.0292571993773512,0.0483163348034765,0.066));
#13849=CARTESIAN_POINT('',(0.0292571993773512,0.0483163348034765,0.068));
#13850=CARTESIAN_POINT('',(0.0294177260345051,0.048015550006486,0.066));
#13851=CARTESIAN_POINT('',(0.0294177260345051,0.048015550006486,0.068));
#13852=CARTESIAN_POINT('',(0.0294979893630821,0.0476730120638215,0.066));
#13853=CARTESIAN_POINT('',(0.0294979893630821,0.0476730120638215,0.068));
#13854=CARTESIAN_POINT('',(0.0294979893630821,0.0472887209754832,0.066));
#13855=CARTESIAN_POINT('',(0.0294979893630821,0.0472887209754832,0.068));
#13856=CARTESIAN_POINT('',(0.0292571993773512,0.0483163348034765,0.066));
#13857=CARTESIAN_POINT('',(0.0292571993773512,0.0483163348034765,0.066));
#13858=CARTESIAN_POINT('',(0.0292571993773512,0.0483163348034765,0.066));
#13859=CARTESIAN_POINT('',(0.0294979893630821,0.0478651576079907,0.066));
#13860=CARTESIAN_POINT('',(0.0294979893630821,0.0472887209754832,0.066));
#13861=CARTESIAN_POINT('',(0.0261932063791658,0.046673362839215,0.066));
#13862=CARTESIAN_POINT('',(0.0286430633026333,0.0491408580879492,0.066));
#13863=CARTESIAN_POINT('',(0.028642977780843,0.0491407718388696,0.066));
#13864=CARTESIAN_POINT('',(0.0261932063791658,0.046673362839215,0.066));
#13865=CARTESIAN_POINT('',(0.0203384969567402,0.0408531902488174,0.066));
#13866=CARTESIAN_POINT('',(0.0278805616811519,0.0498401219354002,0.066));
#13867=CARTESIAN_POINT('',(0.027880586095045,0.0498401510263716,0.06600000025));
#13868=CARTESIAN_POINT('',(0.0203384969567402,0.0408531902488174,0.066));
#13869=CARTESIAN_POINT('',(0.027560724477883,0.0501210435854196,0.066));
#13870=CARTESIAN_POINT('',(0.0272408872746141,0.0504019652354391,0.066));
#13871=CARTESIAN_POINT('',(0.0272408872746141,0.0504019652354391,0.066));
#13872=CARTESIAN_POINT('',(0.027560724477883,0.0501210435854196,0.066));
#13873=CARTESIAN_POINT('',(0.0263154267739006,0.0512264885199118,0.066));
#13874=CARTESIAN_POINT('',(0.0263154267739006,0.0512264885199118,0.068));
#13875=CARTESIAN_POINT('',(0.0265383804643922,0.0509978596445713,0.066));
#13876=CARTESIAN_POINT('',(0.0265383804643922,0.0509978596445713,0.068));
#13877=CARTESIAN_POINT('',(0.0268468672979634,0.050723018549747,0.066));
#13878=CARTESIAN_POINT('',(0.0268468672979634,0.050723018549747,0.068));
#13879=CARTESIAN_POINT('',(0.0272408872746141,0.0504019652354391,0.066));
#13880=CARTESIAN_POINT('',(0.0272408872746141,0.0504019652354391,0.068));
#13881=CARTESIAN_POINT('',(0.0263154267739006,0.0512264885199118,0.066));
#13882=CARTESIAN_POINT('',(0.0263154267739006,0.0512264885199118,0.066));
#13883=CARTESIAN_POINT('',(0.0263154267739006,0.0512264885199118,0.066));
#13884=CARTESIAN_POINT('',(0.0266498573096381,0.050883545206901,0.066));
#13885=CARTESIAN_POINT('',(0.0272408872746141,0.0504019652354391,0.066));
#13886=CARTESIAN_POINT('',(0.0259809962381631,0.0518637307043715,0.066));
#13887=CARTESIAN_POINT('',(0.0259809962381631,0.0518637307043715,0.068));
#13888=CARTESIAN_POINT('',(0.0259809962381631,0.0516675314567389,0.066));
#13889=CARTESIAN_POINT('',(0.0259809962381631,0.0516675314567389,0.068));
#13890=CARTESIAN_POINT('',(0.026092473083409,0.0514551173952523,0.066));
#13891=CARTESIAN_POINT('',(0.026092473083409,0.0514551173952523,0.068));
#13892=CARTESIAN_POINT('',(0.0263154267739006,0.0512264885199118,0.066));
#13893=CARTESIAN_POINT('',(0.0263154267739006,0.0512264885199118,0.068));
#13894=CARTESIAN_POINT('',(0.0259809962381631,0.0518637307043715,0.066));
#13895=CARTESIAN_POINT('',(0.0259809962381631,0.0518637307043715,0.066));
#13896=CARTESIAN_POINT('',(0.0259809962381631,0.0518637307043715,0.066));
#13897=CARTESIAN_POINT('',(0.0259809962381631,0.0515694318329226,0.066));
#13898=CARTESIAN_POINT('',(0.0263154267739006,0.0512264885199118,0.066));
#13899=CARTESIAN_POINT('',(0.0261293617849267,0.0522382929043975,0.066));
#13900=CARTESIAN_POINT('',(0.0261293617849267,0.0522382929043975,0.068));
#13901=CARTESIAN_POINT('',(0.0260304514204177,0.0521442469840446,0.066));
#13902=CARTESIAN_POINT('',(0.0260304514204177,0.0521442469840446,0.068));
#13903=CARTESIAN_POINT('',(0.0259809962381631,0.0520193929173693,0.066));
#13904=CARTESIAN_POINT('',(0.0259809962381631,0.0520193929173693,0.068));
#13905=CARTESIAN_POINT('',(0.0259809962381631,0.0518637307043715,0.066));
#13906=CARTESIAN_POINT('',(0.0259809962381631,0.0518637307043715,0.068));
#13907=CARTESIAN_POINT('',(0.0261293617849267,0.0522382929043975,0.066));
#13908=CARTESIAN_POINT('',(0.0261293617849267,0.0522382929043975,0.066));
#13909=CARTESIAN_POINT('',(0.0261293617849267,0.0522382929043975,0.066));
#13910=CARTESIAN_POINT('',(0.0259809962381631,0.0520972240238682,0.066));
#13911=CARTESIAN_POINT('',(0.0259809962381631,0.0518637307043715,0.066));
#13912=CARTESIAN_POINT('',(0.0265258139836555,0.0523793617849267,0.066));
#13913=CARTESIAN_POINT('',(0.0265258139836555,0.0523793617849267,0.068));
#13914=CARTESIAN_POINT('',(0.0263604228823453,0.0523793617849267,0.066));
#13915=CARTESIAN_POINT('',(0.0263604228823453,0.0523793617849267,0.068));
#13916=CARTESIAN_POINT('',(0.0262282721494357,0.0523323388247503,0.066));
#13917=CARTESIAN_POINT('',(0.0262282721494357,0.0523323388247503,0.068));
#13918=CARTESIAN_POINT('',(0.0261293617849267,0.0522382929043975,0.066));
#13919=CARTESIAN_POINT('',(0.0261293617849267,0.0522382929043975,0.068));
#13920=CARTESIAN_POINT('',(0.0265258139836555,0.0523793617849267,0.066));
#13921=CARTESIAN_POINT('',(0.0265258139836555,0.0523793617849267,0.066));
#13922=CARTESIAN_POINT('',(0.0265258139836555,0.0523793617849267,0.066));
#13923=CARTESIAN_POINT('',(0.0262777273316902,0.0523793617849267,0.066));
#13924=CARTESIAN_POINT('',(0.0261293617849267,0.0522382929043975,0.066));
#13925=CARTESIAN_POINT('',(0.0270475256194058,0.0521762712414062,0.066));
#13926=CARTESIAN_POINT('',(0.0270475256194058,0.0521762712414062,0.068));
#13927=CARTESIAN_POINT('',(0.0268861882215592,0.0523116649370865,0.066));
#13928=CARTESIAN_POINT('',(0.0268861882215592,0.0523116649370865,0.068));
#13929=CARTESIAN_POINT('',(0.0267122843429757,0.0523793617849267,0.066));
#13930=CARTESIAN_POINT('',(0.0267122843429757,0.0523793617849267,0.068));
#13931=CARTESIAN_POINT('',(0.0265258139836555,0.0523793617849267,0.066));
#13932=CARTESIAN_POINT('',(0.0265258139836555,0.0523793617849267,0.068));
#13933=CARTESIAN_POINT('',(0.0270475256194058,0.0521762712414062,0.066));
#13934=CARTESIAN_POINT('',(0.0270475256194058,0.0521762712414062,0.066));
#13935=CARTESIAN_POINT('',(0.0270475256194058,0.0521762712414062,0.066));
#13936=CARTESIAN_POINT('',(0.0268055195226359,0.0523793617849267,0.066));
#13937=CARTESIAN_POINT('',(0.0265258139836555,0.0523793617849267,0.066));
#13938=CARTESIAN_POINT('',(0.0258510888844061,0.0507700907684934,0.066));
#13939=CARTESIAN_POINT('',(0.0274597872616422,0.0516776657153976,0.066));
#13940=CARTESIAN_POINT('',(0.027459609280511,0.0516775649636503,0.066));
#13941=CARTESIAN_POINT('',(0.0258510888844061,0.0507700907684934,0.066));
#13942=CARTESIAN_POINT('',(0.0248286356462782,0.0501416418755714,0.066));
#13943=CARTESIAN_POINT('',(0.0277251419343441,0.0510855307697197,0.066));
#13944=CARTESIAN_POINT('',(0.0277251419343441,0.0510855307697197,0.066));
#13945=CARTESIAN_POINT('',(0.0248286356462782,0.0501416418755714,0.066));
#13946=CARTESIAN_POINT('',(0.0285421260863925,0.0514599818394085,0.066));
#13947=CARTESIAN_POINT('',(0.0293593527046309,0.0518345440394344,0.066));
#13948=CARTESIAN_POINT('',(0.0293593527046309,0.0518345440394344,0.066));
#13949=CARTESIAN_POINT('',(0.0285421260863925,0.0514599818394085,0.066));
#13950=CARTESIAN_POINT('',(0.0283159294331301,0.0535456122713711,0.066));
#13951=CARTESIAN_POINT('',(0.0283159294331301,0.0535456122713711,0.068));
#13952=CARTESIAN_POINT('',(0.028813724218446,0.0531410526657154,0.066));
#13953=CARTESIAN_POINT('',(0.028813724218446,0.0531410526657154,0.068));
#13954=CARTESIAN_POINT('',(0.0291615319756129,0.0525706965884031,0.066));
#13955=CARTESIAN_POINT('',(0.0291615319756129,0.0525706965884031,0.068));
#13956=CARTESIAN_POINT('',(0.0293593527046309,0.0518345440394344,0.066));
#13957=CARTESIAN_POINT('',(0.0293593527046309,0.0518345440394344,0.068));
#13958=CARTESIAN_POINT('',(0.0283159294331301,0.0535456122713711,0.066));
#13959=CARTESIAN_POINT('',(0.0283159294331301,0.0535456122713711,0.066));
#13960=CARTESIAN_POINT('',(0.0283159294331301,0.0535456122713711,0.066));
#13961=CARTESIAN_POINT('',(0.0290626216111039,0.0529387728628875,0.066));
#13962=CARTESIAN_POINT('',(0.0293593527046309,0.0518345440394344,0.066));
#13963=CARTESIAN_POINT('',(0.0264625762096251,0.0541524516798547,0.066));
#13964=CARTESIAN_POINT('',(0.0264625762096251,0.0541524516798547,0.068));
#13965=CARTESIAN_POINT('',(0.0272003502399792,0.0541524516798547,0.066));
#13966=CARTESIAN_POINT('',(0.0272003502399792,0.0541524516798547,0.068));
#13967=CARTESIAN_POINT('',(0.0278181346478142,0.0539501718770268,0.066));
#13968=CARTESIAN_POINT('',(0.0278181346478142,0.0539501718770268,0.068));
#13969=CARTESIAN_POINT('',(0.0283159294331301,0.0535456122713711,0.066));
#13970=CARTESIAN_POINT('',(0.0283159294331301,0.0535456122713711,0.068));
#13971=CARTESIAN_POINT('',(0.0264625762096251,0.0541524516798547,0.066));
#13972=CARTESIAN_POINT('',(0.0264625762096251,0.0541524516798547,0.066));
#13973=CARTESIAN_POINT('',(0.0264625762096251,0.0541524516798547,0.066));
#13974=CARTESIAN_POINT('',(0.0275692372551563,0.0541524516798547,0.066));
#13975=CARTESIAN_POINT('',(0.0283159294331301,0.0535456122713711,0.066));
#13976=CARTESIAN_POINT('',(0.0264418967755254,0.0510739454392226,0.066));
#13977=CARTESIAN_POINT('',(0.0250944512906991,0.0538411272538591,0.066));
#13978=CARTESIAN_POINT('',(0.0250944512906991,0.0538411272538591,0.066));
#13979=CARTESIAN_POINT('',(0.0264418967755254,0.0510739454392226,0.066));
#13980=CARTESIAN_POINT('',(0.0240741341289402,0.0529691756388637,0.066));
#13981=CARTESIAN_POINT('',(0.0240741341289402,0.0529691756388637,0.068));
#13982=CARTESIAN_POINT('',(0.024328706706447,0.0533429270981969,0.066));
#13983=CARTESIAN_POINT('',(0.024328706706447,0.0533429270981969,0.068));
#13984=CARTESIAN_POINT('',(0.0246688124270333,0.0536335776365287,0.066));
#13985=CARTESIAN_POINT('',(0.0246688124270333,0.0536335776365287,0.068));
#13986=CARTESIAN_POINT('',(0.0250944512906991,0.0538411272538591,0.066));
#13987=CARTESIAN_POINT('',(0.0250944512906991,0.0538411272538591,0.068));
#13988=CARTESIAN_POINT('',(0.0240741341289402,0.0529691756388637,0.066));
#13989=CARTESIAN_POINT('',(0.0240741341289402,0.0529691756388637,0.066));
#13990=CARTESIAN_POINT('',(0.0240741341289402,0.0529691756388637,0.066));
#13991=CARTESIAN_POINT('',(0.0244559929952004,0.0535298028278635,0.066));
#13992=CARTESIAN_POINT('',(0.0250944512906991,0.0538411272538591,0.066));
#13993=CARTESIAN_POINT('',(0.02369227526268,0.0516788818264366,0.066));
#13994=CARTESIAN_POINT('',(0.02369227526268,0.0516788818264366,0.068));
#13995=CARTESIAN_POINT('',(0.02369227526268,0.0521653262420547,0.066));
#13996=CARTESIAN_POINT('',(0.02369227526268,0.0521653262420547,0.068));
#13997=CARTESIAN_POINT('',(0.0238195615514334,0.0525954241795304,0.066));
#13998=CARTESIAN_POINT('',(0.0238195615514334,0.0525954241795304,0.068));
#13999=CARTESIAN_POINT('',(0.0240741341289402,0.0529691756388637,0.066));
#14000=CARTESIAN_POINT('',(0.0240741341289402,0.0529691756388637,0.068));
#14001=CARTESIAN_POINT('',(0.02369227526268,0.0516788818264366,0.066));
#14002=CARTESIAN_POINT('',(0.02369227526268,0.0516788818264366,0.066));
#14003=CARTESIAN_POINT('',(0.02369227526268,0.0516788818264366,0.066));
#14004=CARTESIAN_POINT('',(0.02369227526268,0.0524085484498638,0.066));
#14005=CARTESIAN_POINT('',(0.0240741341289402,0.0529691756388637,0.066));
#14006=CARTESIAN_POINT('',(0.0241045369049163,0.0502694091321832,0.066));
#14007=CARTESIAN_POINT('',(0.0241045369049163,0.0502694091321832,0.068));
#14008=CARTESIAN_POINT('',(0.0238296958100921,0.0506480250356726,0.066));
#14009=CARTESIAN_POINT('',(0.0238296958100921,0.0506480250356726,0.068));
#14010=CARTESIAN_POINT('',(0.02369227526268,0.0511178492670904,0.066));
#14011=CARTESIAN_POINT('',(0.02369227526268,0.0511178492670904,0.068));
#14012=CARTESIAN_POINT('',(0.02369227526268,0.0516788818264366,0.066));
#14013=CARTESIAN_POINT('',(0.02369227526268,0.0516788818264366,0.068));
#14014=CARTESIAN_POINT('',(0.0241045369049163,0.0502694091321832,0.066));
#14015=CARTESIAN_POINT('',(0.0241045369049163,0.0502694091321832,0.066));
#14016=CARTESIAN_POINT('',(0.0241045369049163,0.0502694091321832,0.066));
#14017=CARTESIAN_POINT('',(0.02369227526268,0.0508373329874173,0.066));
#14018=CARTESIAN_POINT('',(0.02369227526268,0.0516788818264366,0.066));
#14019=CARTESIAN_POINT('',(0.0252343040601893,0.0490934297574264,0.066));
#14020=CARTESIAN_POINT('',(0.0252343040601893,0.0490934297574264,0.068));
#14021=CARTESIAN_POINT('',(0.0247559670514982,0.0494988001037748,0.066));
#14022=CARTESIAN_POINT('',(0.0247559670514982,0.0494988001037748,0.068));
#14023=CARTESIAN_POINT('',(0.0243793779997405,0.0498907932286937,0.066));
#14024=CARTESIAN_POINT('',(0.0243793779997405,0.0498907932286937,0.068));
#14025=CARTESIAN_POINT('',(0.0241045369049163,0.0502694091321832,0.066));
#14026=CARTESIAN_POINT('',(0.0241045369049163,0.0502694091321832,0.068));
#14027=CARTESIAN_POINT('',(0.0252343040601893,0.0490934297574264,0.066));
#14028=CARTESIAN_POINT('',(0.0252343040601893,0.0490934297574264,0.066));
#14029=CARTESIAN_POINT('',(0.0252343040601893,0.0490934297574264,0.066));
#14030=CARTESIAN_POINT('',(0.0245167985471526,0.049701485276949,0.066));
#14031=CARTESIAN_POINT('',(0.0241045369049163,0.0502694091321832,0.066));
#14032=CARTESIAN_POINT('',(0.0255614379296926,0.0488210208846802,0.066));
#14033=CARTESIAN_POINT('',(0.0258885717991958,0.0485486120119341,0.066));
#14034=CARTESIAN_POINT('',(0.0258885717991958,0.0485486120119341,0.066));
#14035=CARTESIAN_POINT('',(0.0255614379296926,0.0488210208846802,0.066));
#14036=CARTESIAN_POINT('',(0.0268614606304319,0.0476766603969386,0.066));
#14037=CARTESIAN_POINT('',(0.0268614606304319,0.0476766603969386,0.068));
#14038=CARTESIAN_POINT('',(0.0266798547152679,0.0478736703852639,0.066));
#14039=CARTESIAN_POINT('',(0.0266798547152679,0.0478736703852639,0.068));
#14040=CARTESIAN_POINT('',(0.0263555584381891,0.0481643209235958,0.066));
#14041=CARTESIAN_POINT('',(0.0263555584381891,0.0481643209235958,0.068));
#14042=CARTESIAN_POINT('',(0.0258885717991958,0.0485486120119341,0.066));
#14043=CARTESIAN_POINT('',(0.0258885717991958,0.0485486120119341,0.068));
#14044=CARTESIAN_POINT('',(0.0268614606304319,0.0476766603969386,0.066));
#14045=CARTESIAN_POINT('',(0.0268614606304319,0.0476766603969386,0.066));
#14046=CARTESIAN_POINT('',(0.0268614606304319,0.0476766603969386,0.066));
#14047=CARTESIAN_POINT('',(0.0265890517576858,0.0479721753794266,0.066));
#14048=CARTESIAN_POINT('',(0.0258885717991958,0.0485486120119341,0.066));
#14049=CARTESIAN_POINT('',(0.0271338695031781,0.0470236087689713,0.066));
#14050=CARTESIAN_POINT('',(0.0271338695031781,0.0470236087689713,0.068));
#14051=CARTESIAN_POINT('',(0.0271338695031781,0.0472619665326242,0.066));
#14052=CARTESIAN_POINT('',(0.0271338695031781,0.0472619665326242,0.068));
#14053=CARTESIAN_POINT('',(0.0270430665455961,0.0474796504086133,0.066));
#14054=CARTESIAN_POINT('',(0.0270430665455961,0.0474796504086133,0.068));
#14055=CARTESIAN_POINT('',(0.0268614606304319,0.0476766603969386,0.066));
#14056=CARTESIAN_POINT('',(0.0268614606304319,0.0476766603969386,0.068));
#14057=CARTESIAN_POINT('',(0.0271338695031781,0.0470236087689713,0.066));
#14058=CARTESIAN_POINT('',(0.0271338695031781,0.0470236087689713,0.066));
#14059=CARTESIAN_POINT('',(0.0271338695031781,0.0470236087689713,0.066));
#14060=CARTESIAN_POINT('',(0.0271338695031781,0.0473811454144506,0.066));
#14061=CARTESIAN_POINT('',(0.0268614606304319,0.0476766603969386,0.066));
#14062=CARTESIAN_POINT('',(0.0269855039564145,0.0466806654559606,0.066));
#14063=CARTESIAN_POINT('',(0.0269855039564145,0.0466806654559606,0.068));
#14064=CARTESIAN_POINT('',(0.0270844143209236,0.0467633610066157,0.066));
#14065=CARTESIAN_POINT('',(0.0270844143209236,0.0467633610066157,0.068));
#14066=CARTESIAN_POINT('',(0.0271338695031781,0.0468776754442859,0.066));
#14067=CARTESIAN_POINT('',(0.0271338695031781,0.0468776754442859,0.068));
#14068=CARTESIAN_POINT('',(0.0271338695031781,0.0470236087689713,0.066));
#14069=CARTESIAN_POINT('',(0.0271338695031781,0.0470236087689713,0.068));
#14070=CARTESIAN_POINT('',(0.0269855039564145,0.0466806654559606,0.066));
#14071=CARTESIAN_POINT('',(0.0269855039564145,0.0466806654559606,0.066));
#14072=CARTESIAN_POINT('',(0.0269855039564145,0.0466806654559606,0.066));
#14073=CARTESIAN_POINT('',(0.0271338695031781,0.0468047087819432,0.066));
#14074=CARTESIAN_POINT('',(0.0271338695031781,0.0470236087689713,0.066));
#14075=CARTESIAN_POINT('',(0.026540407316124,0.0465566221299779,0.066));
#14076=CARTESIAN_POINT('',(0.026540407316124,0.0465566221299779,0.068));
#14077=CARTESIAN_POINT('',(0.026738228045142,0.0465566221299779,0.066));
#14078=CARTESIAN_POINT('',(0.026738228045142,0.0465566221299779,0.068));
#14079=CARTESIAN_POINT('',(0.0268865935919055,0.0465979699053055,0.066));
#14080=CARTESIAN_POINT('',(0.0268865935919055,0.0465979699053055,0.068));
#14081=CARTESIAN_POINT('',(0.0269855039564145,0.0466806654559606,0.066));
#14082=CARTESIAN_POINT('',(0.0269855039564145,0.0466806654559606,0.068));
#14083=CARTESIAN_POINT('',(0.026540407316124,0.0465566221299779,0.066));
#14084=CARTESIAN_POINT('',(0.026540407316124,0.0465566221299779,0.066));
#14085=CARTESIAN_POINT('',(0.026540407316124,0.0465566221299779,0.066));
#14086=CARTESIAN_POINT('',(0.026837138409651,0.0465566221299779,0.066));
#14087=CARTESIAN_POINT('',(0.0269855039564145,0.0466806654559606,0.066));
#14088=CARTESIAN_POINT('',(0.0258022279154235,0.046906862109223,0.066));
#14089=CARTESIAN_POINT('',(0.0258022279154235,0.046906862109223,0.068));
#14090=CARTESIAN_POINT('',(0.0260251816059151,0.0466733687897263,0.066));
#14091=CARTESIAN_POINT('',(0.0260251816059151,0.0466733687897263,0.068));
#14092=CARTESIAN_POINT('',(0.0262712414061486,0.0465566221299779,0.066));
#14093=CARTESIAN_POINT('',(0.0262712414061486,0.0465566221299779,0.068));
#14094=CARTESIAN_POINT('',(0.026540407316124,0.0465566221299779,0.066));
#14095=CARTESIAN_POINT('',(0.026540407316124,0.0465566221299779,0.068));
#14096=CARTESIAN_POINT('',(0.0258022279154235,0.046906862109223,0.066));
#14097=CARTESIAN_POINT('',(0.0258022279154235,0.046906862109223,0.066));
#14098=CARTESIAN_POINT('',(0.0258022279154235,0.046906862109223,0.066));
#14099=CARTESIAN_POINT('',(0.0261366584511609,0.0465566221299779,0.066));
#14100=CARTESIAN_POINT('',(0.026540407316124,0.0465566221299779,0.066));
#14101=CARTESIAN_POINT('',(0.0252172785056427,0.0478651576079907,0.066));
#14102=CARTESIAN_POINT('',(0.0252172785056427,0.0478651576079907,0.068));
#14103=CARTESIAN_POINT('',(0.0253842910883383,0.0474597872616422,0.066));
#14104=CARTESIAN_POINT('',(0.0253842910883383,0.0474597872616422,0.068));
#14105=CARTESIAN_POINT('',(0.0255792742249319,0.0471403554287197,0.066));
#14106=CARTESIAN_POINT('',(0.0255792742249319,0.0471403554287197,0.068));
#14107=CARTESIAN_POINT('',(0.0258022279154235,0.046906862109223,0.066));
#14108=CARTESIAN_POINT('',(0.0258022279154235,0.046906862109223,0.068));
#14109=CARTESIAN_POINT('',(0.0252172785056427,0.0478651576079907,0.066));
#14110=CARTESIAN_POINT('',(0.0252172785056427,0.0478651576079907,0.066));
#14111=CARTESIAN_POINT('',(0.0252172785056427,0.0478651576079907,0.066));
#14112=CARTESIAN_POINT('',(0.0254677973796861,0.047257102088468,0.066));
#14113=CARTESIAN_POINT('',(0.0258022279154235,0.046906862109223,0.066));
#14114=CARTESIAN_POINT('',(0.0243538396679206,0.0474832987417304,0.066));
#14115=CARTESIAN_POINT('',(0.0234904008301984,0.0471014398754702,0.066));
#14116=CARTESIAN_POINT('',(0.0234904008301984,0.0471014398754702,0.066));
#14117=CARTESIAN_POINT('',(0.0243538396679206,0.0474832987417304,0.066));
#14118=CARTESIAN_POINT('',(0.0247746140874303,0.0453733460889869,0.066));
#14119=CARTESIAN_POINT('',(0.0247746140874303,0.0453733460889869,0.068));
#14120=CARTESIAN_POINT('',(0.0242508755999481,0.04572601829031,0.066));
#14121=CARTESIAN_POINT('',(0.0242508755999481,0.04572601829031,0.068));
#14122=CARTESIAN_POINT('',(0.0238228045142042,0.0463020495524711,0.066));
#14123=CARTESIAN_POINT('',(0.0238228045142042,0.0463020495524711,0.068));
#14124=CARTESIAN_POINT('',(0.0234904008301984,0.0471014398754702,0.066));
#14125=CARTESIAN_POINT('',(0.0234904008301984,0.0471014398754702,0.068));
#14126=CARTESIAN_POINT('',(0.0247746140874303,0.0453733460889869,0.066));
#14127=CARTESIAN_POINT('',(0.023989006356207,0.0459023543909716,0.066));
#14128=CARTESIAN_POINT('',(0.0234904008301984,0.0471014398754702,0.066));
#14129=CARTESIAN_POINT('',(-2.77555756156289E-17,0.045,0.066));
#14130=CARTESIAN_POINT('',(-0.0365040050590219,0.0513043196264107,0.066));
#14131=CARTESIAN_POINT('',(-0.036612238941497,0.045,0.066));
#14132=CARTESIAN_POINT('',(-0.036612238941497,0.045,0.066));
#14133=CARTESIAN_POINT('',(-0.0365040050590219,0.0513043196264107,0.066));
#14134=CARTESIAN_POINT('',(-0.036395771176547,0.0576086392528214,0.066));
#14135=CARTESIAN_POINT('',(-0.036395771176547,0.0576086392528214,0.066));
#14136=CARTESIAN_POINT('',(-0.0356089473342847,0.045,0.066));
#14137=CARTESIAN_POINT('',(-0.0346056557270723,0.045,0.066));
#14138=CARTESIAN_POINT('',(-0.0346056557270723,0.045,0.066));
#14139=CARTESIAN_POINT('',(-0.0356089473342847,0.045,0.066));
#14140=CARTESIAN_POINT('',(-0.0345120151770658,0.0492259858606823,0.066));
#14141=CARTESIAN_POINT('',(-0.0344183746270593,0.0534519717213646,0.066));
#14142=CARTESIAN_POINT('',(-0.0344183746270593,0.0534519717213646,0.066));
#14143=CARTESIAN_POINT('',(-0.0345120151770658,0.0492259858606823,0.066));
#14144=CARTESIAN_POINT('',(-0.0336400635620703,0.0492259858606823,0.066));
#14145=CARTESIAN_POINT('',(-0.0328617524970813,0.045,0.066));
#14146=CARTESIAN_POINT('',(-0.0328617524970813,0.045,0.066));
#14147=CARTESIAN_POINT('',(-0.0336400635620703,0.0492259858606823,0.066));
#14148=CARTESIAN_POINT('',(-0.0319825042158517,0.045,0.066));
#14149=CARTESIAN_POINT('',(-0.0311032559346219,0.045,0.066));
#14150=CARTESIAN_POINT('',(-0.0311032559346219,0.045,0.066));
#14151=CARTESIAN_POINT('',(-0.0319825042158517,0.045,0.066));
#14152=CARTESIAN_POINT('',(-0.0303711570891167,0.0491955830847062,0.066));
#14153=CARTESIAN_POINT('',(-0.0296390582436114,0.0533911661694124,0.066));
#14154=CARTESIAN_POINT('',(-0.0296390582436114,0.0533911661694124,0.066));
#14155=CARTESIAN_POINT('',(-0.0303711570891167,0.0491955830847062,0.066));
#14156=CARTESIAN_POINT('',(-0.029522311583863,0.0491955830847062,0.066));
#14157=CARTESIAN_POINT('',(-0.0294055649241147,0.045,0.066));
#14158=CARTESIAN_POINT('',(-0.0294055649241147,0.045,0.066));
#14159=CARTESIAN_POINT('',(-0.029522311583863,0.0491955830847062,0.066));
#14160=CARTESIAN_POINT('',(-0.0284168666493709,0.045,0.066));
#14161=CARTESIAN_POINT('',(-0.0274281683746271,0.045,0.066));
#14162=CARTESIAN_POINT('',(-0.0274281683746271,0.045,0.066));
#14163=CARTESIAN_POINT('',(-0.0284168666493709,0.045,0.066));
#14164=CARTESIAN_POINT('',(-0.0275376183681411,0.0513043196264107,0.066));
#14165=CARTESIAN_POINT('',(-0.0276470683616553,0.0576086392528214,0.066));
#14166=CARTESIAN_POINT('',(-0.0276470683616553,0.0576086392528214,0.066));
#14167=CARTESIAN_POINT('',(-0.0275376183681411,0.0513043196264107,0.066));
#14168=CARTESIAN_POINT('',(-0.0290869438318848,0.0576086392528214,0.066));
#14169=CARTESIAN_POINT('',(-0.0305268193021145,0.0576086392528214,0.066));
#14170=CARTESIAN_POINT('',(-0.0305268193021145,0.0576086392528214,0.066));
#14171=CARTESIAN_POINT('',(-0.0290869438318848,0.0576086392528214,0.066));
#14172=CARTESIAN_POINT('',(-0.0312735114800883,0.0539432805811389,0.066));
#14173=CARTESIAN_POINT('',(-0.032020203658062,0.0502779219094565,0.066));
#14174=CARTESIAN_POINT('',(-0.032020203658062,0.0502779219094565,0.066));
#14175=CARTESIAN_POINT('',(-0.0312735114800883,0.0539432805811389,0.066));
#14176=CARTESIAN_POINT('',(-0.0327133869503178,0.0539432805811389,0.066));
#14177=CARTESIAN_POINT('',(-0.0334065702425737,0.0576086392528214,0.066));
#14178=CARTESIAN_POINT('',(-0.0334065702425737,0.0576086392528214,0.066));
#14179=CARTESIAN_POINT('',(-0.0327133869503178,0.0539432805811389,0.066));
#14180=CARTESIAN_POINT('',(-0.0349011707095603,0.0576086392528214,0.066));
#14181=CARTESIAN_POINT('',(-0.0349011707095603,0.0576086392528214,0.066));
#14182=CARTESIAN_POINT('',(-2.77555756156289E-17,0.045,0.066));
#14183=CARTESIAN_POINT('',(-2.77555756156289E-17,0.045,0.068));
#14184=CARTESIAN_POINT('',(-2.77555756156289E-17,0.045,0.068));
#14185=CARTESIAN_POINT('',(-2.77555756156289E-17,0.045,0.068));
#14186=CARTESIAN_POINT('',(-2.77555756156289E-17,0.045,0.068));
#14187=CARTESIAN_POINT('',(-2.77555756156289E-17,-0.048984582528812,0.0476));
#14188=CARTESIAN_POINT('',(-2.77555756156289E-17,-0.048984582528812,0.0476));
#14189=CARTESIAN_POINT('',(-2.77555756156289E-17,-0.048984582528812,0.0476));
#14190=CARTESIAN_POINT('',(-0.035,-0.0694999999999984,0.042));
#14191=CARTESIAN_POINT('',(0.0335,-0.0714999999999984,0.042));
#14192=CARTESIAN_POINT('',(0.0285,-0.0714999999999984,0.042));
#14193=CARTESIAN_POINT('',(0.0335,-0.0714999999999984,0.042));
#14194=CARTESIAN_POINT('',(0.031875,-0.0714999999999984,0.042));
#14195=CARTESIAN_POINT('',(-2.77555756156289E-17,-0.048984582528812,0.0476));
#14196=CARTESIAN_POINT('',(0.0335,-0.0714999999999984,0.0476));
#14197=CARTESIAN_POINT('',(0.035125,-0.0714999999999984,0.0476));
#14198=CARTESIAN_POINT('',(0.0335,-0.0714999999999984,0.285628626843559));
#14199=CARTESIAN_POINT('',(-0.035,-0.0694999999999984,0.042));
#14200=CARTESIAN_POINT('',(0.0335,-0.0414999999999984,0.042));
#14201=CARTESIAN_POINT('',(0.0285,-0.0414999999999984,0.042));
#14202=CARTESIAN_POINT('',(0.0335,-0.0414999999999984,0.042));
#14203=CARTESIAN_POINT('',(0.031875,-0.0414999999999984,0.042));
#14204=CARTESIAN_POINT('',(-2.77555756156289E-17,-0.048984582528812,0.0476));
#14205=CARTESIAN_POINT('',(0.0335,-0.0414999999999984,0.0476));
#14206=CARTESIAN_POINT('',(0.035125,-0.0414999999999984,0.0476));
#14207=CARTESIAN_POINT('',(0.0335,-0.0414999999999984,0.285628626843559));
#14208=CARTESIAN_POINT('',(0.0335,-0.0714999999999984,0.042));
#14209=CARTESIAN_POINT('',(0.0335,-0.0414999999999984,0.042));
#14210=CARTESIAN_POINT('',(-0.0595,-0.104499999999998,0.004002));
#14211=CARTESIAN_POINT('',(-0.0695,-0.104499999999998,0.004002));
#14212=CARTESIAN_POINT('',(-0.0595,-0.114499999999998,0.004002));
#14213=CARTESIAN_POINT('',(-0.0235,-0.114499999999998,0.004002));
#14214=CARTESIAN_POINT('',(0.0095,-0.114499999999998,0.004002));
#14215=CARTESIAN_POINT('',(0.0095,-0.0544999999999984,0.004002));
#14216=CARTESIAN_POINT('',(0.0694512028416812,-0.0569193548387096,0.004002));
#14217=CARTESIAN_POINT('',(-0.0695,-0.102999999999998,0.004002));
#14218=CARTESIAN_POINT('',(-0.0695,-0.057,0.));
#14219=CARTESIAN_POINT('',(0.0695,-0.0497499999999992,0.004002));
#14220=CARTESIAN_POINT('',(0.0695,-0.033,0.));
#14221=CARTESIAN_POINT('',(0.0695,0.033,0.004002));
#14222=CARTESIAN_POINT('',(-2.77555756156289E-17,0.045,0.004002));
#14223=CARTESIAN_POINT('',(-0.0685141830098707,0.0566643356643357,0.004002));
#14224=CARTESIAN_POINT('',(0.0685141830098706,0.0566643356643357,0.004002));
#14225=CARTESIAN_POINT('',(-0.0695,-0.102999999999998,0.004002));
#14226=CARTESIAN_POINT('',(-0.0695,0.033,0.));
#14227=CARTESIAN_POINT('',(-0.0695,-0.033,0.004002));
#14228=CARTESIAN_POINT('',(-0.0565,-0.101499999999998,0.006));
#14229=CARTESIAN_POINT('',(-0.0685,-0.101499999999998,0.006));
#14230=CARTESIAN_POINT('',(-0.0565,-0.113499999999998,0.006));
#14231=CARTESIAN_POINT('',(-2.73381985387021E-17,-0.113499999999998,0.006));
#14232=CARTESIAN_POINT('',(0.0065,-0.113499999999998,0.006));
#14233=CARTESIAN_POINT('',(-0.0685,0.,0.006));
#14234=CARTESIAN_POINT('',(-0.0685,0.045,0.006));
#14235=CARTESIAN_POINT('',(0.0065,-0.0514999999999984,0.006));
#14236=CARTESIAN_POINT('',(0.0685,-0.0514999999999984,0.006));
#14237=CARTESIAN_POINT('',(-2.77555756156289E-17,0.045,0.006));
#14238=CARTESIAN_POINT('',(0.0685000000000024,0.045,0.006));
#14239=CARTESIAN_POINT('',(0.0685,6.93889390390723E-18,0.006));
#14240=CARTESIAN_POINT('',(-0.0715,0.033,0.004002));
#14241=CARTESIAN_POINT('',(-0.0704858141756223,0.057,0.004002));
#14242=CARTESIAN_POINT('',(-0.0715,-0.033,0.004));
#14243=CARTESIAN_POINT('',(-0.0715,-0.057,0.004002));
#14244=CARTESIAN_POINT('',(0.0714495762697372,-0.057,0.004002));
#14245=CARTESIAN_POINT('',(0.0715,-0.033,0.004002));
#14246=CARTESIAN_POINT('',(0.0715,0.033,0.004));
#14247=CARTESIAN_POINT('',(0.0704858141756222,0.057,0.004002));
#14248=MECHANICAL_DESIGN_GEOMETRIC_PRESENTATION_REPRESENTATION('',(#7879),
#14249);
#14249=(
GEOMETRIC_REPRESENTATION_CONTEXT(3)
GLOBAL_UNCERTAINTY_ASSIGNED_CONTEXT((#14250))
GLOBAL_UNIT_ASSIGNED_CONTEXT((#14253,#14252,#14251))
REPRESENTATION_CONTEXT('Telescope_V1_Mount','TOP_LEVEL_ASSEMBLY_PART')
);
#14250=UNCERTAINTY_MEASURE_WITH_UNIT(LENGTH_MEASURE(2.E-5),#14253,
'DISTANCE_ACCURACY_VALUE','Maximum Tolerance applied to model');
#14251=(
NAMED_UNIT(*)
SI_UNIT($,.STERADIAN.)
SOLID_ANGLE_UNIT()
);
#14252=(
NAMED_UNIT(*)
PLANE_ANGLE_UNIT()
SI_UNIT($,.RADIAN.)
);
#14253=(
LENGTH_UNIT()
NAMED_UNIT(*)
SI_UNIT($,.METRE.)
);
#14254=PRODUCT_DEFINITION_SHAPE('','',#14255);
#14255=PRODUCT_DEFINITION('','',#14257,#14256);
#14256=PRODUCT_DEFINITION_CONTEXT('',#14263,'design');
#14257=PRODUCT_DEFINITION_FORMATION_WITH_SPECIFIED_SOURCE('','',#14259,
 .NOT_KNOWN.);
#14258=PRODUCT_RELATED_PRODUCT_CATEGORY('','',(#14259));
#14259=PRODUCT('Telescope_V1_Mount','Telescope_V1_Mount',
'Telescope_V1_Mount',(#14261));
#14260=PRODUCT_CATEGORY('','');
#14261=PRODUCT_CONTEXT('',#14263,'mechanical');
#14262=APPLICATION_PROTOCOL_DEFINITION('international standard',
'ap242_managed_model_based_3d_engineering',2020,#14263);
#14263=APPLICATION_CONTEXT('managed model based 3d engineering');
ENDSEC;
END-ISO-10303-21;
